transaction_id,transaction_date,customer_id,product_id,store_id,employee_id,quantity,discount_percent,payment_method,order_status
TXN004060,2025-08-30,CUST0007,PROD0060,ST001,EMP011,5,30,Cash,Completed
TXN000446,2025-12-15,CUST0062,PROD0018,ST002,EMP002,7,6,Bank Transfer,Returned
TXN002820,2025-03-08,CUST0037,PROD0059,ST001,EMP001,1,12,Card,Completed
TXN000527,2025-01-29,CUST0087,PROD0054,ST004,EMP014,2,30,Cash,Completed
TXN001537,2025-06-03,CUST0069,PROD0026,ST004,EMP019,7,12,Cash,Returned
TXN000624,2025-09-05,CUST0036,PROD0021,ST001,EMP016,4,22,Cash,Completed
TXN003977,2025-04-17,CUST0051,PROD0028,ST001,EMP001,5,22,Cash,cOMplEtED
TXN002628,2025-07-17,CUST0062,PROD0029,ST004,EMP019,2,6,eSewa,Completed
TXN001555,2025-03-07,CUST0100,PROD0033,ST002,EMP017,4,20,Khalti,Completed
TXN001135,2025-01-12,CUST0015,PROD0006,ST005,EMP005,5,26,Cash,Returned
TXN001718,2025-12-24,CUST0039,PROD0050,ST004,EMP019,5,27,eSewa,Cancelled
TXN003019,2025-12-07,CUST0015,PROD0017,ST002,EMP017,5,6,Khalti,Completed
TXN002429,2025-09-14,CUST0072,PROD0023,ST002,EMP002,6,13,eSewa,Completed
TXN002381,2025-02-22,CUST0004,PROD0025,ST005,EMP005,4,6,Cash,Completed
TXN002136,2025-03-12,CUST0016,PROD0043,ST003,EMP018,7,20,Khalti,Cancelled
TXN002392,2025-02-23,CUST0051,PROD0009,ST005,EMP005,8,12,Cash,Completed
TXN004121,2025-09-01,CUST0030,PROD0056,ST003,EMP013,4,,Khalti,Completed
TXN002739,2025-07-27,CUST0017,PROD0041,ST005,EMP005,1,19,eSewa,Returned
TXN001814,2025-07-01,CUST0092,PROD0022,ST002,EMP017,4,8,Cash,Completed
TXN004676,2025-06-08,CUST0024,PROD0016,ST002,EMP007,1,11,eSewa,Completed
TXN004671,2025-08-31,CUST0024,PROD0036,ST002,EMP002,8,24,eSewa,Cancelled
 TXN000106,2025-05-06,CUST0094,PROD0058,ST002,EMP007,-3,7,Bank Transfer,Completed
TXN001355,2025-07-13,CUST0038,PROD0012,ST003,EMP008,5,21,KHALTI,Completed
TXN003074,2025-01-13,CUST0040,PROD0022,ST005,EMP020,3,22,eSewa,Completed
TXN002652,2025-12-11,CUST0017,PROD0050,ST003,EMP003,7,10,Bank Transfer,Completed
TXN002219,2025-04-29,CUST0035,PROD0035,ST002,EMP002,2,29,eSewa,Completed
TXN002768,2025-04-11,CUST0057,PROD0015,ST002,EMP002,1,2,eSewa,Completed
TXN003229,2025-01-29,CUST0046,PROD0030,ST004,EMP004,3,12,Cash,Cancelled
TXN004973,2025-05-27,CUST0041,PROD0005,ST001,EMP016,4,12,Card,Returned
TXN004382,2025-02-19,CUST0003,PROD0053,ST004,EMP009,5,19,Cash,Completed
TXN001022,2025-09-02,CUST0077,PROD0043,ST005,EMP005,5,2,Card,Completed
TXN001956,2025-05-03,CUST0043,PROD0049,ST004,EMP014,8,7,Cash,Cancelled
TXN000798,2025-03-19,CUST0023,PROD0060,ST001,EMP006,3,25,Card,Completed
TXN004912,2025-03-05,CUST0096,PROD0039,ST003,EMP003,2,10,Card,Returned
TXN003069,2025-12-02,CUST0008,PROD0056,ST005,EMP020,4,22,eSewa,Completed
TXN004790,00/00/2025,CUST0024,PROD0041,ST005,EMP020,5,21,Bank Transfer,Completed
TXN002539 ,2025-07-21,CUST0036,PROD0021,ST004,EMP019,5,24,eSewa,Completed
TXN004726,2025-01-16,CUST0090,PROD0054,ST004,EMP014,3,2,Khalti,Returned
TXN002118,2025-03-26,CUST0028,PROD0059,ST001,EMP001,4,29,Card,Returned
TXN002566,2025-01-18,CUST0081,PROD0022,ST001,EMP011,2,23,Khalti,Cancelled
TXN001448,2025-09-04,CUST0010,PROD0045,ST005,EMP015,6,30,Khalti,Completed
TXN001095,00/00/2025,CUST0020,PROD0048,ST004,EMP014,3,30,Cash,Returned
TXN000391,2025-09-22,CUST0011,PROD0008,ST004,EMP019,3,25,eSewa,Completed
TXN003474,2025-11-20,CUST0094,PROD0019,ST002,EMP012,1,6,Khalti,Returned
TXN004662,2025-04-20,CUST0096,PROD0038,ST005,EMP010,-7,12,Cash,Completed
TXN002710,2025-07-16,CUST0055,PROD0025,ST003,EMP018,5,29,Card,Completed
TXN003835,2025-03-06,CUST0093,PROD0032,ST002,EMP017,6,24,Cash,Completed
 TXN004890  ,2025-09-28,CUST0046,PROD0021,ST005,EMP015,4,11,eSewa,Completed
TXN002946,2025-05-26,CUST0041,PROD0011,ST004,EMP019,8,23,Khalti,Completed
TXN004863,2025-08-01,CUST0060,PROD0013,ST001,EMP006,4,8,Bank Transfer,Completed
  TXN001749 ,2025-02-21,CUST0057,PROD0015,ST004,EMP014,3,25,Card,Returned
TXN002195,2025-07-18,CUST0017,PROD0039,ST003,EMP013,2,4,Bank Transfer,Completed
TXN003316,2025-11-12,CUST0048,PROD0022,ST001,EMP001,3,30,Khalti,Completed
TXN003914,2025-08-12,CUST0085,PROD0019,ST001,EMP011,3,,Card,Returned
TXN003723,2025-11-09,CUST0089,PROD0056,ST003,EMP003,5,14,Cash,Returned
TXN001836,2025-03-29,CUST0046,PROD0060,ST001,EMP016,7,12,Card,Completed
  TXN003569,2025-10-19,CUST0030,PROD0007,ST005,EMP015,3,5,Card,Cancelled
TXN002967,2025-06-16,CUST0092,PROD0029,ST004,EMP019,5,11,Cash,Completed
TXN003741,2025-09-23,CUST0011,PROD0048,ST005,EMP005,1,17,eSewa,Completed
TXN004044,2025-10-26,CUST0005,PROD0002,ST004,EMP004,3,24,Cash,Completed
TXN004309,2025-11-17,CUST0071,PROD0019,ST004,EMP014,3,20,Cash,Completed
TXN004617,2025-03-01,CUST0018,PROD0012,ST001,EMP011,1,13,Khalti,Completed
TXN002483,2025-09-17,CUST0041,PROD0007,ST001,EMP006,7,13,Khalti,Completed
TXN003734,2025-08-03,CUST0064,PROD0032,ST001,EMP006,1,16,Bank Transfer,Cancelled
TXN003004,2025-10-06,CUST0082,PROD0011,ST003,EMP013,1,30,cash,Completed
TXN001327,2025-11-09,CUST0015,PROD0021,ST005,EMP005,7,29,Khalti,Completed
TXN000300,2025-04-06,CUST0058,PROD0025,ST003,EMP018,7,27,Card,Cancelled
TXN002257,2025-03-22,CUST0048,PROD0055,ST004,EMP004,8,24,Bank Transfer,Completed
TXN000522,2025-12-26,CUST0096,PROD0043,ST005,EMP005,1,22,Cash,Completed
TXN001387,2025-05-20,CUST0037,PROD0038,ST004,EMP009,7,1,Cash  ,Completed
TXN002592,2025-01-28,CUST0036,PROD0050,ST005,EMP005,6,27,eSewa,Cancelled
TXN004366,2025-09-18,CUST0047,PROD0002,ST001,EMP006,3,0,Card,Completed
TXN003907,2025-08-14,CUST0095,PROD0025,ST004,EMP014,6,14,Cash,Completed
TXN001149,2025-02-23,CUST0053,PROD0034,ST004,EMP009,4,29,Khalti,Cancelled
TXN000985,2025-08-10,CUST0004,PROD0022,ST002,EMP012,2,12,Card,Completed
TXN003473,2025-06-14,CUST0083,PROD0015,ST002,EMP017,5,24,Bank Transfer,Completed
TXN003310,2025-08-28,CUST0090,PROD0033,ST001,EMP001,5,1,eSewa,Returned
TXN002650,2025-12-01,CUST0072,PROD0049,ST005,EMP015,7,11,Card,Completed
TXN000970,2025-02-10,CUST0020,PROD0046,ST005,EMP015,1,3,Khalti,Completed
TXN003071,2025-01-30,CUST0063,PROD0009,ST003,EMP018,7,11,Khalti,Returned
TXN000059,2025-09-30,CUST0085,PROD0032,ST001,EMP016,7,8,banK TRanSFER,Completed
TXN001519,2025-04-16,CUST0089,PROD0028,ST005,EMP010,4,13,Card,Completed
  TXN001292,2025-12-14,CUST0015,PROD0025,ST005,EMP005,6,28,Khalti,Completed
TXN001203,2025-05-13,CUST0084,PROD0044,ST002,EMP012,8,1,khalti,Completed
TXN002045,2025-04-30,CUST0017,PROD0057,ST003,EMP018,8,14,Cash,Completed
TXN004164,2025-07-15,CUST0065,PROD0050,ST005,EMP020,4,1,Bank Transfer,Completed
TXN001746,2025-03-27,CUST0048,PROD0028,ST001,EMP016,7,24,Khalti,Completed
TXN004303,2025-12-22,CUST0043,PROD0029,ST003,EMP003,2,13,eSewa,Completed
TXN001516,2025-06-09,CUST0092,PROD0020,ST001,EMP001,2,24,Card,Returned
TXN002390,2025-10-26,CUST0084,PROD0052,ST005,EMP010,2,27,eSewa,Completed
TXN002906,2025-11-08,CUST0073,PROD0030,ST002,EMP002,3,20,Khalti,Completed
TXN004445,2025-01-10,CUST0048,PROD0054,ST002,EMP002,2,27,Bank Transfer,Completed
TXN001964,2025-10-24,CUST0015,PROD0055,ST003,EMP018,3,24,eSewa,COMPLEted
TXN002862,2025-11-14,CUST0068,PROD0060,ST005,EMP015,7,0,Cash,Returned
TXN002369,2025-01-29,CUST0072,PROD0043,ST005,EMP015,6,23,eSewa,Completed
TXN002893 ,2025-01-01,CUST0027,PROD0058,ST001,EMP016,5,12,Card,Returned
TXN004553,2025-05-11,CUST0100,PROD0045,ST001,EMP011,4,15,Cash,Cancelled
TXN004768,2025-08-01,CUST0069,PROD0026,ST003,EMP018,7,10,eSewa,Completed
TXN002860,2025-07-15,CUST0077,PROD0025,ST001,EMP006,6,3,eSewa ,Completed
TXN003853,2025-08-28,CUST0040,PROD0009,ST004,EMP009,7,0,Cash,Completed
TXN003560,2025-05-21,CUST0085,PROD0056,ST002,EMP002,7,13,eSewa,Completed
TXN004417,2025-04-14,CUST0060,PROD0020,ST003,EMP008,7,2,eSewa,Completed
TXN004833,2025-06-07,CUST0049,PROD0007,ST004,EMP004,7,0,Bank Transfer,Completed
TXN000817,2025-10-30,CUST0032,PROD0038,ST001,EMP016,7,24,Khalti,Returned
TXN002677,2025-02-17,CUST0068,PROD0057,ST002,EMP017,2,9,Khalti,Completed
TXN003001,2025-09-28,CUST0014,PROD0009,ST002,EMP007,2,9,Card,Cancelled
TXN002635,2025-11-15,CUST0064,PROD0053,ST001,EMP001,5,27,Cash,COMPLETED
 TXN001937,2025-07-06,CUST0095,PROD0028,ST002,EMP002,5,6,eSewa,Completed
TXN000436,2025-09-08,CUST0028,PROD0012,ST005,EMP010,1,27,Cash,Completed
TXN003153,2025-02-15,CUST0079,PROD0021,ST004,EMP009,1,23,Card,Completed
TXN002678,2025-10-05,CUST0092,PROD0050,ST003,EMP013,5,24,eSewa,Completed
TXN004457,2025-01-12,CUST0083,PROD0059,ST005,EMP005,6,23,Bank Transfer,Returned
TXN001825,2025-12-25,CUST0069,PROD0059,ST003,EMP003,7,27,Khalti,Completed
TXN001343,2025-01-27,CUST0095,PROD0008,ST002,EMP017,3,18,Khalti,Cancelled
TXN003139,2025-09-06,CUST0091,PROD0034,ST001,EMP011,7,16,eSewa,Completed
TXN000261,2025-03-12,CUST0088,PROD0052,ST003,EMP018,5,29,Card,Completed
TXN000951,2025-07-15,CUST0015,PROD0039,ST005,EMP010,7,15,Card,Completed
TXN004674,2025-09-01,CUST0082,PROD0004,ST001,EMP016,3,18,Bank Transfer,Completed
TXN004429,2025-01-05,CUST0048,PROD0033,ST003,EMP008,6,24,Khalti,Completed
TXN001680,2025-06-11,CUST0040,PROD0027,ST001,EMP001,1,18,Khalti,Completed
TXN003573,2025-06-28,CUST0014,PROD0059,ST003,EMP018,3,1,Khalti,Cancelled
TXN002888,2025-03-02,CUST0082,PROD0057,ST002,EMP007,1,13,Khalti,Completed
TXN002071,2025-04-03,CUST0045,PROD0052,ST004,EMP009,7,13,Bank Transfer,Returned
TXN003541,2025-05-31,CUST0070,PROD0032,ST003,EMP008,8,9,Cash,Completed
TXN003703,2025-07-19,CUST0009,PROD0029,ST001,EMP001,7,12,Card,Completed
TXN001498,2025-05-12,CUST0018,PROD0048,ST001,EMP006,3,5,Khalti,returned
TXN000037,2025-08-23,CUST0015,PROD0022,ST002,EMP007,5,,eSewa,Completed
TXN003995,2025-04-17,CUST0017,PROD0022,ST001,EMP006,5,28,Card,Completed
TXN001965,2025-12-22,CUST0021,PROD0052,ST005,EMP005,3,12,Card,Cancelled
TXN001993,2025-07-23,CUST0028,PROD0049,ST004,EMP014,5,20,Card,Completed
TXN003858,2025-01-05,CUST0062,PROD0038,ST001,EMP011,7,17,Cash,Completed
TXN002855,2025-05-29,CUST0020,PROD0014,ST004,EMP009,4,15,eSewa,Cancelled
  TXN000701,2025-10-02,CUST0029,PROD0037,ST004,EMP014,4,30,Bank Transfer,Returned
TXN003641,2025-09-01,CUST0034,PROD0021,ST005,EMP010,2,10,Cash,Returned
TXN004693,2025-03-31,CUST0065,PROD0047,ST005,EMP005,7,26,eSewa,Completed
TXN002104,2025-04-14,CUST0091,PROD0024,ST002,EMP017,4,13,Card,Completed
TXN000894,2025-04-27,CUST0098,PROD0059,ST004,EMP004,4,0,Cash,Cancelled
TXN001334,2025-08-25,CUST0015,PROD0054,ST005,EMP010,2,25,Bank Transfer,Completed
TXN003534,2025-02-11,CUST0056,PROD0022,ST003,EMP013,8,6,Cash,Returned
 TXN003505 ,2025-01-16,CUST0072,PROD0054,ST005,EMP020,5,,Card,Completed
TXN002154,2025-04-15,CUST0033,PROD0060,ST002,EMP007,8,7,Card,Cancelled
  TXN004914  ,2025-03-22,CUST0072,PROD0025,ST005,EMP015,7,3,eSewa,Completed
TXN004963,2025-02-06,CUST0016,PROD0017,ST003,EMP013,4,4,Cash,Cancelled
TXN003465,2025-07-05,CUST0020,PROD0015,ST003,EMP013,1,9,Bank Transfer,Cancelled
TXN002929,2025-05-15,CUST0064,PROD0057,ST005,EMP010,2,5,Bank Transfer,Completed
TXN002224,2025-06-08,CUST0010,PROD0014,ST004,EMP014,2,2,Bank Transfer,Completed
TXN000828,2025-05-01,CUST0034,PROD0028,ST002,EMP012,6,22,Card,Completed
TXN000933,2025-03-16,CUST0073,PROD0030,ST004,EMP009,5,30,Khalti,RETURNED
TXN004648,2025-05-26,CUST0080,PROD0040,ST001,EMP001,7,23,Bank Transfer,Returned
TXN000630,2025-02-26,CUST0088,PROD0004,ST004,EMP004,4,18,eSewa,Completed
TXN004012,2025-08-20,CUST0032,PROD0009,ST001,EMP016,6,30,Card,Completed
TXN001882,2025-02-08,CUST0026,PROD0051,ST005,EMP005,5,27,Card,Completed
TXN002777,2025-08-18,CUST0009,PROD0031,ST001,EMP001,2,10,Khalti,Cancelled
TXN003444,2025-03-17,CUST0019,PROD0023,ST005,EMP015,1,26,eSewa,Completed
  TXN000744  ,2025-10-01,CUST0100,PROD0031,ST002,EMP012,6,13,Bank Transfer,Completed
TXN001510,2025-02-14,CUST0045,PROD0004,ST001,EMP016,3,10,Bank Transfer,Cancelled
  TXN000958 ,2025-08-02,CUST0025,PROD0027,ST005,EMP005,3,29,Card,Completed
TXN000516,2025-10-08,CUST0012,PROD0020,ST001,EMP016,8,3,Khalti,Cancelled
TXN001888,2025-10-21,CUST0060,PROD0059,ST005,EMP010,1,15,Khalti,Completed
TXN004481,2025-08-02,CUST0003,PROD0040,ST002,EMP007,8,6,Cash,Completed
TXN000519,2025-08-12,CUST0084,PROD0042,ST003,EMP013,4,2,Cash,Completed
TXN000057,2025-03-28,CUST0022,PROD0047,ST005,EMP015,3,29,Bank Transfer,Cancelled
TXN002482,2025-05-29,CUST0060,PROD0037,ST004,EMP014,3,6,Card,cOmPLeteD
TXN002822,2025-12-05,CUST0080,PROD0023,ST002,EMP002,1,22,eSewa,Completed
TXN003495,2025-03-04,CUST0033,PROD0051,ST002,EMP002,7,10,eSewa,Completed
TXN004689,2025-10-05,CUST0055,PROD0002,ST001,EMP001,2,1,Khalti,Completed
TXN004253,2025-05-13,CUST0065,PROD0010,ST001,EMP011,7,27,Khalti,Completed
TXN003524,2025-08-14,CUST0089,PROD0058,ST002,EMP007,4,14,Cash,Cancelled
TXN002262,2025-08-20,CUST0039,PROD0029,ST001,EMP011,8,18,Card,Completed
TXN001134,2025-10-07,CUST0013,PROD0055,ST004,EMP009,2,24,Bank Transfer,Returned
TXN001071,2025-08-18,CUST0002,PROD0050,ST002,EMP012,2,4,Cash,Returned
TXN000453,2025-05-21,CUST0030,PROD0057,ST004,EMP019,4,22,Bank Transfer,Returned
TXN002214,2025-01-24,CUST0063,PROD0058,ST005,EMP005,4,5,Card,Returned
TXN003697,2025-10-24,CUST0073,PROD0027,ST001,EMP011,1,18,Khalti,Completed
TXN004257,2025-12-27,CUST0025,PROD0049,ST001,EMP016,6,30,Card,Completed
TXN003073,2025-09-03,CUST0035,PROD0056,ST005,EMP005,4,15,eSewa,Completed
TXN001102,2025-06-07,CUST0070,PROD0014,ST004,EMP019,5,20,Khalti,Cancelled
TXN000172,2025-01-07,CUST0037,PROD0057,ST003,EMP018,2,21,Cash,Completed
 TXN001141  ,2025-08-04,CUST0082,PROD0003,ST005,EMP010,5,17,Card,Cancelled
TXN000330,2025-08-21,CUST0019,PROD0014,ST004,EMP014,3,23,Card,Cancelled
  TXN004858  ,2025-01-29,CUST0018,PROD0054,ST003,EMP003,4,1,eSewa,Returned
TXN004249,2025-04-25,CUST0053,PROD0055,ST002,EMP012,4,28,Cash,Completed
TXN002053,2025-04-08,CUST0019,PROD0030,ST003,EMP003,2,8,Card,Returned
TXN001762,2025-05-06,CUST0084,PROD0045,ST003,EMP003,7,16,Bank Transfer,Cancelled
TXN003330,2025-01-11,CUST0044,PROD0014,ST002,EMP012,2,29,eSewa,Completed
TXN004076,2025-04-29,CUST0033,PROD0019,ST002,EMP017,4,27,Card,Cancelled
TXN002968,2025-12-03,CUST0058,PROD0055,ST003,EMP013,2,14,Bank Transfer,Completed
TXN002601,2025-12-15,CUST0057,PROD0025,ST005,EMP010,3,27,eSewa,Returned
TXN002150,2025-09-21,CUST0030,PROD0022,ST003,EMP013,6,14,Khalti,Cancelled
TXN001353,2025-10-27,CUST0050,PROD0053,ST001,EMP011,8,25,Cash,Completed
TXN003772,2025-04-26,CUST0083,PROD0044,ST004,EMP019,2,11,eSewa,Cancelled
TXN004075,2025-04-18,CUST0007,PROD0049,ST005,EMP005,1,17,Bank Transfer,Completed
TXN002799,2025-11-22,CUST0037,PROD0005,ST001,EMP006,2,8,Cash,Cancelled
TXN003700,2025-06-08,CUST0067,PROD0032,ST005,EMP020,2,18,Khalti,Returned
TXN001180,2025-09-25,CUST0099,PROD0040,ST004,EMP009,1,6,Khalti,Completed
TXN001421,2025-10-16,CUST0018,PROD0015,ST004,EMP004,8,8,Card,Completed
TXN001301,2025-02-23,CUST0052,PROD0020,ST001,EMP016,2,17,Cash,Completed
TXN000827,2025-08-01,CUST0079,PROD0031,ST001,EMP001,4,18,Khalti,Cancelled
 TXN003111,2025-09-10,CUST0006,PROD0004,ST004,EMP019,5,28,Khalti,Cancelled
TXN001220,2025-09-18,CUST0062,PROD0058,ST004,EMP019,5,27,Cash,Cancelled
TXN002546,2025-01-23,CUST0075,PROD0058,ST003,EMP018,4,12,eSewa,Completed
TXN003198,2025-11-03,CUST0076,PROD0010,ST001,EMP006,8,6,Bank Transfer,Cancelled
TXN003915,2025-08-13,CUST0093,PROD0060,ST004,EMP004,1,22,Card,Completed
TXN001663,2025-06-04,CUST0018,PROD0054,ST005,EMP020,2,24,Card,Completed
TXN000574,2025-07-31,CUST0064,PROD0028,ST001,EMP011,6,29,Card,Completed
TXN003342,2025-12-18,CUST0005,PROD0042,ST002,EMP007,3,11,Card,Completed
TXN002132,2025-04-05,CUST0090,PROD0049,ST005,EMP010,4,13,Card,Returned
TXN004221,2025-04-11,CUST0092,PROD0020,ST002,EMP017,3,1,eSewa,Completed
TXN004340,2025-12-13,CUST0089,PROD0053,ST005,EMP005,6,,Card,Completed
TXN001743,2025-12-13,CUST0029,PROD0034,ST001,EMP016,6,2,eSewa,Cancelled
TXN004981,2025-07-30,CUST0023,PROD0060,ST003,EMP018,4,12,Bank Transfer,Completed
TXN004917,2025-06-05,CUST0099,PROD0013,ST001,EMP016,-1,26,Cash,Completed
TXN003195,2025-12-23,CUST0053,PROD0012,ST001,EMP016,5,12,eSewa,Completed
TXN000473,2025-08-10,CUST0044,PROD0028,ST005,EMP020,7,8,Khalti,Completed
TXN004700,2025-06-10,CUST0003,PROD0025,ST001,EMP006,4,9,Card,Cancelled
TXN001805,2025-01-24,CUST0030,PROD0032,ST004,EMP019,3,8,Card,Returned
TXN001830,2025-03-30,CUST0017,PROD0046,ST004,EMP009,5,19,eSewa,Returned
TXN000734,2025-07-03,CUST0083,PROD0058,ST001,EMP011,5,24,Cash,Completed
TXN003398,2025-03-19,CUST0015,PROD0036,ST005,EMP015,2,2,khalti,Cancelled
  TXN004210 ,2025-05-31,CUST0063,PROD0036,ST004,EMP009,2,24,Bank Transfer,Completed
TXN003930,2025-11-10,CUST0049,PROD0049,ST005,EMP015,3,16,Cash,Completed
TXN000694,2025-01-20,CUST0091,PROD0045,ST003,EMP003,7,16,eSewa,Completed
TXN003738,2025-06-29,CUST0064,PROD0001,ST004,EMP004,4,3,eSewa,Completed
TXN000155,2025-05-01,CUST0089,PROD0060,ST002,EMP007,1,3,Bank Transfer,Cancelled
TXN004430,2025-04-02,CUST0072,PROD0032,ST004,EMP014,5,5,Card,Cancelled
TXN003247,2025-01-19,CUST0049,PROD0050,ST003,EMP008,1,7,Khalti,Returned
TXN001862,2025-09-20,CUST0048,PROD0026,ST005,EMP020,5,14,Bank Transfer,returned
TXN000241,2025-04-17,CUST0078,PROD0046,ST003,EMP008,8,14,Cash,Completed
TXN003713,2025-09-22,CUST0098,PROD0037,ST005,EMP020,4,8,Bank Transfer,Returned
TXN000695,2025-04-23,CUST0032,PROD0009,ST001,EMP001,4,26,Card,Cancelled
TXN002412,2025-08-15,CUST0058,PROD0017,ST003,EMP013,7,27,eSewa,Returned
TXN004020,2025-10-30,CUST0017,PROD0022,ST001,EMP016,4,9,eSewa,Completed
TXN004799,2025-02-23,CUST0091,PROD0039,ST002,EMP007,2,2,Card,Completed
TXN000713,2025-07-10,CUST0067,PROD0021,ST004,EMP009,3,6,Bank Transfer,Cancelled
TXN002123,2025-01-12,CUST0078,PROD0011,ST002,EMP017,6,8,Khalti,Completed
TXN001002,2025-04-23,CUST0050,PROD0018,ST001,EMP016,8,,Card,Cancelled
TXN002355,2025-04-28,CUST0084,PROD0047,ST005,EMP020,6,14,eSewa,Completed
TXN004478,2025-12-18,CUST0067,PROD0043,ST003,EMP013,1,23,Card,Completed
TXN003655  ,2025-11-13,CUST0093,PROD0047,ST004,EMP019,2,9,CASH,Completed
TXN004938,2025-08-06,CUST0094,PROD0038,ST004,EMP019,7,27,Khalti,Completed
TXN000004,2025-05-30,CUST0074,PROD0016,ST002,EMP017,-7,18,Khalti,Completed
TXN001035,2025-04-12,CUST0076,PROD0006,ST003,EMP008,8,10,Card,Completed
TXN001975,2025-03-26,CUST0038,PROD0027,ST001,EMP011,6,29,eSewa,Completed
TXN003906,2025-09-14,CUST0084,PROD0052,ST001,EMP011,5,12,Khalti,Completed
TXN004533,2025-09-13,CUST0011,PROD0025,ST004,EMP009,2,28,Bank Transfer,Cancelled
TXN004557,2025-10-29,CUST0039,PROD0028,ST003,EMP003,2,14,eSewa,Completed
TXN000334,2025-10-13,CUST0058,PROD0032,ST004,EMP004,1,6,Card,Completed
TXN000540,2025-11-08,CUST0091,PROD0050,ST002,EMP012,7,11,Khalti,Returned
TXN002993,2025-06-06,CUST0067,PROD0047,ST004,EMP019,3,15,Cash,Completed
TXN000832,2025-06-05,CUST0040,PROD0035,ST005,EMP015,6,16,Khalti,Completed
TXN002453,2025-10-16,CUST0027,PROD0053,ST004,EMP009,7,5,Cash,Cancelled
TXN004877,2025-10-19,CUST0008,PROD0022,ST001,EMP001,8,2,eSewa,Completed
TXN003659,2025-10-09,CUST0073,PROD0007,ST001,EMP001,2,24,Khalti,Completed
TXN000529,2025-07-08,CUST0036,PROD0041,ST003,EMP013,1,15,bAnK TraNSFer,Completed
TXN000575,2025-08-04,CUST0050,PROD0006,ST003,EMP008,4,0,Card,Completed
TXN000462,2025-03-16,CUST0075,PROD0057,ST005,EMP010,3,9,eSewa,Completed
TXN001015,2025-04-20,CUST0036,PROD0021,ST005,EMP015,1,24,Bank Transfer,Completed
TXN001290,2025-04-26,CUST0089,PROD0003,ST005,EMP010,3,19,Bank Transfer,Completed
TXN000543,2025-01-04,CUST0002,PROD0040,ST003,EMP013,7,7,Bank Transfer,Cancelled
TXN004218,2025-10-30,CUST0089,PROD0009,ST001,EMP006,8,8,Bank Transfer,Completed
TXN000247,2025-03-21,CUST0072,PROD0037,ST002,EMP017,2,4,eSewa,Completed
TXN004597,2025-04-15,CUST0051,PROD0002,ST004,EMP004,2,29,Khalti,Returned
TXN003779,2025-10-09,CUST0095,PROD0056,ST003,EMP003,3,15,eSewa,Returned
TXN004936,2025-11-17,CUST0063,PROD0019,ST003,EMP003,2,17,Bank Transfer,Completed
TXN003262,2025-09-19,CUST0020,PROD0021,ST004,EMP019,4,29,Bank Transfer,Cancelled
TXN003177,2025-01-18,CUST0054,PROD0034,ST001,EMP006,8,6,Cash,Returned
TXN003301,2025-02-01,CUST0067,PROD0023,ST005,EMP010,8,17,Cash,ComPLETed
TXN000271,2025-06-21,CUST0006,PROD0050,ST003,EMP013,3,24,Cash,Completed
TXN000394,2025-04-15,CUST0087,PROD0032,ST005,EMP015,4,8,eSewa,Cancelled
TXN004399,2025-08-26,CUST0085,PROD0041,ST003,EMP018,1,22,Khalti,Completed
TXN004732,2025-06-02,CUST0088,PROD0060,ST003,EMP013,1,24,Bank Transfer,Completed
TXN001549,2025-07-26,CUST0085,PROD0023,ST002,EMP017,5,9,Bank Transfer,Completed
TXN002604,2025-04-24,CUST0033,PROD0055,ST003,EMP008,1,22,Cash,Completed
TXN003656,2025-03-24,CUST0062,PROD0041,ST004,EMP009,7,8,Cash,Completed
TXN004255,2025-05-28,CUST0081,PROD0052,ST002,EMP017,1,4,Bank Transfer,Completed
TXN000846,2025-12-04,CUST0038,PROD0001,ST004,EMP004,6,26,Card,Completed
TXN003093,2025-04-19,CUST0087,PROD0014,ST005,EMP010,6,26,Card,Completed
TXN004807,2025-01-06,CUST0044,PROD0051,ST005,EMP005,2,27,bank transfer,Completed
TXN004769,2025-04-05,CUST0058,PROD0022,ST005,EMP020,7,15,Cash,Completed
TXN002475,2025-03-04,CUST0063,PROD0003,ST001,EMP006,7,3,Card,RETURNED
TXN004908,2025-03-10,CUST0055,PROD0020,ST001,EMP006,4,21,ESEWA,Completed
TXN004162,2025-06-25,CUST0021,PROD0005,ST004,EMP004,7,28,Card,Cancelled
TXN000633,2025-12-14,CUST0034,PROD0057,ST001,EMP006,1,18,  Cash ,Completed
TXN004989,2025-01-17,CUST0037,PROD0022,ST003,EMP018,7,3,Card,Returned
TXN004094,2025-03-01,CUST0029,PROD0039,ST001,EMP001,5,18,Khalti,Returned
TXN003407,2025-01-30,CUST0019,PROD0001,ST005,EMP020,6,22,BANK TRANSFER,Completed
TXN000154,2025-02-24,CUST0016,PROD0019,ST005,EMP020,8,8,Bank Transfer,Completed
TXN002293,2025-07-31,CUST0029,PROD0013,ST001,EMP006,6,24,Card,Completed
TXN004151,2025-02-26,CUST0028,PROD0006,ST001,EMP011,6,22,Bank Transfer,Cancelled
TXN003491,2025-03-01,CUST0032,PROD0024,ST002,EMP007,8,14,Khalti,Completed
TXN003313,2025-02-08,CUST0003,PROD0058,ST001,EMP006,8,24,Cash,Cancelled
TXN003431,2025-08-29,CUST0075,PROD0008,ST003,EMP013,4,28,Card,Returned
TXN003897,2025/31/12,CUST0046,PROD0021,ST001,EMP011,5,,Bank Transfer,Completed
TXN000852,2025-11-26,CUST0023,PROD0023,ST004,EMP009,1,9,Bank Transfer,Completed
TXN001763,2025-12-24,CUST0046,PROD0009,ST001,EMP001,2,29,Cash,Completed
TXN001588,2025-05-15,CUST0046,PROD0028,ST004,EMP009,7,9,Cash,Completed
TXN000873,2025-02-10,CUST0088,PROD0015,ST004,EMP014,7,15,Card,Cancelled
TXN001747,2025-11-15,CUST0051,PROD0011,ST005,EMP015,1,19,KHALTI,Completed
  TXN001698 ,2025-05-18,CUST0088,PROD0022,ST003,EMP003,7,27,Card,Completed
TXN002694,2025-01-06,CUST0063,PROD0014,ST003,EMP013,8,23,Cash,Cancelled
TXN000709,2025-07-26,CUST0076,PROD0016,ST001,EMP016,8,24,Card,Completed
TXN004183,2025-11-05,CUST0029,PROD0046,ST004,EMP014,6,1,eSewa,Completed
TXN003771,2025-09-13,CUST0021,PROD0042,ST003,EMP013,4,6,eSewa,Returned
TXN001771,2025-09-05,CUST0050,PROD0038,ST004,EMP019,1,24,CarD,Completed
TXN003410,2025-06-17,CUST0044,PROD0053,ST005,EMP020,6,13,Card,Completed
TXN001338,2025-07-02,CUST0066,PROD0037,ST004,EMP004,7,8,Khalti,Completed
TXN001959,2025-09-24,CUST0052,PROD0041,ST001,EMP016,8,12,Card,Completed
TXN003743,2025-05-15,CUST0054,PROD0025,ST003,EMP008,4,0,Bank Transfer,Completed
TXN004266,2025-05-19,CUST0074,PROD0022,ST005,EMP020,2,29,Cash,Completed
TXN002018,2025-08-30,CUST0001,PROD0046,ST002,EMP017,2,25,eSewa,Completed
TXN001753,2025-10-27,CUST0003,PROD0027,ST001,EMP011,2,19,Card,Completed
TXN001174,2025-03-16,CUST0072,PROD0060,ST004,EMP019,2,5,Card,cOMPLeted
TXN002278,2025-06-19,CUST0032,PROD0006,ST001,EMP011,7,6,BANK TRANSFER,Completed
TXN000148,2025-02-15,CUST0063,PROD0051,ST001,EMP006,3,12,Khalti,COMPLETED
TXN001484,2025-07-08,CUST0069,PROD0029,ST001,EMP011,5,30,eSewa,Completed
TXN004433,2025-11-15,CUST0097,PROD0007,ST005,EMP020,7,13,Bank Transfer,Cancelled
TXN003126,2025-11-24,CUST0069,PROD0038,ST003,EMP013,8,7,Bank Transfer,Completed
TXN003586,2025-11-29,CUST0031,PROD0056,ST002,EMP012,1,28,Cash,Completed
TXN004459,2025-02-18,CUST0085,PROD0029,ST003,EMP008,5,9,Card,Cancelled
TXN003248,2025-10-21,CUST0084,PROD0017,ST002,EMP007,1,18,Card,Cancelled
TXN004103,2025-06-14,CUST0008,PROD0011,ST001,EMP016,6,22,Khalti,Completed
TXN000893,2025-02-05,CUST0011,PROD0027,ST001,EMP011,8,13,Khalti,Cancelled
TXN001185,2025-12-31,CUST0019,PROD0018,ST003,EMP018,7,5,Card,Completed
TXN001230,2025-04-26,CUST0078,PROD0050,ST005,EMP010,7,19,Khalti,Completed
TXN000201,2025-12-23,CUST0095,PROD0059,ST004,EMP019,2,24,Card,Completed
TXN003201,2025-06-09,CUST0036,PROD0020,ST004,EMP004,6,4,eSewa,Completed
TXN003119,2025-05-29,CUST0091,PROD0050,ST002,EMP007,2,4,eSewa,Completed
TXN001268,2025-08-25,CUST0015,PROD0011,ST002,EMP012,7,7,Cash,Completed
TXN004267,2025-07-27,CUST0066,PROD0019,ST003,EMP018,1,3,eSewa,Completed
TXN004725,2025-05-14,CUST0057,PROD0053,ST004,EMP004,2,6,Card,Completed
TXN001792,2025-11-14,CUST0040,PROD0032,ST004,EMP004,2,10,eSewa,Cancelled
TXN003557,2025-11-17,CUST0040,PROD0005,ST005,EMP005,8,28,Khalti,Completed
TXN000120,2025-03-22,CUST0044,PROD0020,ST004,EMP004,7,20,eSewa,Completed
 TXN004660,2025-05-03,CUST0028,PROD0025,ST005,EMP005,3,27,Khalti,Cancelled
TXN001851,2025-11-04,CUST0088,PROD0051,ST002,EMP012,3,15,eSewa,Returned
TXN000578,2025-08-02,CUST0002,PROD0037,ST003,EMP003,3,4,Bank Transfer,Cancelled
TXN004059,2025-02-04,CUST0080,PROD0010,ST005,EMP005,4,,eSewa,Completed
TXN003190,2025-07-24,CUST0033,PROD0016,ST002,EMP002,4,27,Cash,Completed
TXN002389,2025-12-10,CUST0070,PROD0028,ST005,EMP010,8,6,Khalti,Completed
TXN002611,2025-05-10,CUST0055,PROD0028,ST001,EMP001,6,6,Cash,Completed
TXN002971,2025-07-15,CUST0094,PROD0005,ST002,EMP017,1,19,Cash,Completed
TXN000077,2025-10-02,CUST0074,PROD0007,ST003,EMP003,3,3,eSewa,Cancelled
  TXN001412 ,2025-10-08,CUST0001,PROD0012,ST004,EMP004,1,11,eSewa,Completed
TXN002810,2025-01-31,CUST0091,PROD0056,ST001,EMP011,5,3,caRd,Completed
TXN000220,2025-03-31,CUST0074,PROD0042,ST004,EMP019,5,15,Khalti,Completed
TXN004091,2025-03-19,CUST0080,PROD0043,ST002,EMP007,1,26,eSewa,cancelled
TXN004014,2025-02-04,CUST0051,PROD0014,ST004,EMP009,2,28,Khalti,Completed
TXN001425,2025-05-13,CUST0021,PROD0037,ST002,EMP002,7,4,Khalti,Completed
TXN003708,2025-11-07,CUST0025,PROD0023,ST003,EMP008,5,13,Cash,Returned
TXN001696,2025-10-02,CUST0004,PROD0022,ST001,EMP011,4,20,Bank Transfer,Completed
TXN000361,2025-12-08,CUST0033,PROD0003,ST004,EMP004,1,29,Bank Transfer  ,Completed
TXN000342,2025-09-24,CUST0003,PROD0056,ST003,EMP003,6,20,eSewa,Completed
TXN000607,2025-04-15,CUST0071,PROD0011,ST004,EMP009,2,20,banK traNsFEr,Completed
TXN004616,2025-01-12,CUST0006,PROD0007,ST003,EMP013,7,2,Cash,Completed
TXN002201,2025-04-11,CUST0029,PROD0017,ST002,EMP017,8,24,Bank Transfer,Completed
TXN003097,2025-08-21,CUST0093,PROD0023,ST005,EMP020,4,7,Cash,Completed
TXN002231,2025-07-31,CUST0081,PROD0052,ST002,EMP007,1,16,eSewa,Completed
TXN004452,2025-09-16,CUST0052,PROD0016,ST002,EMP002,8,30,eSewa,Cancelled
TXN004834,2025-05-05,CUST0024,PROD0041,ST003,EMP008,7,0,Bank Transfer,Returned
TXN002204,2025-03-07,CUST0100,PROD0056,ST005,EMP010,7,16,Bank Transfer,Returned
TXN002568,2025-09-10,CUST0053,PROD0003,ST003,EMP008,1,0,Card,Completed
TXN002303,2025-10-29,CUST0088,PROD0023,ST002,EMP002,2,17,Card,Completed
TXN004344,2025-05-31,CUST0013,PROD0056,ST003,EMP003,7,12,Cash,Completed
TXN003877,2025-06-11,CUST0060,PROD0031,ST002,EMP012,5,19,Card,Returned
TXN001337,2025-04-03,CUST0041,PROD0044,ST001,EMP006,2,10,Card,Completed
TXN001223,2025-01-26,CUST0017,PROD0003,ST001,EMP001,5,7,Card,Completed
TXN002962,2025-11-29,CUST0008,PROD0060,ST002,EMP007,7,15,Cash,Completed
TXN001788,2025-08-20,CUST0061,PROD0013,ST005,EMP020,1,15,Card,CANCELLED
TXN001098,2025-07-05,CUST0062,PROD0030,ST002,EMP012,5,27,Bank Transfer,Completed
TXN000263,2025-03-09,CUST0020,PROD0050,ST004,EMP009,3,19,eSewa,Returned
TXN003224,2025-11-16,CUST0022,PROD0054,ST004,EMP004,8,25,Bank Transfer,Completed
TXN004584,2025-02-04,CUST0076,PROD0059,ST002,EMP002,8,16,eSewa,Cancelled
TXN002135,2025-03-18,CUST0041,PROD0046,ST003,EMP008,4,21,Bank Transfer,Completed
TXN003948,2025-03-22,CUST0015,PROD0054,ST003,EMP008,7,2,Bank Transfer,Returned
TXN004491,2025-03-16,CUST0027,PROD0022,ST005,EMP015,4,12,Card,Completed
TXN003822,2025-10-05,CUST0067,PROD0050,ST005,EMP005,5,8,eSewa,Completed
TXN001637,2025-12-23,CUST0041,PROD0009,ST005,EMP010,2,13,Khalti,Returned
TXN002767,2025-07-11,CUST0055,PROD0034,ST001,EMP006,1,17,Cash,Completed
TXN000424,2025-06-24,CUST0032,PROD0054,ST001,EMP001,5,11,Khalti,Completed
TXN000074,2025-12-14,CUST0048,PROD0026,ST005,EMP015,3,3,eSewa,Completed
TXN000372,2025-10-20,CUST0085,PROD0036,ST001,EMP016,8,16,Cash,Completed
TXN000090,2025-05-21,CUST0021,PROD0056,ST005,EMP010,2,11,Card,Completed
TXN000849,2025-05-12,CUST0069,PROD0021,ST001,EMP006,7,27,Bank Transfer,Completed
TXN001930,2025-03-12,CUST0089,PROD0050,ST003,EMP013,3,29,Cash,Completed
TXN002986,2025-07-14,CUST0065,PROD0030,ST002,EMP012,1,17,Card,Cancelled
TXN002625,2025-04-23,CUST0066,PROD0015,ST005,EMP020,1,11,Card,Returned
TXN000609,2025-07-05,CUST0012,PROD0005,ST001,EMP006,4,0,Khalti,Completed
TXN002126,2025-09-25,CUST0100,PROD0010,ST001,EMP016,7,8,Card,Cancelled
TXN002624,2025-09-25,CUST0055,PROD0013,ST004,EMP004,2,26,Bank Transfer,Completed
TXN003151,2025-01-02,CUST0075,PROD0036,ST003,EMP003,3,21,Card,Cancelled
TXN003498,2025-11-01,CUST0017,PROD0032,ST005,EMP010,5,10,eSewa,Cancelled
TXN003058,2025-09-22,CUST0020,PROD0008,ST002,EMP002,3,18,Bank Transfer,Returned
TXN001175,2025-06-01,CUST0002,PROD0036,ST004,EMP004,4,9,Cash,Cancelled
TXN003373,2025-09-20,CUST0089,PROD0003,ST003,EMP018,5,17,Khalti,Returned
TXN002814,2025-04-30,CUST0002,PROD0001,ST001,EMP016,6,16,Card,Completed
TXN003826,2025-03-26,CUST0037,PROD0036,ST005,EMP020,5,4,Khalti,Completed
TXN001679,2025-05-14,CUST0079,PROD0031,ST003,EMP013,8,5,Card,Completed
TXN001081,2025-06-17,CUST0034,PROD0006,ST001,EMP006,3,29,Khalti,Completed
TXN000803,2025-12-09,CUST0043,PROD0046,ST005,EMP010,5,13,eSewa,Cancelled
TXN000867,2025-06-14,CUST0086,PROD0013,ST004,EMP004,5,2,eSewa,Returned
TXN002958,2025-11-25,CUST0060,PROD0024,ST005,EMP010,7,6,Card,Returned
TXN000126,2025-05-02,CUST0034,PROD0043,ST003,EMP018,2,26,Khalti,COMPLETED
TXN003118,2025-01-14,CUST0079,PROD0053,ST004,EMP009,8,,Card,Completed
TXN002335,2025-09-20,CUST0001,PROD0049,ST005,EMP010,6,18,Bank Transfer,Completed
TXN000073,2025-07-04,CUST0070,PROD0003,ST004,EMP014,2,21,eSewa,cOmpLETed
TXN004122,2025-10-21,CUST0066,PROD0015,ST002,EMP007,1,29,Card,RETurned
TXN001167,2025-06-16,CUST0078,PROD0051,ST003,EMP013,3,10,card,Completed
TXN000079,2025-09-19,CUST0024,PROD0024,ST004,EMP004,7,12,Khalti,Completed
TXN001130,2025-09-10,CUST0051,PROD0051,ST001,EMP016,4,18,Khalti,Cancelled
TXN001824,2025-04-07,CUST0039,PROD0053,ST005,EMP010,6,0,Card,Cancelled
TXN002503,2025-06-03,CUST0081,PROD0036,ST003,EMP003,3,12,Card,Returned
TXN004703,2025-11-17,CUST0082,PROD0054,ST004,EMP014,4,26,eSewa,Completed
TXN000582,2025-06-21,CUST0014,PROD0005,ST004,EMP004,1,3,Cash,Completed
TXN001069,2025-12-15,CUST0093,PROD0041,ST003,EMP018,2,12,Khalti,Completed
TXN003776,2025-12-05,CUST0030,PROD0054,ST003,EMP008,1,6,Khalti,Completed
TXN002109,2025-09-17,CUST0012,PROD0040,ST004,EMP019,8,27,Cash,Completed
TXN001435,2025-01-10,CUST0010,PROD0029,ST001,EMP001,4,29,Card,completed
TXN002411,2025-07-17,CUST0052,PROD0010,ST004,EMP009,5,19,Card,Returned
TXN000235,2025-02-15,CUST0089,PROD0039,ST001,EMP016,4,19,eSewa,Cancelled
TXN000358,2025-09-27,CUST0072,PROD0040,ST002,EMP007,2,3,Card,Completed
TXN002258,2025-07-05,CUST0065,PROD0022,ST004,EMP004,6,24,Bank Transfer,Returned
TXN004062,2025-08-22,CUST0031,PROD0059,ST002,EMP007,4,9,Cash,Completed
 TXN003661,2025-06-24,CUST0080,PROD0005,ST001,EMP011,4,4,eSewa,Completed
TXN002509,2025-06-08,CUST0032,PROD0048,ST004,EMP014,2,27,Cash,Returned
TXN004991,2025-09-22,CUST0049,PROD0025,ST002,EMP012,3,14,Cash,Completed
TXN000188,2025-06-06,CUST0062,PROD0030,ST001,EMP011,8,19,Cash,Completed
TXN000579,2025-11-25,CUST0037,PROD0008,ST001,EMP001,1,5,Cash,Completed
TXN002938,2025-08-28,CUST0034,PROD0018,ST002,EMP007,1,27,Card,Completed
TXN002498,2025-07-21,CUST0072,PROD0015,ST004,EMP019,6,2,Bank Transfer,Cancelled
TXN001417,2025-01-06,CUST0065,PROD0005,ST005,EMP010,5,19,Cash,Completed
TXN004271,2025-05-15,CUST0024,PROD0030,ST001,EMP001,8,8,Card,Returned
TXN000580,2025-04-27,CUST0074,PROD0033,ST004,EMP009,7,2,Bank Transfer,Completed
TXN002065,2025-10-30,CUST0041,PROD0010,ST003,EMP008,2,22,Cash,Cancelled
TXN004945,2025-10-22,CUST0098,PROD0004,ST002,EMP002,2,9,Khalti,Returned
TXN001798,2025-01-12,CUST0035,PROD0014,ST005,EMP015,6,17,Bank Transfer,Returned
TXN000994,2025-09-18,CUST0095,PROD0053,ST001,EMP006,4,,Bank Transfer,Completed
TXN003430,2025-01-06,CUST0064,PROD0028,ST001,EMP006,3,2,Card,Completed
TXN000018,2025-03-26,CUST0016,PROD0034,ST002,EMP002,3,11,Bank Transfer,Completed
TXN000489,2025-05-31,CUST0003,PROD0039,ST001,EMP006,2,2,Cash,Cancelled
TXN001078,2025-01-16,CUST0048,PROD0004,ST003,EMP008,6,23,Bank Transfer,Completed
TXN002670,2025-12-27,CUST0027,PROD0040,ST003,EMP018,6,15, Bank Transfer ,CANCELLED
TXN004955,2025-07-13,CUST0055,PROD0044,ST005,EMP010,4,12,Cash,Completed
TXN004038,2025-04-26,CUST0079,PROD0004,ST001,EMP006,2,12,Bank Transfer,Completed
TXN003792,2025-07-13,CUST0082,PROD0052,ST003,EMP018,2,21,Bank Transfer,Returned
TXN002702,2025-10-20,CUST0028,PROD0009,ST004,EMP004,4,0,Card,Completed
TXN001160,2025-09-22,CUST0002,PROD0007,ST003,EMP018,7,17,Card,Completed
TXN000369,2025-01-16,CUST0030,PROD0041,ST001,EMP016,2,15,Cash,Completed
TXN001624,2025-01-31,CUST0027,PROD0031,ST001,EMP016,8,24,Cash,Completed
TXN002075,2025-07-04,CUST0016,PROD0059,ST004,EMP014,7,22,Card,Cancelled
TXN001405,2025-09-16,CUST0013,PROD0046,ST005,EMP005,7,5,Cash,Cancelled
TXN001004,2025-01-11,CUST0068,PROD0001,ST001,EMP016,6,13,BANK TRANSFER,Completed
TXN002775,2025-07-11,CUST0031,PROD0008,ST002,EMP007,7,3,Cash,comPLeTEd
TXN000187,2025-06-11,CUST0073,PROD0037,ST005,EMP005,7,25,Card,Cancelled
TXN004874,2025-09-28,CUST0026,PROD0058,ST004,EMP014,7,3,Khalti,Returned
TXN002318,2025-12-07,CUST0021,PROD0026,ST003,EMP018,4,14,Card,Returned
TXN001860,2025-12-16,CUST0053,PROD0029,ST002,EMP012,3,1,Card,Completed
TXN002294,2025-11-19,CUST0007,PROD0044,ST005,EMP005,8,23,esewa,Completed
TXN000955,2025-05-19,CUST0019,PROD0048,ST004,EMP004,1,16,eSewa,Completed
TXN004056,2025-04-10,CUST0096,PROD0049,ST003,EMP013,2,25,Card,Completed
TXN003508,2025-04-06,CUST0011,PROD0018,ST001,EMP016,7,18,Card,Completed
TXN000583,2025-10-19,CUST0031,PROD0018,ST002,EMP002,1,1,Cash,Completed
TXN000581,2025-10-14,CUST0051,PROD0012,ST003,EMP008,2,10,Khalti,Completed
TXN004682,2025-11-19,CUST0017,PROD0041,ST002,EMP002,8,7,Khalti,COMPLETED
TXN001772,2025-03-16,CUST0074,PROD0012,ST002,EMP012,2,29,Cash,Completed
TXN004114,2025-04-25,CUST0099,PROD0018,ST001,EMP001,8,25,Khalti,Returned
TXN002949,2025-08-26,CUST0067,PROD0043,ST002,EMP012,1,20,Card,Completed
TXN002157,2025-12-20,CUST0040,PROD0020,ST002,EMP012,3,22,Bank Transfer,Completed
TXN004388,2025-06-08,CUST0015,PROD0057,ST001,EMP016,7,1,Card,Returned
TXN000813,2025-05-22,CUST0027,PROD0029,ST005,EMP005,6,9,Bank Transfer,Completed
TXN001701,2025-08-22,CUST0062,PROD0051,ST001,EMP006,2,9,Card,Completed
TXN004072,2025-01-25,CUST0089,PROD0058,ST003,EMP003,1,11,Bank Transfer,cancelled
TXN004345,2025-01-22,CUST0098,PROD0057,ST003,EMP018,4,19,Khalti,Completed
TXN000904,2025-01-12,CUST0089,PROD0036,ST004,EMP019,8,6,Cash,completed
TXN004547,2025-09-24,CUST0085,PROD0020,ST003,EMP013,2,9,Bank Transfer,Returned
TXN002460,2025-10-16,CUST0082,PROD0009,ST004,EMP009,3,10,Cash,Cancelled
TXN004815,2025-12-30,CUST0017,PROD0053,ST002,EMP012,4,5,eSewa,Completed
TXN004990,2025-07-28,CUST0091,PROD0047,ST004,EMP004,8,8,Khalti,Completed
TXN002321 ,2025-06-19,CUST0090,PROD0005,ST002,EMP017,8,4,Khalti,Completed
TXN004158,2025-03-30,CUST0039,PROD0049,ST001,EMP001,8,4,Cash,Completed
TXN002577,2025-12-05,CUST0045,PROD0019,ST001,EMP001,5,11,Cash,Completed
TXN000712,2025-03-29,CUST0005,PROD0057,ST004,EMP004,8,13,Khalti,Completed
TXN000722,2025-01-06,CUST0023,PROD0060,ST002,EMP012,4,0,Bank Transfer,Completed
TXN002263,2025-05-08,CUST0037,PROD0048,ST005,EMP005,8,0,Khalti,Completed
TXN002697,2025-04-22,CUST0051,PROD0057,ST001,EMP011,1,12,Card,Cancelled
 TXN003160  ,2025-11-22,CUST0090,PROD0049,ST002,EMP012,7,17,eSewa,Completed
TXN000972,2025-06-26,CUST0047,PROD0011,ST002,EMP002,2,25,eSewa,Completed
TXN000255,2025-02-26,CUST0002,PROD0022,ST005,EMP010,5,6,Bank Transfer,Completed
TXN003405,2025-12-21,CUST0086,PROD0004,ST003,EMP018,5,19,Bank Transfer,Cancelled
TXN004400,2025-07-20,CUST0048,PROD0057,ST005,EMP005,7,15,Cash,Completed
TXN003548,2025-08-23,CUST0038,PROD0056,ST004,EMP004,5,19,Cash,Completed
TXN000161,2025-11-13,CUST0067,PROD0034,ST001,EMP011,2,15,eSewa,Cancelled
TXN001760,2025-07-12,CUST0013,PROD0016,ST001,EMP011,1,4,Cash,Completed
TXN004836,2025-11-13,CUST0018,PROD0017,ST002,EMP012,4,16,Khalti,Completed
TXN004135,2025-10-26,CUST0058,PROD0003,ST005,EMP010,1,23,Bank Transfer,Completed
TXN003345,2025-07-17,CUST0086,PROD0025,ST005,EMP010,1,2,Cash,Completed
TXN004282,2025-02-15,CUST0033,PROD0041,ST001,EMP001,2,20,Card,Cancelled
 TXN003902 ,2025-08-31,CUST0030,PROD0039,ST005,EMP020,2,11,Bank Transfer,Completed
TXN000781,2025-12-27,CUST0059,PROD0050,ST005,EMP005,4,9,eSewa,Completed
TXN004800,2025-08-07,CUST0024,PROD0007,ST003,EMP003,2,25,Khalti,Completed
TXN000388,2025-05-01,CUST0033,PROD0020,ST003,EMP013,5,29,Khalti,Cancelled
TXN001123,2025-01-16,CUST0058,PROD0007,ST002,EMP012,2,14,Cash,Completed
TXN000956,2025-09-22,CUST0037,PROD0024,ST001,EMP011,2,13,Bank Transfer,Completed
TXN003867,NaT,CUST0006,PROD0030,ST002,EMP017,3,22,eSewa,Completed
TXN004962,2025-02-12,CUST0009,PROD0044,ST005,EMP015,8,30,eSewa,Cancelled
TXN001911,2025-07-20,CUST0044,PROD0029,ST002,EMP007,6,2,Card,Returned
TXN003038,2025-06-17,CUST0100,PROD0026,ST004,EMP004,3,20,Cash,Completed
TXN001594,2025-12-08,CUST0098,PROD0020,ST003,EMP008,8,22,Bank Transfer,Completed
TXN001227,2025-10-05,CUST0034,PROD0016,ST001,EMP001,5,5,Card,Returned
TXN002069,2025-02-02,CUST0092,PROD0040,ST004,EMP004,5,19,Bank Transfer,Completed
TXN004765,2025-12-10,CUST0060,PROD0060,ST005,EMP005,2,1,eSewa,Completed
TXN000667,2025-05-30,CUST0078,PROD0042,ST002,EMP012,3,3,Cash,Completed
TXN003367,2025-08-09,CUST0014,PROD0055,ST005,EMP020,4,24,eSewa,Cancelled
TXN001754,2025-08-07,CUST0021,PROD0033,ST002,EMP007,3,1,Bank Transfer,Completed
TXN002793,2025-04-20,CUST0014,PROD0007,ST005,EMP010,8,3,Card,Cancelled
TXN003146,2025-07-19,CUST0013,PROD0039,ST004,EMP009,6,4,Bank Transfer,Completed
TXN002300,2025-05-25,CUST0001,PROD0037,ST002,EMP002,2,7,KhAlTI,Completed
TXN000731,2025-08-19,CUST0045,PROD0050,ST002,EMP012,3,12,Card,Returned
TXN000524,2025-03-23,CUST0039,PROD0053,ST003,EMP013,1,21,Khalti,Completed
TXN004104,2025-10-13,CUST0060,PROD0030,ST002,EMP012,1,18,Card,Completed
TXN004880,2025-01-25,CUST0038,PROD0033,ST002,EMP017,2,9,eSewa,Completed
TXN003612,2025-12-04,CUST0097,PROD0014,ST002,EMP012,6,21,Card,Completed
TXN003184,2025-02-09,CUST0006,PROD0049,ST003,EMP008,2,0,eSewa,Completed
TXN002718,2025-08-29,CUST0097,PROD0037,ST003,EMP018,6,21,Bank Transfer,Completed
TXN004961,2025-05-28,CUST0030,PROD0059,ST003,EMP008,5,2,Khalti,Returned
TXN000732,2025-09-15,CUST0027,PROD0022,ST005,EMP010,5,8,Card,Completed
TXN000648,2025-07-27,CUST0008,PROD0060,ST003,EMP013,8,26,Bank Transfer,Completed
TXN000502,2025-03-31,CUST0077,PROD0035,ST005,EMP010,5,9,Khalti,Returned
TXN003183,2025-09-01,CUST0045,PROD0055,ST003,EMP008,3,29,banK tRaNSFeR,Completed
TXN001619,2025-08-15,CUST0090,PROD0024,ST004,EMP019,5,23,eSewa,Cancelled
TXN001738,2025-03-30,CUST0007,PROD0030,ST001,EMP001,4,14,Card,Cancelled
TXN003144,2025-07-17,CUST0090,PROD0007,ST001,EMP016,6,0,Bank Transfer,Completed
TXN002491,2025-05-11,CUST0021,PROD0058,ST003,EMP003,1,0,eSewa,Cancelled
TXN000747,2025-02-18,CUST0032,PROD0012,ST003,EMP013,3,13,eSewa,Completed
TXN004396,2025-10-25,CUST0059,PROD0043,ST002,EMP007,4,10,Cash,Cancelled
TXN004294,2025-05-07,CUST0031,PROD0024,ST005,EMP005,6,23,eSewa,Returned
TXN001740,2025-04-05,CUST0039,PROD0022,ST001,EMP001,2,28,Cash,Completed
TXN001153,2025-06-17,CUST0013,PROD0033,ST005,EMP005,6,0,Cash,Completed
TXN003356,2025-05-07,CUST0079,PROD0016,ST005,EMP005,7,16,Card,completed
TXN001061,2025-02-04,CUST0073,PROD0045,ST001,EMP006,5,21,Bank Transfer,Completed
TXN004372,2025-07-12,CUST0035,PROD0051,ST001,EMP016,4,1,card,Cancelled
TXN003725,2025-01-29,CUST0048,PROD0002,ST001,EMP011,5,13,Khalti,Cancelled
TXN002987,2025-01-11,CUST0053,PROD0030,ST003,EMP003,2,4,KHALTI,Cancelled
TXN003438,2025-09-11,CUST0081,PROD0051,ST003,EMP008,8,1,Card,Completed
TXN001724,2025-11-15,CUST0014,PROD0009,ST003,EMP018,8,10,Bank Transfer,COMPLETED
TXN002070,2025-05-10,CUST0014,PROD0031,ST005,EMP015,8,2,eSewa,Completed
TXN002186,2025-04-24,CUST0087,PROD0040,ST003,EMP008,4,18,Bank Transfer,Completed
TXN001136,2025-09-25,CUST0058,PROD0057,ST004,EMP004,4,16,  eSewa,Completed
TXN000673,2025-10-18,CUST0069,PROD0030,ST005,EMP010,5,23,Card,Completed
TXN000853,2025-11-05,CUST0057,PROD0005,ST001,EMP001,5,30,  eSewa,Completed
TXN004021,2025-03-15,CUST0057,PROD0032,ST003,EMP013,2,,BANK TRANSFER,Completed
TXN000795,2025-01-09,CUST0066,PROD0008,ST004,EMP009,1,30,Cash,Completed
TXN001027,2025-05-13,CUST0095,PROD0001,ST002,EMP017,3,28,Card,Returned
TXN002630,2025-12-05,CUST0014,PROD0058,ST001,EMP006,8,21,Khalti,Returned
TXN001755,2025-06-14,CUST0051,PROD0037,ST003,EMP008,8,24,Khalti,Completed
TXN004155,2025-07-18,CUST0001,PROD0026,ST004,EMP009,1,9,Cash,Completed
TXN002985,2025-07-07,CUST0021,PROD0034,ST003,EMP018,6,18,Card,cancelled
TXN003803,2025-08-26,CUST0010,PROD0033,ST005,EMP020,-2,22,Bank Transfer,Returned
TXN003340,2025-11-13,CUST0019,PROD0036,ST001,EMP006,6,23,Khalti,Completed
TXN000708,2025-07-09,CUST0051,PROD0050,ST001,EMP001,8,10,Card,Cancelled
TXN004517,2025-12-19,CUST0033,PROD0024,ST005,EMP005,6,3,  Cash  ,Completed
TXN003125,2025-06-09,CUST0045,PROD0056,ST003,EMP008,7,20,Khalti,Completed
TXN003477,2025-11-12,CUST0083,PROD0046,ST003,EMP003,3,14,Cash,Completed
TXN000354,2025-07-05,CUST0064,PROD0005,ST004,EMP009,8,20, Khalti,Cancelled
TXN003638,2025-05-11,CUST0092,PROD0048,ST004,EMP019,8,24,eSewa,COMPLETED
TXN004893,2025-02-28,CUST0018,PROD0004,ST002,EMP012,1,3,Cash,Completed
TXN000054,2025-05-03,CUST0091,PROD0014,ST005,EMP020,6,17,eSewa,Completed
TXN003990,2025-09-22,CUST0091,PROD0028,ST001,EMP011,7,19,Cash,Cancelled
TXN004720,2025-02-06,CUST0061,PROD0021,ST001,EMP006,5,5,eSewa,Completed
TXN003263,2025-06-18,CUST0061,PROD0031,ST003,EMP018,-5,30,Khalti,Completed
TXN004466,2025-01-01,CUST0075,PROD0013,ST004,EMP004,7,26,Cash,Completed
TXN003212,2025-01-16,CUST0069,PROD0016,ST004,EMP014,6,2,Card,Completed
TXN000783,2025-05-08,CUST0089,PROD0059,ST003,EMP013,5,1,Cash,Completed
TXN004054,2025-04-07,CUST0017,PROD0056,ST005,EMP010,7,16,Cash,Cancelled
TXN002360,2025-07-04,CUST0017,PROD0007,ST005,EMP010,2,9,Khalti,Completed
TXN002081,2025-11-07,CUST0035,PROD0025,ST005,EMP020,5,5,Bank Transfer,COMPLETED
TXN004297,2025-04-10,CUST0098,PROD0015,ST005,EMP015,1,8,Bank Transfer,Completed
TXN004987,2025-09-26,CUST0031,PROD0010,ST004,EMP019,2,26,Cash,Returned
TXN004446,2025-08-13,CUST0070,PROD0006,ST002,EMP017,8,29,Cash,Returned
TXN002757,2025-09-18,CUST0043,PROD0059,ST005,EMP020,2,24,Khalti,Returned
TXN002044,2025-07-13,CUST0095,PROD0039,ST003,EMP003,3,7,Cash,Completed
TXN001597,2025-06-10,CUST0010,PROD0001,ST004,EMP014,7,25,Cash,Completed
TXN000080,2025-03-13,CUST0072,PROD0011,ST001,EMP006,3,1,eSewa,Completed
TXN000222,2025-07-05,CUST0035,PROD0057,ST003,EMP013,8,0,Card,Cancelled
TXN003406,2025-01-01,CUST0095,PROD0012,ST001,EMP011,2,28,eSewa,Cancelled
TXN002489,2025-11-13,CUST0069,PROD0002,ST003,EMP013,1,1,Khalti,Completed
TXN003273,2025-09-11,CUST0031,PROD0048,ST003,EMP003,4,20,Card,Completed
TXN004336,2025-01-07,CUST0016,PROD0020,ST005,EMP005,1,10,Bank Transfer,Completed
TXN002773,2025-08-08,CUST0023,PROD0048,ST004,EMP019,4,26,Bank Transfer,Completed
TXN001003,2025-09-25,CUST0015,PROD0018,ST005,EMP005,5,21,Bank Transfer,cOmPLeted
TXN001553,2025-06-23,CUST0043,PROD0040,ST004,EMP004,4,,Cash,Completed
TXN001314,2025-06-03,CUST0083,PROD0016,ST003,EMP018,6,21,Cash,Cancelled
TXN001881,2025-10-30,CUST0031,PROD0058,ST004,EMP014,5,4,Bank Transfer,Returned
TXN003738,2025-06-29,CUST0064,PROD0001,ST004,EMP004,4,3,eSewa,Completed
TXN000842,2025-11-17,CUST0098,PROD0013,ST005,EMP015,7,15,Cash,Completed
TXN002225,2025-09-09,CUST0039,PROD0012,ST003,EMP018,3,0,Khalti,Completed
TXN003947,2025-05-04,CUST0050,PROD0050,ST002,EMP007,1,29,Cash,completed
TXN001280,2025-08-13,CUST0083,PROD0043,ST003,EMP003,5,1,eSewa,Completed
TXN003127,2025-09-03,CUST0086,PROD0042,ST001,EMP006,1,0,Bank Transfer,Completed
TXN003244,2025-04-03,CUST0022,PROD0047,ST002,EMP002,5,23,eSewa,Returned
TXN000233,2025-06-09,CUST0061,PROD0025,ST002,EMP007,6,23,Bank Transfer,Returned
TXN002463,2025-11-23,CUST0078,PROD0010,ST002,EMP007,6,21,eSewa,Returned
TXN003953,2025-09-10,CUST0064,PROD0034,ST003,EMP018,1,2,Card,Completed
TXN001173,2025-11-27,CUST0014,PROD0010,ST004,EMP019,8,5,Bank Transfer,Completed
TXN000208,2025-05-22,CUST0075,PROD0023,ST003,EMP018,4,29,KHALTI,Returned
TXN004707,2025-11-18,CUST0027,PROD0044,ST004,EMP009,7,13,Bank Transfer,Returned
TXN001639,2025-05-26,CUST0083,PROD0010,ST003,EMP008,1,29,eSewa,Completed
TXN001146,2025-02-18,CUST0033,PROD0021,ST002,EMP002,7,0,Card,Completed
TXN003533,2025-06-13,CUST0056,PROD0046,ST002,EMP017,3,19,Cash,Completed
TXN003791,2025-11-08,CUST0078,PROD0012,ST004,EMP004,1,7,Bank Transfer,Completed
TXN002937,2025-09-28,CUST0074,PROD0037,ST004,EMP019,5,11,Khalti,Completed
TXN004654,2025-01-07,CUST0024,PROD0011,ST002,EMP007,5,29,Bank Transfer,Completed
TXN002667,2025-04-06,CUST0063,PROD0025,ST003,EMP018,7,27,Bank Transfer,Completed
TXN004480,2025-03-29,CUST0062,PROD0010,ST004,EMP004,7,26,Card,Completed
TXN000611,NaT,CUST0077,PROD0035,ST005,EMP020,5,0,Bank Transfer,Completed
TXN001641,2025-12-29,CUST0093,PROD0052,ST001,EMP016,8,19,eSewa,Returned
TXN004490,2025-11-19,CUST0002,PROD0030,ST005,EMP010,6,22,Khalti,Returned
TXN004359,2025-07-17,CUST0053,PROD0033,ST003,EMP018,6,26,Bank Transfer,Completed
TXN000454,2025-07-28,CUST0042,PROD0028,ST002,EMP002,5,15,eSewa,Returned
TXN003236,2025-02-17,CUST0031,PROD0009,ST001,EMP001,8,30,  Cash  ,Completed
TXN003577,2025-09-14,CUST0057,PROD0017,ST004,EMP019,4,22,khalti,Completed
TXN004951,2025-05-18,CUST0016,PROD0001,ST003,EMP013,7,26,ESEWA,Completed
TXN004827,2025-12-22,CUST0085,PROD0043,ST003,EMP018,3,3,Khalti,Completed
TXN001865,2025-06-13,CUST0056,PROD0023,ST005,EMP015,1,9,Bank Transfer,Completed
TXN000814,2025-03-20,CUST0070,PROD0048,ST004,EMP004,2,23,eSewa,completed
TXN004800,2025-08-07,CUST0024,PROD0007,ST003,EMP003,2,25,Khalti,Completed
TXN003448,2025-08-14,CUST0017,PROD0048,ST001,EMP016,2,4,Card,Completed
TXN001241,2025-03-04,CUST0004,PROD0035,ST001,EMP001,8,29,Card,Completed
TXN002405,2025-03-04,CUST0011,PROD0056,ST001,EMP016,5,20,eSewa,RETURNED
TXN001426,2025-12-01,CUST0033,PROD0009,ST004,EMP014,7,30,Cash,Cancelled
TXN002302,2025-07-11,CUST0059,PROD0025,ST004,EMP004,1,30,Card,Cancelled
TXN002206,2025-07-07,CUST0006,PROD0016,ST001,EMP011,4,16,khalti,Completed
TXN003432,2025-05-18,CUST0073,PROD0056,ST002,EMP012,2,15,Bank Transfer,Completed
TXN003018,2025-03-13,CUST0018,PROD0052,ST004,EMP009,5,1,Bank Transfer,Completed
TXN000507,2025-12-21,CUST0022,PROD0054,ST004,EMP014,5,28,Khalti,Returned
TXN004128,2025-07-18,CUST0018,PROD0028,ST005,EMP020,6,13,Khalti,Cancelled
TXN001578,2025-11-08,CUST0039,PROD0024,ST004,EMP019,7,6,Bank Transfer,Completed
TXN001166,2025-01-07,CUST0010,PROD0058,ST001,EMP006,1,25,Khalti,Completed
TXN003530,2025-05-26,CUST0026,PROD0037,ST004,EMP009,4,12,  CASH ,Completed
TXN003154,2025-07-24,CUST0066,PROD0042,ST005,EMP005,4,3,Khalti,completed
TXN003583,2025-05-31,CUST0042,PROD0016,ST005,EMP010,7,15,Bank Transfer,Returned
TXN000439,2025-10-14,CUST0072,PROD0042,ST005,EMP010,2,18,  Cash  ,Returned
TXN004225,2025-01-10,CUST0071,PROD0014,ST001,EMP001,2,3,Bank Transfer,Completed
TXN002525,2025-06-24,CUST0029,PROD0054,ST001,EMP011,2,30,Bank Transfer,Completed
TXN004045,2025-04-27,CUST0023,PROD0026,ST005,EMP015,2,2,Cash,Returned
TXN002426,2025-09-19,CUST0038,PROD0046,ST001,EMP001,5,14,Khalti,Completed
TXN001685,2025-08-16,CUST0063,PROD0026,ST003,EMP013,1,7,Card,RETURNED
TXN001828,2025-06-19,CUST0022,PROD0036,ST003,EMP003,6,27,Cash,Completed
TXN002701,2025-02-19,CUST0050,PROD0039,ST005,EMP020,6,26,KHALTI,Completed
TXN003325,2025-06-07,CUST0064,PROD0034,ST003,EMP003,5,15,eSewa,Returned
TXN002184,2025-02-24,CUST0070,PROD0001,ST004,EMP009,2,5,Khalti,CANCELLED
TXN001461,2025-10-31,CUST0060,PROD0006,ST005,EMP010,4,,Cash,Completed
TXN003376,2025-12-22,CUST0062,PROD0049,ST001,EMP001,4,15,esewA,Completed
TXN002362,2025-07-13,CUST0017,PROD0043,ST005,EMP015,2,19,Bank Transfer,Returned
TXN004080,2025-01-09,CUST0030,PROD0004,ST002,EMP007,4,21,eSewa,Returned
TXN004197,2025-10-01,CUST0038,PROD0055,ST004,EMP014,2,7,eSewa,Completed
TXN004472,2025-02-28,CUST0036,PROD0052,ST002,EMP012,7,2,eSewa,completed
TXN002337,2025-07-20,CUST0065,PROD0033,ST005,EMP020,7,2,Bank Transfer,Completed
TXN002062,2025-12-13,CUST0058,PROD0025,ST005,EMP020,7,,Bank Transfer,Completed
  TXN004406  ,2025-08-14,CUST0076,PROD0002,ST005,EMP015,5,23,  Cash ,Completed
TXN001169,2025-11-14,CUST0089,PROD0005,ST002,EMP012,4,3,Cash,Cancelled
TXN003211,2025-04-17,CUST0090,PROD0043,ST002,EMP002,8,26,eSewa,COMPLETED
TXN004803,2025-07-14,CUST0007,PROD0004,ST003,EMP018,7,20,Cash,Completed
TXN000804,2025-04-04,CUST0081,PROD0004,ST003,EMP013,1,25,Card,completed
TXN002781,2025-06-04,CUST0057,PROD0019,ST005,EMP015,1,10,Card,Completed
TXN004916,2025-11-25,CUST0023,PROD0044,ST001,EMP011,5,3,Cash,Completed
TXN004911,2025-09-04,CUST0064,PROD0032,ST005,EMP020,5,29,Cash,Completed
TXN004022,2025-09-23,CUST0014,PROD0002,ST001,EMP016,5,23,eSewa,Completed
TXN001592,2025-11-20,CUST0023,PROD0047,ST003,EMP013,6,29,Khalti,Completed
TXN000678,2025-05-25,CUST0010,PROD0042,ST004,EMP014,3,11,eSewa,Completed
TXN002456,2025-06-19,CUST0083,PROD0031,ST004,EMP014,5,3, Khalti ,Completed
TXN001615,2025-11-09,CUST0039,PROD0050,ST003,EMP013,8,,eSewa,Returned
TXN000195,2025-07-05,CUST0028,PROD0010,ST004,EMP009,2,10,Cash,Completed
TXN001445,2025-10-03,CUST0045,PROD0037,ST001,EMP001,4,25,eSewa,Completed
TXN001909,2025-10-04,CUST0085,PROD0051,ST001,EMP006,3,6,Card,Completed
TXN004577,2025-07-14,CUST0053,PROD0053,ST003,EMP018,6,23,CARD,Completed
TXN004762,2025-12-02,CUST0091,PROD0005,ST001,EMP006,6,20,Card,Cancelled
TXN004855,2025-04-20,CUST0084,PROD0058,ST001,EMP016,4,5,eSewa,Completed
TXN000962,2025-08-26,CUST0029,PROD0057,ST003,EMP008,3,16,eSewa,Completed
TXN003601,2025-05-20,CUST0018,PROD0030,ST001,EMP001,8,27,eSewa,Completed
TXN004245,2025-04-08,CUST0063,PROD0012,ST003,EMP018,4,1,Cash,Completed
TXN004766,2025-11-13,CUST0065,PROD0033,ST004,EMP014,1,19,eSewa,Completed
TXN003783,2025-05-06,CUST0048,PROD0026,ST005,EMP015,5,23,Cash,Returned
TXN002032,2025-05-25,CUST0092,PROD0046,ST002,EMP007,1,18,Bank Transfer,Returned
TXN001947,2025-10-15,CUST0020,PROD0004,ST005,EMP010,7,20,Khalti,Returned
TXN001883,2025-11-13,CUST0019,PROD0054,ST004,EMP019,5,10,Khalti,Completed
TXN002333,2025-06-13,CUST0043,PROD0058,ST003,EMP003,2,21,eSewa,Cancelled
TXN003309,2025-11-11,CUST0094,PROD0040,ST001,EMP011,5,13,Bank Transfer,Completed
TXN003512,2025-03-19,CUST0094,PROD0042,ST001,EMP001,2,20,Bank Transfer,Returned
TXN002724,2025-01-14,CUST0056,PROD0055,ST003,EMP008,8,16,eSewa,Completed
TXN003142,2025-10-24,CUST0013,PROD0007,ST004,EMP009,2,21,Khalti,Completed
TXN000438,2025-07-22,CUST0053,PROD0025,ST005,EMP020,6,28,  Khalti  ,Cancelled
TXN004649,2025-06-19,CUST0022,PROD0040,ST004,EMP019,2,,Bank Transfer,Returned
TXN002445,2025-01-03,CUST0004,PROD0009,ST005,EMP015,5,0,Bank Transfer,Completed
TXN004670,2025-10-10,CUST0088,PROD0025,ST001,EMP016,6,12,Khalti,Completed
 TXN003688 ,2025-03-09,CUST0084,PROD0042,ST004,EMP004,4,0,eSewa,Completed
TXN004346,2025-06-08,CUST0093,PROD0058,ST003,EMP003,4,12,Khalti,Completed
TXN003580,2025-06-15,CUST0051,PROD0043,ST005,EMP005,1,29,eSewa,Completed
TXN000790,2025-01-04,CUST0003,PROD0026,ST004,EMP014,7,13,Card,Completed
TXN000036,2025-11-05,CUST0005,PROD0001,ST005,EMP010,2,14,Bank Transfer,Returned
TXN002819,2025-08-27,CUST0063,PROD0032,ST003,EMP008,1,18,Card,Completed
TXN004633,2025-10-28,CUST0085,PROD0035,ST005,EMP005,3,26,Card,Returned
TXN000591,2025-05-29,CUST0002,PROD0010,ST003,EMP018,7,2,Card,Completed
TXN003905,2025-07-26,CUST0040,PROD0045,ST001,EMP001,4,22,Bank Transfer,Completed
TXN003400,2025-10-23,CUST0072,PROD0016,ST003,EMP018,8,4,eSewa,Completed
TXN001627,2025-01-06,CUST0076,PROD0041,ST004,EMP019,4,16,Cash,Cancelled
TXN001590,2025-03-17,CUST0077,PROD0059,ST001,EMP006,8,30,Bank Transfer,cANcELlED
TXN000652,2025-12-02,CUST0050,PROD0033,ST002,EMP017,3,10,Khalti,Cancelled
TXN004212,2025-07-11,CUST0075,PROD0060,ST003,EMP008,1,27,Bank Transfer,Completed
TXN003218,2025-05-16,CUST0083,PROD0008,ST002,EMP012,4,12,Cash,Returned
TXN000274,2025-06-02,CUST0086,PROD0037,ST002,EMP002,6,13,Card,Completed
TXN000066,2025-03-09,CUST0047,PROD0049,ST005,EMP015,2,17,Bank Transfer,Completed
TXN003207,2025-03-11,CUST0082,PROD0050,ST003,EMP018,3,29,Cash,Cancelled
TXN004684,2025-05-21,CUST0036,PROD0037,ST004,EMP019,5,20,Khalti,ComPLeTEd
TXN000160,2025-08-14,CUST0063,PROD0008,ST001,EMP016,1,0,Bank Transfer,Cancelled
TXN001829,2025-10-20,CUST0076,PROD0015,ST004,EMP004,2,1,Cash,Completed
TXN003650,2025-04-19,CUST0070,PROD0054,ST002,EMP012,2,2,Cash,Cancelled
TXN003773,2025-12-20,CUST0059,PROD0022,ST001,EMP011,4,7,Bank Transfer,Completed
TXN003417,2025-12-19,CUST0007,PROD0051,ST003,EMP018,7,,Khalti,Completed
TXN002348,2025-12-02,CUST0001,PROD0053,ST002,EMP012,1,23,Bank Transfer,Returned
TXN004610,2025-07-13,CUST0031,PROD0052,ST002,EMP017,1,14,Cash,Completed
TXN004546,2025-12-11,CUST0097,PROD0038,ST002,EMP007,5,25,Card,Cancelled
TXN004132,2025-11-28,CUST0047,PROD0017,ST001,EMP006,1,28,Card,Returned
TXN000022,2025-06-17,CUST0032,PROD0056,ST004,EMP014,6,16,Khalti,Completed
TXN001090,2025-09-19,CUST0018,PROD0032,ST001,EMP006,6,8,Bank Transfer,Cancelled
TXN001474,2025-09-22,CUST0089,PROD0006,ST005,EMP010,1,15,Card,RETurNeD
TXN002323,2025-01-09,CUST0067,PROD0035,ST001,EMP001,7,24,Bank Transfer,Cancelled
TXN001010,2025-10-22,CUST0065,PROD0038,ST003,EMP003,-5,29,eSewa,Completed
  TXN002127,2025-10-01,CUST0050,PROD0052,ST002,EMP007,6,30,Bank Transfer,Completed
TXN002440,2025-12-05,CUST0002,PROD0013,ST005,EMP005,8,3,eSewa,cancelled
TXN004137,2025-10-03,CUST0068,PROD0030,ST003,EMP018,1,20,Khalti,COMPLETED
TXN000789,2025-02-07,CUST0079,PROD0042,ST005,EMP015,7,28,Card,Cancelled
TXN004090,2025-04-30,CUST0039,PROD0005,ST002,EMP017,5,20,Bank Transfer,Completed
TXN003667,2025-04-19,CUST0066,PROD0049,ST001,EMP006,3,26,eSewa,Returned
TXN002661,2025-10-19,CUST0013,PROD0027,ST003,EMP003,5,30,Cash,Completed
TXN004902,2025-09-05,CUST0068,PROD0024,ST005,EMP005,4,22,eSewa,Completed
TXN004574,2025-12-15,CUST0085,PROD0014,ST002,EMP012,2,10,Cash,Completed
TXN003000,2025-04-27,CUST0012,PROD0046,ST005,EMP020,2,11,Bank Transfer,Cancelled
TXN002476,2025-10-22,CUST0082,PROD0021,ST001,EMP016,-1,,Cash,Cancelled
TXN004673,2025-12-12,CUST0010,PROD0016,ST002,EMP017,5,30,eSewa,Completed
TXN004826,2025-05-14,CUST0009,PROD0054,ST001,EMP016,3,23,Khalti,Completed
TXN001983,2025-03-20,CUST0085,PROD0016,ST001,EMP011,8,14,Cash,Completed
TXN001687,2025-09-18,CUST0049,PROD0002,ST004,EMP019,3,19,Khalti,Completed
TXN002192,2025-09-07,CUST0045,PROD0037,ST003,EMP018,5,2,eSewa,Completed
TXN004655,2025-09-28,CUST0047,PROD0014,ST001,EMP001,4,22,Cash,Completed
TXN001056,2025-05-20,CUST0099,PROD0020,ST004,EMP019,1,5,kHAlTI,Completed
TXN001007,2025-08-28,CUST0053,PROD0056,ST003,EMP008,7,3,Bank Transfer,Completed
TXN003871,2025-01-03,CUST0093,PROD0012,ST005,EMP020,1,5,Card,Completed
TXN002614,2025-04-27,CUST0042,PROD0049,ST002,EMP002,3,2,Card,Returned
TXN003893,2025-05-31,CUST0063,PROD0015,ST001,EMP016,7,19,ESEWA,Returned
TXN004233,2025-06-23,CUST0088,PROD0009,ST005,EMP015,5,15,eSewa,Completed
TXN002679,2025-11-01,CUST0032,PROD0024,ST003,EMP018,5,28,Khalti,Returned
TXN002758,2025-11-09,CUST0074,PROD0019,ST005,EMP005,4,15,eSewa,Cancelled
TXN003323,2025-07-25,CUST0067,PROD0026,ST002,EMP012,5,5,eSewa,Completed
TXN002537,2025-07-04,CUST0021,PROD0015,ST002,EMP002,4,5,eSewa,Returned
TXN004910,2025-10-19,CUST0030,PROD0026,ST001,EMP006,7,17,Khalti,Completed
TXN003818,2025-01-12,CUST0046,PROD0045,ST005,EMP010,5,22,Cash,Returned
TXN004058,2025-08-18,CUST0023,PROD0015,ST003,EMP003,4,22,ESEWA,Returned
TXN002479,2025-05-11,CUST0024,PROD0058,ST003,EMP018,1,23,Bank Transfer,Completed
TXN004362,2025-10-12,CUST0058,PROD0050,ST004,EMP009,3,18,Khalti,Completed
TXN003329,2025-08-22,CUST0044,PROD0043,ST002,EMP012,1,23,Cash,Completed
TXN004516,2025-04-23,CUST0079,PROD0009,ST005,EMP010,-7,16,Bank Transfer,Completed
TXN001020,2025-10-27,CUST0097,PROD0048,ST001,EMP006,2,30,Cash,Completed
TXN000113,2025-11-27,CUST0048,PROD0044,ST003,EMP013,2,26,Cash,Completed
TXN004737,2025-03-30,CUST0057,PROD0034,ST005,EMP020,7,8,Cash,Completed
TXN000733,2025-07-10,CUST0018,PROD0030,ST001,EMP016,7,10,Cash,Cancelled
TXN002834,2025-02-04,CUST0030,PROD0012,ST003,EMP018,2,27,Khalti,Cancelled
TXN000891,2025-11-27,CUST0071,PROD0002,ST003,EMP013,6,26,Cash,Cancelled
TXN002021,NaT,CUST0012,PROD0025,ST004,EMP004,6,29,Cash,Completed
TXN002983,2025-04-15,CUST0090,PROD0010,ST004,EMP009,6,18,Khalti,Completed
TXN001715,2025-10-11,CUST0077,PROD0038,ST002,EMP017,8,25,eSewa,Returned
TXN000612,2025-02-12,CUST0004,PROD0021,ST002,EMP007,3,30,Cash,Completed
TXN001481,2025-03-03,CUST0069,PROD0060,ST004,EMP019,3,28, Card ,Completed
TXN002663,2025-05-15,CUST0080,PROD0033,ST004,EMP009,6,12,Cash,Returned
TXN003862,2025-10-10,CUST0011,PROD0043,ST001,EMP001,3,27,Card,Cancelled
TXN004939,2025-01-14,CUST0011,PROD0012,ST005,EMP020,1,15,Cash,Cancelled
TXN000495,2025-01-10,CUST0086,PROD0031,ST001,EMP011,8,7,Bank Transfer,RETURNED
TXN003732,2025-02-25,CUST0063,PROD0057,ST002,EMP017,2,12,Card,Completed
TXN003563,2025-03-24,CUST0074,PROD0056,ST005,EMP015,5,16,ESEWA,Completed
TXN001581,2025-08-21,CUST0005,PROD0056,ST005,EMP020,3,18,Bank Transfer,Completed
TXN002591,2025-06-03,CUST0007,PROD0016,ST004,EMP014,6,27,Card,Returned
TXN001960,2025-05-30,CUST0004,PROD0002,ST002,EMP002,4,19,Card,Completed
TXN004862,2025-05-25,CUST0073,PROD0048,ST001,EMP011,1,2,eSewa,Completed
TXN000987,00/00/2025,CUST0096,PROD0054,ST004,EMP014,8,19,Bank Transfer,Returned
TXN000387,2025-05-03,CUST0089,PROD0059,ST002,EMP002,5,30,eSewa,Cancelled
TXN004878,2025-01-21,CUST0040,PROD0028,ST005,EMP015,7,0,Card,cancelled
TXN002598,2025-05-03,CUST0069,PROD0058,ST001,EMP011,2,,Card,COMPLETED
TXN001021,2025-06-30,CUST0004,PROD0047,ST005,EMP020,6,29,Bank Transfer,Cancelled
TXN002110,2025-07-08,CUST0035,PROD0052,ST003,EMP008,7,8,Bank Transfer,Completed
TXN004081,2025/31/12,CUST0031,PROD0022,ST002,EMP012,3,26,bank trANSFer,Cancelled
TXN003614,2025-11-09,CUST0062,PROD0049,ST004,EMP004,7,11,Bank Transfer,Returned
TXN003243,2025-11-28,CUST0092,PROD0005,ST003,EMP013,3,14,Khalti,completed
TXN004873,2025-01-16,CUST0011,PROD0029,ST004,EMP019,3,27,Card,Completed
TXN002557,2025-02-10,CUST0084,PROD0060,ST004,EMP004,8,25,Card,Cancelled
TXN001503,2025-02-04,CUST0019,PROD0054,ST003,EMP013,5,27,Cash,Completed
TXN003099,2025-08-30,CUST0046,PROD0060,ST004,EMP019,8,10,CARD,Returned
TXN002226,2025-01-01,CUST0043,PROD0020,ST004,EMP004,5,13,eSewa,Completed
TXN004785,2025-11-04,CUST0081,PROD0011,ST004,EMP019,4,15,Cash,Completed
 TXN002422 ,2025-08-23,CUST0031,PROD0033,ST003,EMP013,7,11,Khalti,Cancelled
TXN000869,2025-12-03,CUST0056,PROD0022,ST005,EMP015,8,1,CArD,RETurNeD
TXN002455,2025-04-22,CUST0025,PROD0035,ST002,EMP007,1,28,Cash,Cancelled
TXN003440,2025-05-28,CUST0079,PROD0027,ST001,EMP016,7,30,Khalti,Completed
TXN004891,2025-10-19,CUST0032,PROD0009,ST004,EMP009,3,,Card,Completed
TXN002917,2025-07-25,CUST0067,PROD0018,ST005,EMP015,5,10,Khalti,Completed
TXN001373,2025-03-09,CUST0038,PROD0055,ST005,EMP010,3,12,Cash,Completed
TXN000792,2025-05-19,CUST0026,PROD0020,ST002,EMP007,4,11,Cash,Completed
  TXN001433,2025-10-10,CUST0048,PROD0008,ST003,EMP018,7,11,Card,Completed
TXN002440,2025-12-05,CUST0002,PROD0013,ST005,EMP005,8,3,eSewa,cancelled
TXN004471,2025-11-07,CUST0080,PROD0055,ST004,EMP004,2,21,Cash,Returned
TXN000403,2025-12-15,CUST0004,PROD0019,ST001,EMP011,2,30,Cash,Completed
TXN004612,2025-04-04,CUST0040,PROD0014,ST004,EMP009,6,18,Bank Transfer,Completed
TXN002589,2025-06-13,CUST0070,PROD0056,ST003,EMP008,8,15,Cash,Cancelled
TXN003554,2025-04-11,CUST0015,PROD0041,ST005,EMP005,6,24,Cash,Completed
TXN002244,2025-08-28,CUST0053,PROD0003,ST001,EMP006,1,15,eSewa,Completed
TXN000254,2025-04-30,CUST0019,PROD0029,ST005,EMP020,4,23,Cash,Completed
TXN002646,2025-12-22,CUST0056,PROD0040,ST002,EMP007,2,11,Cash,Cancelled
TXN002522,2025-06-16,CUST0011,PROD0043,ST002,EMP002,3,18,Card,Returned
TXN000696,2025-08-11,CUST0093,PROD0048,ST002,EMP017,2,22,Card,Completed
TXN004086,2025-05-04,CUST0047,PROD0015,ST002,EMP012,8,3,Khalti,Completed
TXN001242,2025-07-05,CUST0036,PROD0021,ST003,EMP018,5,28,Bank Transfer,Completed
TXN003843,2025-04-03,CUST0053,PROD0016,ST001,EMP001,5,12,eSewa,Completed
TXN001841,2025-01-22,CUST0089,PROD0039,ST003,EMP013,1,16,Bank Transfer,Returned
TXN000990,2025-09-26,CUST0092,PROD0006,ST001,EMP006,2,8,eSewa,Completed
TXN000670,2025-01-18,CUST0015,PROD0002,ST005,EMP015,5,26,Cash,Completed
TXN004236,2025-05-28,CUST0087,PROD0044,ST002,EMP012,2,,Cash,Cancelled
TXN003005,2025-12-27,CUST0050,PROD0040,ST004,EMP009,4,14,Khalti,Completed
TXN000912,2025-04-07,CUST0020,PROD0054,ST005,EMP015,1,25,Cash,Completed
TXN001029,2025-03-08,CUST0003,PROD0016,ST001,EMP006,6,13,Card,Completed
TXN004370,2025-09-16,CUST0074,PROD0008,ST001,EMP006,7,11,CARD,Completed
TXN004134,2025-12-21,CUST0092,PROD0058,ST002,EMP007,4,9,Card,Completed
TXN003317,2025-08-31,CUST0052,PROD0040,ST005,EMP015,8,21,Bank Transfer,Completed
TXN000686,2025-12-23,CUST0055,PROD0023,ST003,EMP013,4,28,eSewa,Returned
TXN002721,2025-05-02,CUST0100,PROD0049,ST002,EMP002,4,28,eSewa,Returned
TXN000360,2025-02-27,CUST0055,PROD0045,ST003,EMP003,2,13,Cash,Completed
TXN000224,2025-05-26,CUST0040,PROD0015,ST003,EMP013,8,26,card,Completed
TXN000246,2025-06-04,CUST0077,PROD0002,ST005,EMP010,1,27,eSewa,Completed
TXN003722,2025-11-04,CUST0077,PROD0021,ST002,EMP002,7,14,Card,Completed
TXN001908,2025-08-16,CUST0076,PROD0012,ST005,EMP015,2,30,Khalti,Completed
TXN002974,2025-11-24,CUST0040,PROD0056,ST005,EMP010,7,3,Khalti,Completed
TXN001019,2025-06-22,CUST0059,PROD0011,ST001,EMP011,1,,Cash,Cancelled
TXN003030,2025-08-11,CUST0032,PROD0033,ST005,EMP010,8,7,Cash,Cancelled
TXN000238,2025-05-15,CUST0020,PROD0029,ST002,EMP017,6,16,Khalti,cancelled
TXN001112,2025-03-11,CUST0080,PROD0047,ST004,EMP004,6,24,Khalti,Completed
TXN003239,2025-06-16,CUST0061,PROD0024,ST003,EMP013,2,21,Khalti,Completed
TXN002205,2025-04-06,CUST0041,PROD0020,ST005,EMP005,3,3,Cash,Completed
TXN003571,2025-11-10,CUST0077,PROD0039,ST003,EMP008,8,24,Card,Returned
TXN002823,2025-05-15,CUST0070,PROD0056,ST004,EMP014,5,22,Khalti,Cancelled
TXN002213,2025-12-30,CUST0061,PROD0033,ST003,EMP003,3,4,Khalti,Returned
TXN000486,2025-04-22,CUST0090,PROD0047,ST003,EMP003,8,3,eSewa,Completed
TXN000939,2025-07-17,CUST0075,PROD0056,ST004,EMP014,8,2,Khalti,Cancelled
TXN003020,2025-06-15,CUST0023,PROD0024,ST001,EMP006,4,8,Cash,Completed
TXN003303,2025-06-17,CUST0087,PROD0021,ST005,EMP010,4,10,eSewa,Completed
TXN004675,2025-04-13,CUST0025,PROD0003,ST002,EMP002,1,18,CASH,Cancelled
TXN004411,2025-03-04,CUST0019,PROD0026,ST001,EMP011,7,13,Bank Transfer,Completed
TXN000304,2025-03-28,CUST0008,PROD0041,ST004,EMP009,1,23,Bank Transfer,Completed
TXN001966,2025-02-26,CUST0006,PROD0015,ST002,EMP012,1,12,Bank Transfer,Completed
TXN000805,2025-08-21,CUST0052,PROD0029,ST004,EMP019,5,8,Bank Transfer,Completed
TXN001253,2025-06-27,CUST0038,PROD0017,ST005,EMP020,3,21,Card,Completed
TXN003904,2025-03-24,CUST0090,PROD0026,ST001,EMP011,3,6,Khalti,CANCELLED
TXN004458,2025-10-23,CUST0097,PROD0054,ST001,EMP001,6,0,Cash,Completed
TXN003748,2025-02-19,CUST0097,PROD0005,ST001,EMP006,3,2,Card,completed
TXN003205,2025-12-15,CUST0029,PROD0012,ST005,EMP005,4,17,Khalti,Completed
TXN003206,2025-11-19,CUST0088,PROD0030,ST003,EMP013,6,8,Bank Transfer,Completed
TXN001017,2025-02-07,CUST0066,PROD0055,ST002,EMP002,4,16,Bank Transfer,Completed
TXN002848,2025-01-24,CUST0037,PROD0013,ST005,EMP020,1,12,Cash,Completed
 TXN001580 ,2025-11-28,CUST0013,PROD0010,ST003,EMP018,7,3,Bank Transfer,completed
TXN000331,2025-08-27,CUST0008,PROD0018,ST004,EMP019,8,7,eSewa,Returned
TXN004386,2025-08-13,CUST0066,PROD0041,ST003,EMP013,1,28,Cash,Returned
TXN004579,2025-06-09,CUST0088,PROD0001,ST002,EMP017,3,1,Card,Completed
TXN001595,2025-03-06,CUST0095,PROD0009,ST001,EMP001,7,7,Card,Completed
TXN002190,2025-09-13,CUST0090,PROD0005,ST003,EMP018,2,17,Card,Completed
TXN000846,2025-12-04,CUST0038,PROD0001,ST004,EMP004,6,26,Card,Completed
TXN003072,2025-07-24,CUST0007,PROD0019,ST004,EMP004,8,15,Bank Transfer,Completed
TXN002565,2025-05-12,CUST0086,PROD0055,ST002,EMP007,6,13,Khalti,Completed
TXN003188,2025-07-09,CUST0002,PROD0020,ST005,EMP010,1,0,eSewa,Completed
TXN001734,2025-10-15,CUST0065,PROD0013,ST004,EMP009,4,20,Bank Transfer,Completed
TXN001323,2025-11-02,CUST0014,PROD0038,ST003,EMP013,6,,eSewa,Completed
TXN002731,2025-10-13,CUST0029,PROD0029,ST001,EMP011,3,23,Bank Transfer,Completed
TXN000963,2025-12-06,CUST0080,PROD0031,ST001,EMP006,2,1,Khalti,Completed
TXN004508,2025-12-12,CUST0051,PROD0026,ST003,EMP003,2,,Card,Completed
TXN002719,2025-06-13,CUST0008,PROD0021,ST001,EMP001,5,7,Khalti,Completed
TXN002052,2025-10-05,CUST0050,PROD0047,ST001,EMP011,1,26,Khalti,Completed
TXN004342,2025-11-27,CUST0016,PROD0035,ST002,EMP002,8,17,Cash,Cancelled
TXN000381,2025-03-24,CUST0035,PROD0053,ST004,EMP014,5,7,Cash,Completed
TXN004440,2025-01-19,CUST0090,PROD0044,ST005,EMP020,8,20,Cash,Completed
TXN002245,2025-11-04,CUST0088,PROD0008,ST003,EMP018,3,29,Cash,Completed
TXN003898,2025-04-13,CUST0037,PROD0051,ST002,EMP017,3,20,Bank Transfer,Cancelled
TXN002087,2025-03-06,CUST0096,PROD0041,ST003,EMP008,3,25,Khalti,Completed
TXN002887,2025-11-10,CUST0050,PROD0040,ST001,EMP001,8,26,Card,Cancelled
TXN002776,2025-07-17,CUST0050,PROD0048,ST003,EMP003,7,3,Khalti,Completed
TXN001479,2025-10-15,CUST0008,PROD0017,ST005,EMP015,7,17,Khalti,cancelled
TXN002040,2025-02-01,CUST0025,PROD0037,ST004,EMP014,5,0,Bank Transfer,Completed
TXN004277,2025-03-13,CUST0009,PROD0043,ST003,EMP018,5,27,eSewa,Completed
TXN004203,2025-07-15,CUST0038,PROD0006,ST002,EMP012,5,3,eSewa,Completed
TXN000421,2025-06-24,CUST0029,PROD0032,ST003,EMP018,6,17,eSewa,Completed
TXN003726,2025-04-06,CUST0064,PROD0024,ST001,EMP006,1,17,Bank Transfer ,Completed
 TXN000577,2025-08-06,CUST0049,PROD0047,ST005,EMP005,6,18,Cash,Completed
TXN001138,2025-05-19,CUST0064,PROD0044,ST002,EMP017,3,28,Bank Transfer,Completed
TXN003227,2025-05-19,CUST0090,PROD0057,ST005,EMP005,4,15,Khalti,Returned
TXN001367,2025-11-15,CUST0054,PROD0007,ST001,EMP006,1,16,Khalti,Completed
TXN001902,NaT,CUST0015,PROD0050,ST001,EMP011,5,18,eSewa,Cancelled
TXN001100,2025-10-17,CUST0092,PROD0047,ST005,EMP015,3,10,Card,Completed
TXN000883,2025-06-24,CUST0077,PROD0009,ST004,EMP004,6,11,Bank Transfer,Completed
TXN001045,2025-01-21,CUST0034,PROD0019,ST002,EMP017,2,0,Bank Transfer,Completed
TXN003475,2025-12-21,CUST0087,PROD0034,ST001,EMP016,8,13,Khalti,Completed
TXN001018,2025-03-13,CUST0063,PROD0055,ST004,EMP014,4,4,Bank Transfer,Completed
TXN000491,2025-01-15,CUST0026,PROD0006,ST003,EMP008,1,21,Cash,Completed
TXN000156,2025-06-01,CUST0033,PROD0042,ST004,EMP004,5,5,Cash,Completed
TXN000140,2025-03-30,CUST0061,PROD0059,ST001,EMP001,1,30,eSewa,Cancelled
  TXN001786  ,2025-12-05,CUST0084,PROD0038,ST002,EMP002,5,17,Khalti,Completed
  TXN004441  ,2025-05-09,CUST0060,PROD0018,ST005,EMP015,4,18,Khalti,Completed
TXN002242,2025-02-28,CUST0088,PROD0056,ST004,EMP004,7,18,Khalti,Completed
TXN004415,2025-08-11,CUST0004,PROD0054,ST003,EMP003,2,27,Cash,Completed
TXN004589,2025-04-28,CUST0096,PROD0004,ST005,EMP020,4,9,khaLTi,Completed
TXN002084,2025-07-13,CUST0019,PROD0034,ST001,EMP016,1,16,Khalti,Completed
TXN001420,2025-10-10,CUST0016,PROD0021,ST004,EMP014,6,27,Cash,Completed
TXN003519,2025-05-24,CUST0028,PROD0040,ST001,EMP016,4,3,Khalti,coMplETeD
TXN001574,2025-11-15,CUST0044,PROD0037,ST002,EMP012,1,7,Card,Completed
TXN002304,2025-09-23,CUST0037,PROD0042,ST003,EMP013,5,11,eSewa,Completed
TXN002450,2025-10-17,CUST0025,PROD0014,ST001,EMP016,2,19,Cash,Completed
TXN003754,2025-08-19,CUST0060,PROD0002,ST001,EMP011,1,22,Card,Completed
TXN004270,2025-02-01,CUST0061,PROD0027,ST004,EMP009,6,7,eSewa,Completed
TXN001811,2025-12-12,CUST0030,PROD0007,ST003,EMP008,3,21,Khalti,Completed
TXN004033,2025-11-29,CUST0062,PROD0044,ST004,EMP014,5,14,eSewa,Completed
TXN000150,2025-09-24,CUST0039,PROD0019,ST002,EMP002,6,4,eSewa,Completed
TXN002832,2025-04-28,CUST0081,PROD0003,ST004,EMP004,3,14,Khalti,Completed
TXN003388,2025-07-04,CUST0040,PROD0059,ST005,EMP005,8,30,eSewa,Completed
TXN000934,2025-10-26,CUST0059,PROD0060,ST001,EMP016,5,8,Cash,Completed
TXN003984,2025-07-16,CUST0094,PROD0048,ST003,EMP018,3,22,Khalti,Cancelled
TXN004028,2025-04-07,CUST0073,PROD0018,ST004,EMP014,7,23,Bank Transfer,Completed
TXN003488,2025-03-04,CUST0043,PROD0033,ST004,EMP019,7,28,Khalti,Completed
TXN003461,2025-01-11,CUST0007,PROD0024,ST002,EMP002,3,3,Card,Completed
TXN002516,2025-11-04,CUST0074,PROD0031,ST001,EMP016,4,15,eSewa,CAnCELled
TXN002471,2025-08-07,CUST0047,PROD0006,ST005,EMP020,6,21,eSewa,Completed
TXN002373,2025-09-25,CUST0055,PROD0027,ST003,EMP018,7,30,Khalti,Completed
TXN001011,2025-03-30,CUST0003,PROD0043,ST004,EMP019,3,5,Card,Completed
TXN004228,,CUST0095,PROD0038,ST001,EMP001,8,19,Khalti,Completed
TXN001550,2025-10-20,CUST0028,PROD0038,ST002,EMP017,8,22,eSewa,Returned
TXN000944,2025-04-28,CUST0005,PROD0025,ST002,EMP007,2,19,Bank Transfer,Completed
TXN003423,2025-02-19,CUST0073,PROD0035,ST001,EMP001,1,,eSewa,Returned
TXN001695,2025-08-29,CUST0015,PROD0006,ST004,EMP014,7,22,Bank Transfer,Completed
TXN002180,2025-10-31,CUST0086,PROD0053,ST004,EMP004,4,17,Khalti,Completed
TXN001714,2025-12-02,CUST0031,PROD0021,ST002,EMP007,4,26,Card,Completed
TXN002944,2025-07-19,CUST0056,PROD0054,ST005,EMP020,2,8,eSewa,Completed
TXN001745,2025-02-25,CUST0018,PROD0031,ST004,EMP014,7,8,Khalti,Completed
TXN001723,2025-06-16,CUST0011,PROD0026,ST003,EMP013,3,19,bank transfer,Returned
TXN002779,2025-02-14,CUST0029,PROD0024,ST004,EMP014,8,5,eSewa,Completed
TXN004594,2025-05-24,CUST0031,PROD0049,ST005,EMP010,7,12,Card,Completed
TXN001119,2025-03-23,CUST0044,PROD0021,ST004,EMP004,1,9,Cash,completed
TXN004906,2025-09-29,CUST0044,PROD0042,ST005,EMP010,7,20,Khalti,Completed
TXN004656,2025-08-09,CUST0031,PROD0048,ST005,EMP005,1,19,Khalti,Completed
TXN003049,2025-08-04,CUST0076,PROD0021,ST003,EMP008,3,5,Cash,Completed
TXN001807,2025-02-06,CUST0039,PROD0033,ST003,EMP013,7,20,eSewa,Returned
TXN004347,2025-10-31,CUST0023,PROD0006,ST003,EMP013,5,24,Khalti,Completed
TXN003222,2025-09-22,CUST0039,PROD0060,ST001,EMP006,7,19,Khalti,Cancelled
TXN001628,2025-07-29,CUST0073,PROD0030,ST005,EMP010,8,21,Bank Transfer,Completed
TXN004435,2025-02-06,CUST0008,PROD0033,ST005,EMP015,8,18,Khalti,Completed
TXN002232,2025-09-26,CUST0097,PROD0005,ST004,EMP014,6,30,eSewa,Returned
TXN000887,2025-09-05,CUST0042,PROD0023,ST001,EMP001,3,15,eSewa,Returned
TXN002501,2025-04-22,CUST0068,PROD0036,ST001,EMP006,4,8,eSewa,Completed
TXN000931,2025-11-10,CUST0086,PROD0043,ST004,EMP014,3,6,eSewa,Cancelled
TXN003048,2025-04-25,CUST0043,PROD0058,ST003,EMP018,1,30,Card,Completed
TXN002079,2025-12-23,CUST0051,PROD0027,ST002,EMP002,5,10,Bank Transfer,Completed
TXN002345,2025-08-11,CUST0023,PROD0032,ST004,EMP019,4,5,Card,Returned
TXN004739,2025-03-20,CUST0078,PROD0054,ST001,EMP001,8,15,Card,Completed
TXN002317,2025-04-02,CUST0031,PROD0022,ST003,EMP008,7,19,eSewa,Returned
TXN002644,2025-03-27,CUST0060,PROD0026,ST004,EMP014,8,9,Card,Completed
TXN004465,2025-10-31,CUST0035,PROD0044,ST005,EMP010,2,26,Cash,Completed
TXN001823,2025-06-07,CUST0049,PROD0003,ST003,EMP013,8,18,Cash,Completed
TXN000928,2025-05-23,CUST0099,PROD0042,ST005,EMP005,7,29,eSewa,Completed
TXN000167,2025-06-23,CUST0059,PROD0053,ST002,EMP007,2,20,Bank Transfer,Completed
TXN004083,2025-07-09,CUST0090,PROD0010,ST004,EMP019,2,24,eSewa,Completed
TXN002863,2025-07-09,CUST0093,PROD0021,ST004,EMP004,7,28,Cash,Completed
TXN001513,2025-01-18,CUST0010,PROD0051,ST005,EMP020,6,30,Card,Returned
TXN004089,2025-12-11,CUST0045,PROD0006,ST003,EMP008,1,13,eSewa,Completed
TXN000771,2025-11-17,CUST0047,PROD0043,ST002,EMP007,2,8,Bank Transfer,Returned
TXN003677,2025-07-08,CUST0049,PROD0025,ST004,EMP019,3,23,eSewa,coMpLetEd
TXN000664,2025-04-27,CUST0039,PROD0051,ST001,EMP016,1,25, Card,Returned
 TXN002942  ,2025-08-16,CUST0050,PROD0043,ST005,EMP005,7,21,Card,Completed
TXN001782,2025-10-08,CUST0088,PROD0039,ST003,EMP008,2,23,Card,Returned
TXN001638,2025-02-10,CUST0031,PROD0036,ST003,EMP003,1,19,Cash,Cancelled
TXN000830,2025-01-28,CUST0060,PROD0018,ST003,EMP008,8,13,cash,Completed
TXN000483,2025-02-30,CUST0036,PROD0013,ST005,EMP015,8,25,Card,Returned
TXN002619,2025-04-29,CUST0033,PROD0031,ST005,EMP010,2,15,ESEWA,Cancelled
TXN003587,2025-11-13,CUST0004,PROD0026,ST002,EMP002,2,28,eSewa,Returned
TXN000203,2025-05-22,CUST0055,PROD0037,ST003,EMP018,7,25,Bank Transfer,Completed
TXN004192,2025-07-10,CUST0075,PROD0020,ST005,EMP020,3,11,Khalti,Completed
TXN003786,2025-02-03,CUST0063,PROD0056,ST002,EMP002,8,8,Cash,Completed
TXN000332,2025-07-30,CUST0071,PROD0055,ST004,EMP019,8,15,khalti,Completed
TXN001492,2025-09-06,CUST0043,PROD0034,ST004,EMP009,1,,eSewa,Cancelled
TXN003352,2025-04-21,CUST0002,PROD0032,ST004,EMP014,4,16,Card,Cancelled
TXN001827,2025-03-27,CUST0100,PROD0035,ST002,EMP017,2,10,Bank Transfer,Returned
TXN004712,2025-09-06,CUST0084,PROD0031,ST003,EMP008,3,22,Cash,Completed
TXN001346,2025-10-02,CUST0044,PROD0049,ST002,EMP017,2,19,Khalti  ,Returned
  TXN000619,2025-10-22,CUST0003,PROD0042,ST005,EMP010,1,26,Khalti,Completed
TXN002966,2025-10-03,CUST0052,PROD0034,ST005,EMP020,7,8,Bank Transfer,Completed
TXN002462,2025-03-21,CUST0010,PROD0015,ST003,EMP018,3,0,Bank Transfer,Completed
TXN003270,2025-05-13,CUST0008,PROD0010,ST004,EMP009,1,16,Khalti,Cancelled
TXN002956,2025-05-21,CUST0062,PROD0023,ST001,EMP001,5,13,Cash,Returned
TXN004335,2025-03-24,CUST0022,PROD0020,ST002,EMP007,2,23,eSewa,Completed
TXN001511,2025-04-08,CUST0025,PROD0014,ST001,EMP016,5,27,eSewa,Completed
TXN002631,2025-03-02,CUST0032,PROD0020,ST004,EMP014,1,14,Bank Transfer,Cancelled
TXN004566,2025-01-06,CUST0095,PROD0014,ST002,EMP012,1,10,eSewa,Completed
TXN002374,2025-02-12,CUST0073,PROD0036,ST004,EMP009,2,16,Khalti,Completed
TXN003278,2025-09-23,CUST0009,PROD0023,ST004,EMP004,3,17,Cash,Returned
TXN000703,2025-07-31,CUST0021,PROD0059,ST005,EMP010,4,0,Cash,Completed
TXN001518,2025-12-04,CUST0081,PROD0045,ST004,EMP009,8,,Khalti,Completed
TXN002425,2025-03-23,CUST0068,PROD0058,ST004,EMP019,2,0,Khalti,Cancelled
TXN003861,2025-04-15,CUST0065,PROD0005,ST001,EMP011,3,6,eSewa,Cancelled
TXN003079,2025-07-15,CUST0079,PROD0008,ST003,EMP008,1,17,Cash,Completed
TXN000429,2025-02-17,CUST0067,PROD0035,ST005,EMP005,5,5,Cash,Completed
TXN002859,2025-09-03,CUST0057,PROD0011,ST004,EMP014,5,29,Bank Transfer,completed
TXN001281,2025-10-14,CUST0007,PROD0011,ST002,EMP012,5,14,eSewa,Cancelled
TXN001859,2025-06-20,CUST0064,PROD0009,ST005,EMP005,4,25,eSewa,Returned
TXN000305,2025-05-21,CUST0033,PROD0009,ST004,EMP009,5,5,Bank Transfer,Cancelled
TXN001238,2025-08-17,CUST0074,PROD0025,ST002,EMP012,3,0,Khalti,Completed
TXN002609,2025-02-08,CUST0029,PROD0055,ST001,EMP016,7,29,eSewa,Completed
TXN000821,2025-03-24,CUST0090,PROD0041,ST005,EMP015,4,20,eSewa,Cancelled
TXN003935,2025-01-29,CUST0026,PROD0040,ST001,EMP001,4,0,Card,Completed
TXN000871,2025-05-02,CUST0009,PROD0010,ST002,EMP012,2,,Cash,Cancelled
TXN004494,2025-04-27,CUST0083,PROD0027,ST004,EMP019,5,29,Card,Returned
TXN003653,2025-11-08,CUST0071,PROD0025,ST001,EMP011,4,9,Card,Completed
TXN001709,2025-04-15,CUST0077,PROD0030,ST001,EMP011,4,22,Card,Completed
TXN000045,2025-07-13,CUST0048,PROD0058,ST004,EMP014,7,27,Bank Transfer,Completed
TXN000311,2025-05-09,CUST0045,PROD0015,ST005,EMP015,4,1,Bank Transfer,Cancelled
TXN004686,2025-06-15,CUST0032,PROD0025,ST002,EMP007,3,7,Card,Completed
TXN003040,2025-01-20,CUST0009,PROD0033,ST004,EMP009,3,25,Card,Returned
TXN003371,2025-04-11,CUST0049,PROD0015,ST003,EMP003,6,22,eSewa,Completed
TXN004551,2025-01-20,CUST0079,PROD0010,ST005,EMP005,7,11,Khalti,Cancelled
TXN001399,2025-03-06,CUST0062,PROD0020,ST004,EMP019,4,6,eSewa,Completed
TXN002117,2025-10-09,CUST0089,PROD0010,ST003,EMP018,6,27,Cash,Completed
TXN003170,2025-10-16,CUST0084,PROD0040,ST002,EMP012,5,30,Cash,Cancelled
TXN002588,2025-11-06,CUST0018,PROD0047,ST001,EMP011,1,11,Cash,Completed
TXN001179,2025-02-16,CUST0039,PROD0056,ST002,EMP012,4,,Khalti,Returned
TXN003637,2025-09-08,CUST0023,PROD0005,ST001,EMP011,4,12,Khalti,Completed
TXN002905,2025-07-02,CUST0026,PROD0027,ST004,EMP014,4,16,Cash,Returned
TXN002883,2025-02-19,CUST0008,PROD0035,ST005,EMP005,1,4,eSewa,COMPLETED
TXN002129,2025-01-18,CUST0096,PROD0031,ST002,EMP007,1,15,Bank Transfer,Completed
TXN001502,2025-03-06,CUST0098,PROD0039,ST002,EMP007,-7,,Cash,Completed
TXN001985,2025-03-04,CUST0078,PROD0009,ST005,EMP015,7,22,Bank Transfer,Returned
TXN001895,00/00/2025,CUST0082,PROD0006,ST005,EMP020,8,27,Cash,Completed
TXN003150,2025-03-27,CUST0074,PROD0048,ST004,EMP014,4,12,Khalti,Completed
TXN001310,2025-05-07,CUST0023,PROD0026,ST003,EMP013,7,3,Cash,Completed
TXN002693,2025-05-06,CUST0055,PROD0033,ST003,EMP013,1,6,Khalti,Returned
TXN003720,2025-09-30,CUST0050,PROD0012,ST005,EMP010,7,11,Khalti,Completed
TXN001495,2025-05-11,CUST0029,PROD0045,ST002,EMP012,2,25,eSewa,Completed
TXN000606,2025-06-12,CUST0094,PROD0012,ST003,EMP013,3,25,Card,Returned
TXN004005,2025-07-18,CUST0039,PROD0060,ST002,EMP012,2,17,Bank Transfer,COMPLETED
TXN001757,2025-10-14,CUST0096,PROD0052,ST003,EMP013,8,6,eSewa,Cancelled
TXN000370,2025-09-24,CUST0098,PROD0005,ST004,EMP004,8,21,Khalti,Completed
TXN001875,2025-11-02,CUST0063,PROD0035,ST002,EMP002,3,21,Cash,Completed
TXN000099,2025-11-29,CUST0042,PROD0026,ST003,EMP018,2,30,Card,Completed
TXN002715,2025-09-26,CUST0083,PROD0034,ST005,EMP015,8,19,eSewa,Cancelled
TXN000841,2025-12-06,CUST0013,PROD0055,ST004,EMP019,6,22,Bank Transfer,Returned
TXN001704,2025-09-01,CUST0087,PROD0038,ST004,EMP004,2,13,eSewa,Completed
TXN003265,2025-05-09,CUST0023,PROD0030,ST003,EMP013,6,7,eSewa,Returned
TXN003370,2025-08-07,CUST0012,PROD0014,ST001,EMP011,4,7,Cash,Cancelled
  TXN001952,2025-08-23,CUST0058,PROD0010,ST005,EMP010,4,14,Bank Transfer,Completed
TXN003261,2025-01-16,CUST0034,PROD0056,ST003,EMP003,2,2,Bank Transfer,Completed
TXN000040,2025-06-01,CUST0089,PROD0008,ST005,EMP010,6,4,Khalti,Completed
TXN000877,2025-08-17,CUST0087,PROD0049,ST003,EMP003,1,10,Bank Transfer,Completed
TXN004385,2025-11-29,CUST0069,PROD0014,ST003,EMP008,7,13,Cash,Cancelled
TXN001211,2025-11-18,CUST0033,PROD0012,ST003,EMP018,3,24,Card,Completed
  TXN004475 ,2025-03-14,CUST0057,PROD0054,ST004,EMP014,8,19,eSewa,Completed
TXN000093,2025-11-09,CUST0009,PROD0034,ST005,EMP005,3,20,Card,Completed
TXN001304,2025-12-20,CUST0025,PROD0012,ST003,EMP003,2,8,Bank Transfer,Completed
TXN003042,2025-04-14,CUST0018,PROD0049,ST005,EMP015,1,,Card,Completed
TXN002602,2025-04-20,CUST0060,PROD0060,ST003,EMP013,7,7,Cash,returned
TXN002594,2025-11-20,CUST0092,PROD0060,ST001,EMP006,7,23,eSewa,Completed
TXN000899,2025-06-02,CUST0098,PROD0037,ST002,EMP007,4,11,Khalti,Completed
TXN000373,2025-01-24,CUST0042,PROD0004,ST005,EMP010,3,23,Bank Transfer,Completed
TXN001614,2025-03-01,CUST0067,PROD0025,ST001,EMP006,4,8,eSewa,Completed
TXN002623,2025-11-08,CUST0052,PROD0002,ST004,EMP004,6,4,Khalti,Completed
TXN003763,2025-06-30,CUST0034,PROD0052,ST001,EMP006,2,6,Bank Transfer,Completed
TXN000769,2025-09-06,CUST0041,PROD0034,ST002,EMP017,3,15,Khalti,Completed
TXN000325,2025-08-19,CUST0019,PROD0041,ST002,EMP007,7,22,Cash,Returned
TXN000169,2025-07-16,CUST0078,PROD0057,ST005,EMP020,7,24,Card,Completed
TXN003899,2025-12-14,CUST0013,PROD0002,ST001,EMP001,6,23,Card,Returned
TXN000691,2025-03-28,CUST0071,PROD0054,ST002,EMP007,1,28,Bank Transfer,RETURNED
TXN001717,2025-03-29,CUST0032,PROD0050,ST003,EMP003,1,4,Card,Cancelled
TXN003362,2025-06-24,CUST0093,PROD0001,ST004,EMP014,8,18,Khalti,Completed
TXN001054,2025-12-05,CUST0070,PROD0044,ST002,EMP012,5,18, Khalti ,Completed
TXN000186,2025-12-10,CUST0063,PROD0022,ST004,EMP019,4,28,Card,Completed
TXN000366,2025-09-09,CUST0023,PROD0001,ST002,EMP012,2,21,Cash,Completed
TXN002617,2025-12-02,CUST0013,PROD0019,ST004,EMP009,4,1,Bank Transfer,Completed
TXN002419,2025-05-18,CUST0090,PROD0014,ST002,EMP002,2,26,Khalti,Completed
TXN001133,2025-09-21,CUST0004,PROD0014,ST005,EMP005,8,5,Cash,Completed
TXN000590,2025-12-16,CUST0080,PROD0021,ST002,EMP017,7,28,Cash,Returned
TXN004665,2025-06-22,CUST0087,PROD0055,ST003,EMP008,7,27,Card,Cancelled
TXN004507,2025-08-14,CUST0070,PROD0054,ST001,EMP001,6,22,Cash,Completed
TXN002326,2025-06-07,CUST0058,PROD0021,ST002,EMP012,2,15,Cash,Completed
TXN000914,2025-07-03,CUST0058,PROD0008,ST004,EMP009,7,10,Khalti,Completed
TXN004802,2025-10-08,CUST0098,PROD0056,ST005,EMP010,8,,eSewa,Returned
TXN003574,2025-03-10,CUST0030,PROD0047,ST001,EMP016,2,12,Bank Transfer,Completed
TXN003412,2025-04-20,CUST0021,PROD0007,ST004,EMP014,5,11,Bank Transfer,Completed
TXN002210,2025-12-29,CUST0049,PROD0060,ST005,EMP020,8,6,Cash,Returned
TXN004378,2025-04-05,CUST0057,PROD0036,ST005,EMP005,1,3,Card,Completed
TXN000773,2025-02-02,CUST0012,PROD0048,ST004,EMP009,3,7,Card,Returned
TXN002584,2025-01-18,CUST0071,PROD0039,ST003,EMP018,4,14,eSewa,Completed
TXN001113,2025-04-17,CUST0025,PROD0028,ST004,EMP019,1,28,eSewa,Returned
TXN004314,2025-04-19,CUST0009,PROD0028,ST004,EMP019,8,30,Cash,Completed
TXN003418,2025-03-14,CUST0092,PROD0019,ST002,EMP002,8,20,Card,Completed
TXN004867,2025-04-04,CUST0030,PROD0028,ST003,EMP003,6,2,Bank Transfer,Completed
TXN003415,2025-10-26,CUST0040,PROD0032,ST004,EMP014,6,15,KHALTI,Cancelled
TXN001731,2025-10-21,CUST0018,PROD0017,ST004,EMP014,8,25,eSewa,Completed
TXN001140,2025-12-20,CUST0023,PROD0032,ST003,EMP008,4,3,Khalti,Returned
TXN001491,2025-03-31,CUST0059,PROD0004,ST004,EMP004,7,8,eSewa,Completed
 TXN001468 ,2025-08-08,CUST0022,PROD0015,ST001,EMP016,6,12,Bank Transfer,Completed
TXN004039,2025-08-19,CUST0068,PROD0028,ST005,EMP015,4,17,Cash,Completed
TXN000545,2025-05-16,CUST0038,PROD0020,ST004,EMP004,-4,12,Card,Completed
TXN001765,2025-07-05,CUST0034,PROD0052,ST005,EMP020,5,15,Card,Returned
TXN004106,2025-07-11,CUST0041,PROD0043,ST004,EMP009,7,20,Bank Transfer,completed
TXN003167,2025-01-27,CUST0061,PROD0008,ST002,EMP017,1,12,eSewa,Completed
TXN002736,2025-09-27,CUST0061,PROD0041,ST002,EMP012,1,0,eSewa,Completed
TXN002502,2025-03-17,CUST0027,PROD0018,ST005,EMP010,2,8,Bank Transfer,Completed
TXN000936,2025-01-31,CUST0006,PROD0058,ST002,EMP007,1,23,eSewa,Completed
TXN003963,2025-01-07,CUST0081,PROD0001,ST001,EMP011,8,10,eSewa,Completed
TXN000643,2025-12-22,CUST0013,PROD0009,ST004,EMP014,6,11,  Khalti,Completed
TXN002051,2025-12-29,CUST0052,PROD0044,ST005,EMP005,7,0,eSewa,Completed
TXN002656,2025-05-14,CUST0019,PROD0009,ST005,EMP005,8,3,Cash,Completed
TXN004535,2025-04-30,CUST0070,PROD0048,ST001,EMP016,6,12,Khalti,Completed
TXN002699,2025-11-20,CUST0089,PROD0047,ST002,EMP007,4,5,Khalti,Cancelled
TXN001725,2025-02-07,CUST0004,PROD0021,ST003,EMP018,5,28,Khalti,Completed
TXN001552,2025-05-12,CUST0096,PROD0015,ST005,EMP005,7,22,Bank Transfer,Returned
TXN004082,2025-06-24,CUST0044,PROD0026,ST002,EMP012,1,0,Bank Transfer,Completed
TXN001091,2025-04-02,CUST0092,PROD0054,ST001,EMP011,3,3,Cash,Cancelled
TXN000349,2025-08-07,CUST0086,PROD0024,ST002,EMP002,6,,eSewa,Completed
TXN002690,2025-01-25,CUST0069,PROD0055,ST001,EMP011,4,,Bank Transfer,Completed
TXN004467,2025-02-01,CUST0096,PROD0047,ST001,EMP006,2,6,Card,Cancelled
TXN003684,2025-01-03,CUST0009,PROD0014,ST003,EMP003,5,18,Cash,Completed
TXN002413,2025-08-12,CUST0051,PROD0042,ST002,EMP002,8,9,Cash,Returned
TXN000564,2025-10-26,CUST0085,PROD0056,ST003,EMP018,2,30,eSewa,Cancelled
TXN004976,2025-11-03,CUST0032,PROD0024,ST001,EMP011,4,14,Khalti,Returned
TXN002526,2025-03-27,CUST0040,PROD0009,ST003,EMP003,1,4,Cash,Completed
TXN004171,2025-12-12,CUST0029,PROD0041,ST004,EMP009,2,29,Cash,Completed
 TXN000763  ,2025-11-28,CUST0016,PROD0046,ST003,EMP018,1,1,eSewa,Completed
TXN002943,2025-09-20,CUST0095,PROD0032,ST004,EMP009,4,15,Khalti,Cancelled
TXN001982,2025-03-21,CUST0039,PROD0049,ST004,EMP019,5,4,Card,Cancelled
TXN004980,2025-05-13,CUST0030,PROD0059,ST003,EMP008,1,4,Bank Transfer,Completed
TXN002853,2025-05-07,CUST0054,PROD0058,ST005,EMP010,2,17,Khalti,Returned
TXN002919,2025-08-26,CUST0023,PROD0037,ST005,EMP020,3,15,BAnK TrANsFER,Completed
TXN001585,2025-05-24,CUST0067,PROD0018,ST003,EMP008,5,16,Bank Transfer,Completed
TXN005000,2025-08-12,CUST0024,PROD0041,ST001,EMP016,3,7,eSewa,Cancelled
TXN002756,2025-07-28,CUST0094,PROD0051,ST004,EMP004,8,4,Khalti,Completed
TXN004115,2025-01-26,CUST0032,PROD0037,ST004,EMP009,7,14,Bank Transfer,Returned
TXN000700,2025-07-20,CUST0034,PROD0044,ST001,EMP011,8,1,eSewa,Completed
TXN000410,2025-10-19,CUST0013,PROD0030,ST004,EMP014,5,24,Bank Transfer,Completed
TXN000759,2025-01-12,CUST0077,PROD0037,ST003,EMP003,6,20,Khalti,Cancelled
TXN002009,2025-08-20,CUST0027,PROD0027,ST001,EMP001,3,4,BANK TRANSFER,Completed
TXN001465,2025-08-24,CUST0015,PROD0059,ST005,EMP010,3,12,Bank Transfer,Completed
TXN002446,2025-03-08,CUST0090,PROD0045,ST001,EMP011,8,15,Khalti,Completed
TXN004439,2025-02-25,CUST0093,PROD0049,ST003,EMP013,8,10,Khalti,Completed
TXN003196,2025-04-21,CUST0059,PROD0038,ST005,EMP015,7,17,Card,COMPLETED
 TXN000942  ,2025-10-16,CUST0061,PROD0002,ST005,EMP020,4,22,Cash,Completed
TXN001589,2025-03-10,CUST0009,PROD0028,ST001,EMP001,6,16,Card,Completed
TXN003610,2025-03-09,CUST0085,PROD0015,ST001,EMP006,4,26,Khalti,Completed
TXN004974,2025-12-17,CUST0035,PROD0032,ST005,EMP010,8,18,eSewa,Cancelled
TXN004278,2025-09-02,CUST0067,PROD0039,ST005,EMP020,4,18,eSewa,Completed
TXN004031,2025-02-11,CUST0066,PROD0052,ST001,EMP006,2,12,Bank Transfer,Completed
  TXN002473,2025-03-22,CUST0012,PROD0050,ST001,EMP001,3,12,Card,Completed
TXN002402,2025-07-04,CUST0028,PROD0056,ST001,EMP011,6,0,eSEWa,Completed
TXN000940,2025-04-16,CUST0003,PROD0035,ST003,EMP013,8,10,eSewa,Completed
TXN000493,2025-01-07,CUST0002,PROD0026,ST001,EMP006,7,21,eSewa,CANCELLED
TXN003140,2025-04-11,CUST0064,PROD0035,ST002,EMP002,6,20,Card,Completed
TXN000102,2025-09-13,CUST0059,PROD0033,ST001,EMP016,3,3,Bank Transfer,Cancelled
TXN004188,2025-05-04,CUST0095,PROD0050,ST003,EMP003,4,24,eSewa,Completed
TXN000447,2025-03-13,CUST0051,PROD0045,ST003,EMP003,5,16,eSewa,Cancelled
TXN002939,2025-12-02,CUST0042,PROD0060,ST003,EMP008,5,23,Khalti,Completed
TXN002352,2025-06-08,CUST0004,PROD0039,ST004,EMP004,6,27,Khalti,Completed
TXN004959,NaT,CUST0064,PROD0043,ST003,EMP013,8,10,Cash,Completed
TXN003751,2025-10-06,CUST0018,PROD0014,ST002,EMP007,6,22,Khalti,Completed
TXN004851,2025-07-29,CUST0023,PROD0004,ST003,EMP013,3,28,eSewa,Completed
TXN004602,2025-01-08,CUST0098,PROD0015,ST005,EMP015,6,6,Cash,Completed
TXN002276,2025-08-11,CUST0098,PROD0032,ST001,EMP006,7,20,eSewa,Returned
TXN003509,2025-04-14,CUST0037,PROD0013,ST004,EMP004,2,23,Card,Cancelled
TXN000784,2025-02-07,CUST0061,PROD0009,ST004,EMP004,6,26,Card,Completed
TXN003145,2025-12-03,CUST0002,PROD0059,ST004,EMP009,4,28,Bank Transfer,Returned
TXN004540,2025-10-21,CUST0014,PROD0028,ST004,EMP004,7,23,Khalti,Completed
TXN003182,2025-09-11,CUST0076,PROD0052,ST001,EMP006,1,3,eSewa,Cancelled
TXN001041,2025-05-31,CUST0090,PROD0048,ST002,EMP002,3,23,Cash,Completed
TXN003428,2025-11-04,CUST0072,PROD0014,ST004,EMP009,6,18,eSewa,Returned
TXN003384,2025-04-11,CUST0030,PROD0032,ST004,EMP009,7,3,Cash,Completed
TXN000166,2025-03-26,CUST0048,PROD0045,ST002,EMP017,8,23,Khalti,Completed
TXN000353,2025-11-22,CUST0034,PROD0020,ST005,EMP005,8,9,Khalti,Completed
TXN001210,2025-11-21,CUST0042,PROD0001,ST001,EMP011,6,6,Khalti,Completed
TXN003215,2025-06-02,CUST0048,PROD0026,ST001,EMP001,3,15,eSewa,cancelled
TXN002798,2025-10-20,CUST0005,PROD0039,ST002,EMP012,3,14,Card,COMPLETED
TXN002696,2025-04-01,CUST0014,PROD0050,ST003,EMP008,8,8,Card,returned
TXN003683,2025-12-13,CUST0068,PROD0005,ST003,EMP013,5,3,Bank Transfer,Returned
TXN001341,2025-11-01,CUST0013,PROD0046,ST001,EMP006,7,9,Card,Cancelled
TXN000818,2025-11-26,CUST0006,PROD0039,ST003,EMP013,2,24,Card,Completed
TXN004548,2025-10-25,CUST0060,PROD0015,ST005,EMP005,2,10,Khalti,Cancelled
TXN004619,2025-08-17,CUST0039,PROD0039,ST001,EMP006,7,10,eSewa,Completed
TXN004129,2025-01-23,CUST0090,PROD0028,ST003,EMP003,8,23,Cash,Completed
TXN000653,2025-09-05,CUST0009,PROD0059,ST003,EMP013,7,5,Bank Transfer,Cancelled
TXN004301,2025-01-07,CUST0067,PROD0048,ST003,EMP008,5,,Khalti,Returned
TXN002249,2025-01-04,CUST0085,PROD0019,ST001,EMP011,5,15,Card,RETURNED
TXN003596,2025-09-29,CUST0033,PROD0033,ST002,EMP012,8,4,Card,Completed
TXN003135,2025-03-21,CUST0040,PROD0023,ST003,EMP018,7,6,Card,Completed
TXN003393,2025-12-29,CUST0023,PROD0040,ST005,EMP015,6,7,Khalti,Returned
TXN003355,2025-03-15,CUST0030,PROD0038,ST004,EMP019,7,19,eSewa,Returned
TXN003450,2025-11-03,CUST0057,PROD0020,ST002,EMP002,8,1,Cash,Completed
TXN003305,2025-12-27,CUST0066,PROD0015,ST005,EMP010,1,29,Card,Cancelled
TXN000433,2025-08-05,CUST0034,PROD0038,ST003,EMP013,8,23,Khalti,Completed
TXN000333,2025-03-18,CUST0029,PROD0058,ST004,EMP019,1,15,Bank Transfer,Completed
TXN002761,2025-12-07,CUST0084,PROD0021,ST004,EMP004,2,12,eSewa,Returned
TXN004710,2025-12-24,CUST0061,PROD0015,ST002,EMP002,7,28,Khalti,Completed
TXN001403,2025-01-10,CUST0052,PROD0026,ST001,EMP001,6,1,Card,Completed
TXN002714,2025-06-12,CUST0049,PROD0002,ST004,EMP014,2,24,eSewa,Completed
TXN000175,2025-12-30,CUST0029,PROD0059,ST005,EMP015,6,19,Card,Cancelled
TXN003856,2025-07-11,CUST0055,PROD0011,ST004,EMP019,3,7,Bank Transfer,Returned
TXN002935,2025-05-30,CUST0077,PROD0037,ST002,EMP002,5,5,Bank Transfer,Returned
TXN000797,2025-03-13,CUST0002,PROD0009,ST004,EMP019,8,25,Card,Cancelled
TXN004996,2025-02-17,CUST0001,PROD0012,ST001,EMP006,6,3,Bank Transfer,Completed
TXN002559,2025-11-04,CUST0092,PROD0012,ST002,EMP002,5,7,Khalti,Completed
TXN000913,2025-11-23,CUST0039,PROD0053,ST003,EMP013,2,0,Cash,Completed
TXN004770,2025-12-30,CUST0019,PROD0040,ST002,EMP007,2,22,Bank Transfer,Completed
TXN002158,2025-08-19,CUST0092,PROD0010,ST002,EMP007,4,19,Khalti,Returned
TXN000850,2025-03-07,CUST0072,PROD0055,ST003,EMP003,1,7,Cash,Completed
TXN004503,2025-12-19,CUST0094,PROD0029,ST001,EMP011,5,13,eSewa,Returned
TXN002441,2025-05-19,CUST0022,PROD0053,ST003,EMP013,7,3,Khalti,Completed
TXN001662,2025-03-13,CUST0036,PROD0002,ST002,EMP002,7,22,Bank Transfer,Returned
TXN004552,2025-01-27,CUST0007,PROD0029,ST005,EMP015,6,15,eSewa,Completed
TXN001361,2025-01-18,CUST0100,PROD0047,ST004,EMP009,4,16,Bank Transfer,Completed
TXN004024,2025-04-04,CUST0004,PROD0012,ST001,EMP011,8,12,Bank Transfer,Completed
TXN000005,2025-09-17,CUST0070,PROD0033,ST002,EMP017,1,20,Khalti,COMPLETED
TXN004521,2025-05-20,CUST0044,PROD0002,ST002,EMP007,3,23,Bank Transfer,Completed
TXN003026,2025-12-11,CUST0032,PROD0012,ST001,EMP001,7,17,Cash,Returned
TXN002649,2025-08-27,CUST0096,PROD0028,ST002,EMP017,1,7,Bank Transfer,Completed
TXN003844,2025-03-03,CUST0078,PROD0041,ST002,EMP017,8,27,eSewa,Completed
TXN000033,2025-11-12,CUST0090,PROD0018,ST003,EMP018,4,16,Card,Cancelled
TXN000848,2025-01-06,CUST0100,PROD0032,ST002,EMP007,7,4,Card,Completed
TXN003152,2025-05-02,CUST0028,PROD0022,ST004,EMP014,5,12,Card,Returned
TXN004105,2025-11-21,CUST0054,PROD0024,ST004,EMP014,6,3,Bank Transfer,Completed
TXN004425,2025-08-29,CUST0090,PROD0056,ST002,EMP007,1,3,Card,Cancelled
TXN003149,2025-12-02,CUST0081,PROD0011,ST001,EMP016,3,6,Cash,Completed
TXN002957,2025-05-19,CUST0012,PROD0047,ST001,EMP001,4,,Cash,Completed
TXN001504,2025-06-14,CUST0067,PROD0052,ST002,EMP007,3,15,Card,Completed
TXN001284,2025-03-30,CUST0032,PROD0058,ST001,EMP011,5,2,Card,Completed
TXN003630,2025-01-26,CUST0056,PROD0024,ST002,EMP007,3,28,card,Completed
TXN001294,2025-12-17,CUST0088,PROD0025,ST005,EMP020,6,10,Card,Cancelled
TXN002844,2025-06-22,CUST0035,PROD0023,ST003,EMP018,8,24,Khalti,Completed
TXN004246,2025-12-08,CUST0086,PROD0013,ST001,EMP006,2,17,Khalti,Completed
TXN004144,2025-06-17,CUST0060,PROD0018,ST004,EMP004,4,10,Khalti,Returned
 TXN001700,2025-08-28,CUST0031,PROD0001,ST004,EMP004,4,,Bank Transfer,Completed
TXN003386,2025-02-01,CUST0053,PROD0016,ST003,EMP018,8,10,eSewa,Completed
TXN000294,2025-12-31,CUST0023,PROD0043,ST003,EMP008,8,10,Bank Transfer,Completed
TXN000399,2025-05-25,CUST0096,PROD0024,ST004,EMP009,5,8,Bank Transfer,Completed
TXN002297,2025-08-03,CUST0090,PROD0021,ST004,EMP019,6,14,Bank Transfer,Completed
TXN001401,2025-03-05,CUST0037,PROD0042,ST004,EMP009,2,24,  Card ,Returned
TXN000017,2025-06-12,CUST0074,PROD0005,ST004,EMP014,2,11,Card,Returned
TXN002409,2025-08-13,CUST0043,PROD0003,ST005,EMP010,3,19,eSewa,Cancelled
TXN000717,2025-10-28,CUST0014,PROD0009,ST004,EMP019,7,18,Bank Transfer,Completed
TXN002028,2025-05-26,CUST0082,PROD0050,ST003,EMP013,4,11,Bank Transfer,COmpleted
TXN000056,2025-04-28,CUST0038,PROD0010,ST004,EMP014,7,17,eSewa,Completed
TXN001250,2025-09-16,CUST0064,PROD0051,ST005,EMP020,3,1,Cash,Completed
TXN003126,2025-11-24,CUST0069,PROD0038,ST003,EMP013,8,7,Bank Transfer,Completed
TXN004108,2025-01-11,CUST0078,PROD0022,ST002,EMP002,5,17,Khalti,Completed
TXN002106,2025-09-27,CUST0072,PROD0003,ST005,EMP010,1,22,Cash,Returned
TXN004469,2025-01-27,CUST0011,PROD0026,ST005,EMP020,2,10,Card,Cancelled
TXN002786,2025-09-10,CUST0084,PROD0051,ST004,EMP004,7,0,Khalti,Completed
TXN000837,2025-10-18,CUST0042,PROD0025,ST001,EMP001,6,6,Bank Transfer,Completed
TXN002105,2025-01-14,CUST0015,PROD0050,ST005,EMP005,3,22,Card,Returned
TXN004305,2025-12-25,CUST0044,PROD0059,ST003,EMP003,2,12,Bank Transfer,Returned
TXN002490,2025-01-26,CUST0010,PROD0047,ST001,EMP016,7,25,Khalti,Returned
TXN001834,2025-04-05,CUST0016,PROD0051,ST005,EMP010,2,27,Bank Transfer,Completed
TXN004979,2025-10-14,CUST0008,PROD0046,ST002,EMP002,8,0,Card,Returned
TXN001815,2025-09-03,CUST0020,PROD0002,ST004,EMP009,7,19,Khalti,Completed
TXN003094,2025-11-28,CUST0086,PROD0056,ST003,EMP018,1,2,Card,Returned
TXN002688,2025-06-26,CUST0026,PROD0055,ST002,EMP017,2,4,eSewa,Completed
TXN001582,2025-12-05,CUST0085,PROD0060,ST002,EMP017,5,1,Card,Cancelled
TXN001246,2025-06-04,CUST0016,PROD0028,ST002,EMP007,4,3,Card,Completed
TXN002415,2025-08-13,CUST0034,PROD0016,ST005,EMP005,1,,Cash,Completed
TXN001289,2025-02-21,CUST0099,PROD0005,ST004,EMP019,3,3,Bank Transfer,CoMpleteD
TXN000822,2025-04-27,CUST0043,PROD0023,ST003,EMP003,6,23,Cash,Cancelled
TXN001048,2025-10-21,CUST0081,PROD0027,ST005,EMP020,7,26,Bank Transfer,Cancelled
TXN000199,2025-11-07,CUST0088,PROD0027,ST002,EMP017,2,19,Cash,Returned
TXN003290,2025-08-02,CUST0036,PROD0014,ST004,EMP004,1,6,Card,Completed
TXN000125,2025-12-01,CUST0091,PROD0002,ST001,EMP016,3,1,Cash,Completed
TXN004307,2025-12-23,CUST0048,PROD0030,ST005,EMP015,7,4,Card,Completed
TXN002955,2025-12-12,CUST0083,PROD0029,ST001,EMP001,2,2,Cash,Completed
TXN002397,2025-07-19,CUST0006,PROD0018,ST004,EMP009,6,5,Bank Transfer,Completed
TXN004898,2025-05-27,CUST0099,PROD0011,ST003,EMP013,2,4,Khalti,Completed
TXN004019,2025-01-28,CUST0036,PROD0022,ST002,EMP017,3,15,KHALTI,Cancelled
TXN004413,2025-04-27,CUST0033,PROD0036,ST002,EMP007,1,30,Card,Completed
TXN004925,2025-11-03,CUST0070,PROD0020,ST005,EMP005,5,19,Cash,Cancelled
TXN001490,2025-07-17,CUST0088,PROD0008,ST004,EMP019,2,12,Card,Completed
TXN001103,2025-05-10,CUST0003,PROD0037,ST003,EMP008,8,5,Khalti,Returned
TXN002256,2025-11-04,CUST0057,PROD0049,ST002,EMP012,8,16,Card,Completed
TXN003437,2025-12-27,CUST0080,PROD0038,ST001,EMP011,3,8,CASH,Completed
TXN000496,2025-05-05,CUST0031,PROD0048,ST005,EMP010,2,9,Card,Completed
TXN002664,2025-07-01,CUST0048,PROD0027,ST004,EMP014,8,24,Khalti,Completed
TXN000979,2025-08-02,CUST0069,PROD0053,ST004,EMP009,1,25,eSewa,Returned
TXN002174,2025-07-15,CUST0040,PROD0027,ST001,EMP011,-7,25,Cash,Completed
TXN002530,2025-10-04,CUST0029,PROD0031,ST003,EMP003,1,2,Cash,Returned
TXN003920,2025-06-10,CUST0018,PROD0041,ST003,EMP018,6,4,Card,Completed
TXN004205,2025-03-01,CUST0083,PROD0029,ST001,EMP016,5,2,Bank Transfer,Cancelled
TXN000397,2025-11-07,CUST0061,PROD0059,ST003,EMP008,-1,12,eSewa,Completed
TXN004853,2025-12-07,CUST0044,PROD0060,ST005,EMP015,2,26,Cash,Completed
TXN003156,2025-11-30,CUST0042,PROD0041,ST004,EMP019,1,29,Bank Transfer,Returned
TXN004476,2025-06-08,CUST0032,PROD0042,ST002,EMP007,8,6,Cash,Completed
TXN002903,2025-05-03,CUST0089,PROD0034,ST003,EMP008,2,24,cARD,Completed
TXN002587,2025-04-01,CUST0030,PROD0029,ST001,EMP011,6,25,eSewa,Cancelled
TXN004146,2025-10-10,CUST0041,PROD0060,ST004,EMP004,3,1,Bank Transfer,Completed
TXN002561,2025-08-21,CUST0007,PROD0024,ST003,EMP008,1,22,Khalti,Completed
TXN002004,2025-01-08,CUST0027,PROD0014,ST001,EMP006,1,1,Bank Transfer,Cancelled
TXN000907,2025-07-10,CUST0070,PROD0011,ST001,EMP016,3,13,Card,Returned
TXN002593,,CUST0069,PROD0035,ST002,EMP007,4,21,Card,Completed
TXN003401,2025-11-07,CUST0085,PROD0005,ST004,EMP009,4,14,Card,Returned
TXN000316,2025-09-09,CUST0001,PROD0033,ST004,EMP019,8,24,Cash,Returned
TXN001276,2025-02-10,CUST0001,PROD0036,ST001,EMP016,4,11,Bank Transfer,Completed
TXN004290,2025-09-24,CUST0026,PROD0058,ST002,EMP007,8,16,Card,Cancelled
TXN001207,2025-03-17,CUST0048,PROD0044,ST003,EMP008,1,1,Khalti,Completed
TXN003672,2025-05-26,CUST0034,PROD0044,ST003,EMP013,4,20,Khalti,Returned
TXN003327,2025-06-01,CUST0092,PROD0029,ST001,EMP016,8,14,Bank Transfer,Cancelled
TXN002380,2025-11-29,CUST0049,PROD0009,ST002,EMP007,3,10,eSewa,Completed
TXN000807,2025-06-01,CUST0015,PROD0008,ST005,EMP015,3,13,Bank Transfer,Completed
TXN004113,2025-11-26,CUST0019,PROD0008,ST001,EMP006,8,11,Bank Transfer,Completed
TXN002202,2025-04-27,CUST0055,PROD0060,ST004,EMP004,2,18,Bank Transfer,Completed
TXN004109 ,2025-12-16,CUST0064,PROD0019,ST001,EMP011,5,15,Card,Completed
TXN003426,2025-03-03,CUST0005,PROD0046,ST001,EMP011,6,1,Bank Transfer,Completed
TXN002683,2025-05-24,CUST0081,PROD0004,ST001,EMP011,8,13,Card,Completed
TXN001142,2025-06-23,CUST0057,PROD0001,ST003,EMP003,2,29,eSewa,Returned
TXN004296,2025-04-25,CUST0011,PROD0018,ST005,EMP010,8,22,eSewa,Cancelled
TXN002669,2025-09-29,CUST0087,PROD0041,ST005,EMP005,6,3,BANK TRAnSFEr,Completed
TXN004758,2025-01-22,CUST0039,PROD0034,ST003,EMP003,7,29,Bank Transfer,Completed
TXN001688,2025-05-27,CUST0082,PROD0044,ST001,EMP011,7,0,Bank Transfer,Completed
TXN002765,2025-12-23,CUST0082,PROD0051,ST004,EMP004,3,30,Cash,Completed
TXN001802,2025-02-11,CUST0080,PROD0029,ST004,EMP009,1,16,eSewa,Cancelled
TXN002386,2025-09-11,CUST0004,PROD0022,ST002,EMP017,6,21,Bank Transfer,Completed
TXN001912,2025-10-12,CUST0034,PROD0017,ST003,EMP013,6,30,eSewa,Completed
TXN003973,2025-04-29,CUST0054,PROD0019,ST002,EMP012,3,9,Cash,Completed
TXN000898,2025-01-15,CUST0016,PROD0042,ST003,EMP013,8,16,Khalti,COMPLETED
TXN004636,2025-09-03,CUST0021,PROD0058,ST005,EMP005,3,7,Card,Completed
TXN004542,2025-02-26,CUST0097,PROD0026,ST002,EMP017,2,18,Card,Returned
TXN004147,2025-01-22,CUST0086,PROD0021,ST004,EMP009,4,0,Khalti,Completed
TXN002480,2025-04-15,CUST0083,PROD0008,ST004,EMP019,3,0,Cash,Completed
TXN004470,2025-12-05,CUST0085,PROD0051,ST005,EMP010,2,27,Card,Cancelled
TXN001059,2025-05-24,CUST0094,PROD0024,ST002,EMP002,5,14,Bank Transfer,Completed
TXN004500,2025-11-07,CUST0056,PROD0027,ST001,EMP011,1,26,Cash,Completed
 TXN003829,2025-02-11,CUST0087,PROD0017,ST002,EMP012,4,27,  Bank Transfer,Completed
TXN004691,2025-08-19,CUST0015,PROD0044,ST001,EMP006,8,13,eSewa,Cancelled
TXN003392,2025-11-13,CUST0012,PROD0049,ST001,EMP011,-1,11,Cash,Completed
TXN001272,2025-10-22,CUST0093,PROD0060,ST001,EMP016,5,30,Cash,Returned
TXN001340  ,2025-10-27,CUST0007,PROD0040,ST001,EMP011,1,17,Bank Transfer,Returned
TXN000386,2025-02-27,CUST0069,PROD0024,ST001,EMP016,6,7,  eSewa,Completed
TXN001132,2025-09-21,CUST0024,PROD0014,ST004,EMP014,5,19,Khalti,Completed
TXN002960,2025-11-22,CUST0016,PROD0020,ST001,EMP006,1,26,Khalti,Completed
TXN004881,2025-10-09,CUST0041,PROD0058,ST002,EMP017,8,18,Card,Completed
TXN003493,2025-09-08,CUST0022,PROD0012,ST002,EMP017,1,1,Cash,Completed
TXN000559,2025-09-15,CUST0009,PROD0031,ST004,EMP014,1,30,CaRd,Completed
TXN000279,2025-04-19,CUST0045,PROD0036,ST001,EMP011,1,8,Cash,Completed
TXN001750,2025-01-30,CUST0085,PROD0019,ST003,EMP003,3,12,ESeWA,Completed
TXN004714,2025-02-12,CUST0056,PROD0007,ST002,EMP017,-2,29,Bank Transfer,Completed
TXN001177,2025-01-02,CUST0087,PROD0051,ST001,EMP011,4,14,khalti,Completed
TXN004364,2025-03-24,CUST0078,PROD0037,ST003,EMP018,2,15,eSewa,Cancelled
TXN000124,2025-02-23,CUST0038,PROD0002,ST002,EMP002,2,5,Cash,Returned
TXN002237,2025-04-12,CUST0048,PROD0015,ST001,EMP001,6,5,Bank Transfer,Completed
 TXN003562  ,2025-10-30,CUST0016,PROD0012,ST005,EMP015,4,19,Cash,Completed
TXN003632,2025-02-02,CUST0073,PROD0011,ST003,EMP018,8,5,Bank Transfer,Completed
TXN003994,2025-03-29,CUST0060,PROD0057,ST005,EMP005,6,14,eSewa,Completed
TXN002418,2025-07-14,CUST0024,PROD0022,ST005,EMP010,-1,23,Cash,Completed
TXN004603,2025-09-28,CUST0037,PROD0029,ST004,EMP014,6,5,Card,Completed
TXN000295,2025-07-14,CUST0088,PROD0053,ST004,EMP004,6,2,Card  ,Completed
TXN002728,2025-01-04,CUST0065,PROD0043,ST002,EMP002,8,6,Bank Transfer,Completed
TXN002107,2025-10-30,CUST0074,PROD0007,ST004,EMP004,1,6,Card,Completed
TXN001620,2025-10-23,CUST0017,PROD0049,ST004,EMP014,6,6,Khalti,Completed
TXN002259,2025-10-22,CUST0007,PROD0060,ST003,EMP008,7,19,eSewa,Completed
TXN002361,2025-08-22,CUST0047,PROD0022,ST001,EMP011,5,24,Card,Cancelled
TXN001838,2025-11-27,CUST0021,PROD0010,ST002,EMP007,8,10,Bank Transfer,Completed
TXN004913,2025-01-06,CUST0019,PROD0017,ST003,EMP013,5,19,Card,Completed
TXN001676,2025-02-22,CUST0097,PROD0035,ST001,EMP016,8,21,Khalti,Completed
TXN000378,2025-02-09,CUST0061,PROD0028,ST002,EMP017,5,21,Bank Transfer,Completed
TXN002831,2025-11-20,CUST0100,PROD0032,ST003,EMP003,7,25,Khalti,Cancelled
TXN000365,2025-06-09,CUST0037,PROD0030,ST003,EMP013,8,27,Khalti,Completed
TXN000326,2025-02-30,CUST0045,PROD0027,ST005,EMP010,4,3,Bank Transfer,Completed
TXN003044,2025-12-24,CUST0094,PROD0031,ST003,EMP008,3,24,Bank Transfer,Completed
TXN002469,2025-01-24,CUST0056,PROD0027,ST004,EMP009,6,19,Khalti,Completed
TXN000739,2025-02-19,CUST0091,PROD0016,ST005,EMP015,7,4,Khalti,Completed
TXN000755,2025-05-01,CUST0072,PROD0048,ST005,EMP010,7,19,Cash,Completed
TXN003874,2025-06-19,CUST0051,PROD0003,ST004,EMP009,3,18,eSewa,Completed
TXN004166,2025-12-24,CUST0081,PROD0046,ST002,EMP002,4,25,Khalti,Completed
TXN003254,2025-12-28,CUST0080,PROD0003,ST004,EMP004,8,2,eSewa,Completed
TXN004843,2025-04-17,CUST0019,PROD0005,ST002,EMP012,2,26,Bank Transfer,Completed
TXN004150,2025-01-29,CUST0096,PROD0007,ST003,EMP013,7,29,eSewa,Completed
TXN000273,2025-11-04,CUST0059,PROD0027,ST001,EMP016,1,19,BANK TRANSFER,Completed
TXN001551,2025-06-11,CUST0076,PROD0048,ST002,EMP002,6,22,Card,Completed
TXN000308,2025-07-19,CUST0030,PROD0025,ST003,EMP018,8,13,Cash,Completed
TXN003503,2025-05-05,CUST0020,PROD0014,ST003,EMP013,5,11,Bank Transfer,Completed
TXN000717,2025-10-28,CUST0014,PROD0009,ST004,EMP019,7,18,Bank Transfer,Completed
TXN000981,2025-05-13,CUST0013,PROD0009,ST001,EMP001,3,13,Card,Completed
TXN002921,2025-10-11,CUST0048,PROD0032,ST003,EMP013,1,15,Cash,Cancelled
TXN003052,2025-05-26,CUST0026,PROD0049,ST003,EMP018,8,5,Card,Completed
TXN004736,2025-08-04,CUST0028,PROD0002,ST003,EMP003,7,19,Khalti,Completed
TXN004152,2025-10-02,CUST0017,PROD0039,ST004,EMP004,-2,6,Bank Transfer,Cancelled
TXN003850,2025-07-30,CUST0014,PROD0051,ST002,EMP017,-2,25,Bank Transfer,Completed
TXN003873,2025-01-05,CUST0079,PROD0011,ST005,EMP005,4,15,Khalti,cAnCellED
TXN001318,2025-11-13,CUST0033,PROD0036,ST001,EMP016,5,16,Card,Returned
TXN001712,2025-03-07,CUST0022,PROD0047,ST004,EMP019,-5,22,Card,Completed
  TXN004214 ,2025-08-29,CUST0012,PROD0026,ST002,EMP017,3,30,Card,Completed
TXN004141,2025-03-31,CUST0050,PROD0024,ST003,EMP018,4,15,Bank Transfer,Completed
TXN004371,2025-08-09,CUST0046,PROD0057,ST002,EMP012,4,20,Cash,Completed
TXN001469,2025-03-12,CUST0096,PROD0015,ST002,EMP012,7,22,Khalti,Completed
TXN003179,2025-07-16,CUST0010,PROD0059,ST001,EMP016,3,24,Card,Completed
TXN004311,2025-10-18,CUST0073,PROD0011,ST005,EMP005,6,3,Cash,Cancelled
TXN004886,2025-05-28,CUST0080,PROD0022,ST001,EMP011,1,10,Cash,Completed
TXN003251,2025-06-18,CUST0097,PROD0037,ST005,EMP005,5,20,eSewa,Cancelled
TXN004582,2025-09-27,CUST0003,PROD0031,ST003,EMP008,1,4,Card,Completed
TXN000550,2025-07-24,CUST0097,PROD0049,ST001,EMP011,7,25,Cash,Completed
TXN002331,2025-05-30,CUST0001,PROD0059,ST001,EMP006,2,12,Bank Transfer,Completed
TXN002312,2025-09-11,CUST0023,PROD0023,ST005,EMP020,6,8,Bank Transfer,Completed
TXN002336,2025-12-30,CUST0016,PROD0054,ST001,EMP001,1,1,Card,Completed
TXN000977,2025-07-28,CUST0006,PROD0019,ST005,EMP015,2,29,Khalti,Returned
TXN002115,2025-08-04,CUST0036,PROD0042,ST003,EMP003,4,6,Cash,Completed
TXN003967,2025-11-24,CUST0036,PROD0036,ST002,EMP017,5,17,Card,COMPLETED
TXN003495,2025-03-04,CUST0033,PROD0051,ST002,EMP002,7,10,eSewa,Completed
TXN000535,2025-05-18,CUST0069,PROD0014,ST005,EMP005,4,20,Bank Transfer,Returned
TXN000368,2025-07-24,CUST0097,PROD0051,ST004,EMP009,6,12,Khalti,Returned
TXN002270,2025-12-15,CUST0012,PROD0024,ST001,EMP016,8,2,Bank Transfer,Completed
TXN000737,2025-08-24,CUST0045,PROD0030,ST005,EMP005,1,5,eSewa,Completed
TXN000941,2025-12-24,CUST0019,PROD0046,ST002,EMP012,7,6,eSewa,Completed
TXN004077,2025-06-12,CUST0019,PROD0016,ST001,EMP001,3,27,Cash,Completed
TXN004017,2025-12-16,CUST0015,PROD0042,ST001,EMP016,7,8,Card,Completed
TXN001541,2025-08-13,CUST0084,PROD0012,ST004,EMP019,8,22,Card,Completed
TXN000159,2025-10-19,CUST0054,PROD0059,ST004,EMP004,8,11,Bank Transfer,Completed
TXN003256,2025-12-29,CUST0014,PROD0020,ST002,EMP017,5,14,eSewa,Completed
TXN000049,2025-06-14,CUST0074,PROD0039,ST001,EMP011,4,21,Bank Transfer,Completed
TXN004365,2025-09-15,CUST0051,PROD0022,ST003,EMP008,4,9,Khalti,Completed
TXN001086,2025-03-30,CUST0026,PROD0007,ST001,EMP011,6,13,Khalti,Cancelled
TXN003594,2025-07-29,CUST0074,PROD0007,ST004,EMP004,1,11,Bank Transfer,Returned
TXN001894,2025-01-06,CUST0047,PROD0051,ST005,EMP015,3,7,Card,Completed
TXN002399,2025-08-04,CUST0057,PROD0050,ST005,EMP005,8,6,Bank Transfer,Completed
TXN003332,2025-09-30,CUST0064,PROD0031,ST004,EMP004,6,20,Khalti,Completed
TXN001121,2025-02-24,CUST0023,PROD0016,ST004,EMP014,3,13,CASH,Completed
TXN000586,2025-09-14,CUST0099,PROD0046,ST005,EMP005,6,9,eSewa,Returned
TXN001560,2025-01-03,CUST0033,PROD0031,ST001,EMP006,1,10,Bank Transfer,Completed
TXN001880 ,2025-12-11,CUST0086,PROD0004,ST001,EMP001,4,13,eSewa,Returned
TXN001635,2025-07-15,CUST0013,PROD0014,ST004,EMP019,1,3,Cash,Completed
TXN002228,2025-04-03,CUST0086,PROD0015,ST005,EMP015,1,1,Card,Completed
TXN004850,2025-07-09,CUST0094,PROD0005,ST004,EMP009,4,3,Card,Cancelled
TXN003060,2025-06-13,CUST0002,PROD0033,ST003,EMP018,6,, Khalti  ,Completed
TXN002796,2025-11-08,CUST0084,PROD0054,ST002,EMP012,8,15,Cash,Completed
TXN001521,2025-10-04,CUST0077,PROD0045,ST004,EMP004,5,6,Card,Completed
TXN002709,2025-10-12,CUST0001,PROD0036,ST004,EMP004,7,30,eSewa,Completed
TXN000174,2025-07-15,CUST0089,PROD0043,ST005,EMP010,7,21,eSewa,Returned
TXN000409,2025-03-07,CUST0062,PROD0020,ST003,EMP003,5,9,Bank Transfer,Completed
TXN001364,2025-01-18,CUST0030,PROD0058,ST001,EMP006,6,8,eseWa,Completed
TXN000264,2025-03-10,CUST0011,PROD0045,ST002,EMP012,8,27,Khalti,Completed
TXN000257,2025-11-29,CUST0014,PROD0002,ST002,EMP012,7,22,Cash,Completed
TXN001487,2025-01-22,CUST0020,PROD0027,ST005,EMP020,8,16,Bank Transfer,Completed
  TXN000740 ,2025-12-09,CUST0069,PROD0005,ST003,EMP013,1,24,Card,Completed
TXN000385,2025-07-19,CUST0043,PROD0054,ST001,EMP011,4,3,Card,Completed
TXN001463,2025-03-30,CUST0074,PROD0021,ST001,EMP001,4,26,Khalti,Cancelled
TXN001270,2025-11-10,CUST0010,PROD0051,ST004,EMP009,2,18,Card,Returned
TXN000655,2025-05-02,CUST0099,PROD0052,ST003,EMP008,2,28,Khalti,Completed
TXN004905,2025-07-17,CUST0026,PROD0052,ST004,EMP019,3,9,eSewa,COMPLETED
TXN003028 ,2025-08-09,CUST0038,PROD0002,ST002,EMP017,8,4,Cash,Returned
TXN003887,2025-11-21,CUST0043,PROD0026,ST002,EMP017,7,30,Khalti,Completed
TXN003608,2025-01-19,CUST0033,PROD0008,ST001,EMP011,1,11,Khalti,Completed
TXN002102,2025-03-26,CUST0047,PROD0046,ST002,EMP002,6,18,cash,Cancelled
TXN004599 ,2025/31/12,CUST0078,PROD0042,ST002,EMP002,3,24,eSewa,Completed
TXN004407,2025-02-30,CUST0076,PROD0060,ST004,EMP014,2,28,BANK TRANSFER,Returned
TXN003673,2025-12-30,CUST0050,PROD0039,ST001,EMP006,-4,22,Card,Completed
TXN003593,2025-04-06,CUST0031,PROD0001,ST004,EMP019,5,16,eSewa,Completed
TXN001025,2025-10-10,CUST0074,PROD0025,ST001,EMP006,1,6,Card,Completed
TXN004402,2025-09-26,CUST0062,PROD0015,ST001,EMP006,1,12,  Bank Transfer  ,Completed
TXN002632,2025-02-04,CUST0062,PROD0045,ST001,EMP011,3,3,Card,Completed
TXN001243,2025-03-25,CUST0015,PROD0032,ST002,EMP002,1,10,Card,Completed
TXN003199,2025-03-23,CUST0036,PROD0028,ST003,EMP003,3,16,Card,Completed
TXN004931,2025-06-15,CUST0031,PROD0021,ST003,EMP018,8,22,Bank Transfer,Completed
TXN004053,2025-03-06,CUST0079,PROD0037,ST003,EMP003,7,17,Khalti,Completed
TXN003213,2025-08-26,CUST0057,PROD0019,ST004,EMP019,1,21,Khalti,Completed
TXN002169,2025-04-20,CUST0039,PROD0017,ST004,EMP019,4,28,Cash,Cancelled
TXN003011,2025-03-04,CUST0056,PROD0034,ST005,EMP010,5,,Cash,Completed
TXN000314,2025-04-13,CUST0057,PROD0005,ST001,EMP006,7,4,Bank Transfer,Completed
TXN004052,2025-08-14,CUST0098,PROD0027,ST003,EMP018,6,19,Khalti,Completed
TXN001806,2025-01-18,CUST0058,PROD0008,ST001,EMP011,3,21,Card,Returned
TXN003836,2025-03-11,CUST0035,PROD0049,ST002,EMP007,8,20,Khalti,Completed
TXN001748,2025-06-09,CUST0096,PROD0032,ST004,EMP014,6,19,Bank Transfer,Returned
TXN002398,2025-01-20,CUST0069,PROD0046,ST005,EMP005,8,20,eSewa,Returned
TXN002738,2025-05-22,CUST0083,PROD0019,ST003,EMP008,8,1,Cash,Completed
TXN004965,2025-01-30,CUST0054,PROD0057,ST003,EMP003,7,1,eSewa,Returned
TXN003987,2025-01-30,CUST0035,PROD0037,ST002,EMP012,6,9,eSewa,Completed
TXN001482,2025-05-30,CUST0034,PROD0011,ST005,EMP020,3,18,Bank Transfer,Cancelled
TXN004248,2025-05-01,CUST0063,PROD0016,ST001,EMP016,2,18,Khalti,Completed
TXN003017,2025-08-13,CUST0015,PROD0044,ST001,EMP016,5,9,eSewa,rEturnED
TXN004306,2025-09-08,CUST0049,PROD0044,ST003,EMP003,8,1,Bank Transfer,Completed
TXN000971,2025-07-29,CUST0031,PROD0046,ST004,EMP019,2,21,Bank Transfer,Cancelled
 TXN003615,2025-11-21,CUST0085,PROD0013,ST004,EMP009,6,9,Cash,Returned
TXN002926,2025-07-23,CUST0021,PROD0007,ST002,EMP007,6,18,Cash,Completed
TXN001087,2025-05-17,CUST0006,PROD0002,ST001,EMP011,3,3,esewa,Completed
TXN004269,2025-06-20,CUST0074,PROD0022,ST002,EMP007,5,28,Card,Returned
TXN000674,2025-10-20,CUST0099,PROD0035,ST003,EMP008,7,8,eSewa,Cancelled
TXN004994,2025-02-16,CUST0033,PROD0047,ST003,EMP003,3,20,Khalti,Cancelled
TXN001617,2025-02-17,CUST0046,PROD0026,ST003,EMP008,6,30,Khalti,Completed
TXN001643,2025-03-16,CUST0100,PROD0033,ST002,EMP012,3,14,Card,Completed
TXN002653,2025-12-07,CUST0050,PROD0042,ST002,EMP002,6,25,Bank Transfer,Completed
TXN001852,2025-03-22,CUST0068,PROD0025,ST005,EMP010,7,26,Cash,Returned
TXN004287,2025-11-20,CUST0033,PROD0050,ST001,EMP016,3,8,Cash,Cancelled
TXN000561,2025-06-01,CUST0034,PROD0020,ST002,EMP017,5,1,Bank Transfer,Completed
TXN003399,2025-11-22,CUST0068,PROD0060,ST003,EMP003,2,26,Cash,Returned
TXN003992,2025-12-14,CUST0002,PROD0054,ST005,EMP015,8,24,Bank Transfer,Cancelled
TXN001000,2025-05-10,CUST0063,PROD0018,ST001,EMP016,1,25,Cash,Cancelled
TXN002723,2025-12-26,CUST0084,PROD0056,ST002,EMP017,8,30,khalti,Completed
TXN001591,2025-05-11,CUST0009,PROD0036,ST002,EMP012,4,0,Khalti,Completed
TXN001759,2025-05-03,CUST0069,PROD0046,ST003,EMP003,7,2,Card,Returned
TXN001116,2025-02-19,CUST0064,PROD0053,ST004,EMP019,4,8,Card,Completed
TXN001533,2025-01-06,CUST0070,PROD0028,ST005,EMP010,5,24,KHALTI,Completed
TXN003718,2025-10-21,CUST0004,PROD0007,ST002,EMP012,2,14,Cash,Completed
TXN001389,2025-06-16,CUST0009,PROD0032,ST002,EMP017,3,11,Card,Completed
TXN003825,2025-01-01,CUST0023,PROD0023,ST004,EMP014,2,5,Cash,Completed
TXN003106,2025-07-24,CUST0027,PROD0038,ST005,EMP010,5,15,Card,Returned
TXN003284,2025-08-03,CUST0056,PROD0033,ST003,EMP008,5,9,Bank Transfer,returned
TXN003845,2025-01-21,CUST0075,PROD0036,ST003,EMP013,4,8,Bank Transfer,Returned
TXN001648,2025-10-11,CUST0001,PROD0018,ST002,EMP002,5,7, eSewa,Completed
TXN000085,2025-09-21,CUST0074,PROD0018,ST005,EMP010,2,13,Cash,Completed
TXN004115,2025-01-26,CUST0032,PROD0037,ST004,EMP009,7,14,Bank Transfer,Returned
TXN003834,2025-12-20,CUST0075,PROD0040,ST004,EMP019,5,3,Khalti,Completed
TXN002878,2025-12-19,CUST0064,PROD0028,ST001,EMP001,8,22,bank transfer,Completed
TXN002952,2025-03-25,CUST0010,PROD0048,ST003,EMP003,5,15,card,Cancelled
TXN001099,2025-05-04,CUST0049,PROD0058,ST005,EMP015,2,5,Khalti,Completed
TXN002468,2025-10-04,CUST0092,PROD0053,ST005,EMP010,3,21,eSewa,Completed
TXN001348,2025-02-15,CUST0029,PROD0053,ST002,EMP007,6,0,KHAlTi,Cancelled
TXN001606,2025-12-24,CUST0013,PROD0033,ST004,EMP014,6,23,Bank Transfer,Completed
TXN002319,2025-06-21,CUST0083,PROD0030,ST005,EMP015,1,8,Khalti,Completed
TXN002586,2025-08-27,CUST0049,PROD0021,ST001,EMP006,2,18,Khalti,Completed
TXN001031,2025-01-12,CUST0038,PROD0013,ST001,EMP006,2,25,eSewa,Completed
TXN004420,2025-07-08,CUST0060,PROD0048,ST003,EMP008,7,29,eSewa,Cancelled
TXN004133,2025-06-13,CUST0013,PROD0029,ST001,EMP011,7,13,eSewa,rETurNeD
TXN001579,2025-10-31,CUST0052,PROD0006,ST001,EMP016,7,29,Bank Transfer,Completed
TXN000104,2025-07-10,CUST0035,PROD0053,ST001,EMP011,2,5,Card,Returned
TXN003175,2025-12-22,CUST0021,PROD0047,ST001,EMP011,8,20, Cash  ,Completed
TXN001423,2025-02-01,CUST0014,PROD0002,ST005,EMP015,8,8,Khalti,Returned
TXN003282,2025-08-30,CUST0098,PROD0055,ST004,EMP019,1,15,Cash,Completed
TXN001183,2025-10-11,CUST0002,PROD0020,ST003,EMP013,1,18,eSewa,Completed
TXN001358,2025-01-23,CUST0074,PROD0027,ST001,EMP001,7,24,Bank Transfer,Cancelled
TXN000995,2025-12-08,CUST0008,PROD0028,ST003,EMP008,7,11,Card,Completed
TXN003674,2025-08-20,CUST0018,PROD0052,ST003,EMP018,1,21,Khalti,Completed
TXN003382,2025-03-18,CUST0025,PROD0008,ST001,EMP006,7,26,eSewa,Completed
TXN004978,2025-12-29,CUST0074,PROD0037,ST004,EMP009,5,14,Bank Transfer,completed
TXN000137,2025-09-26,CUST0091,PROD0033,ST005,EMP010,1,6,CASH,Completed
TXN004756,2025-05-29,CUST0099,PROD0013,ST005,EMP010,6,22,Khalti,Completed
TXN003320,2025-12-25,CUST0094,PROD0019,ST001,EMP001,6,7,Card,Completed
TXN000638,2025-06-27,CUST0056,PROD0051,ST004,EMP004,5,,Card,Completed
TXN000618,2025-09-10,CUST0041,PROD0013,ST001,EMP011,8,3,Cash,Completed
TXN004489,2025-07-08,CUST0048,PROD0054,ST003,EMP013,7,27,CaRD,Completed
TXN000802,2025-03-15,CUST0017,PROD0015,ST002,EMP007,4,22,Khalti,Completed
TXN004369,2025-06-13,CUST0071,PROD0019,ST004,EMP019,6,26,Cash,Completed
TXN000555,2025-06-14,CUST0006,PROD0001,ST001,EMP006,4,19,Cash,Completed
TXN001254,2025-01-26,CUST0044,PROD0014,ST005,EMP020,7,25,Khalti,Completed
TXN004852,2025-08-21,CUST0061,PROD0017,ST004,EMP014,2,4,eSewa,Completed
TXN001889,2025-12-01,CUST0048,PROD0001,ST005,EMP020,8,13,Card,compLEtEd
TXN000109,2025-06-17,CUST0051,PROD0045,ST001,EMP011,6,30,Card,Completed
TXN002671,2025-10-16,CUST0087,PROD0002,ST003,EMP003,5,4,Khalti,Cancelled
TXN000641,2025-07-17,CUST0032,PROD0052,ST002,EMP012,7,28,eSewa,Completed
TXN004422,2025-05-11,CUST0066,PROD0056,ST004,EMP019,6,4,eSewa,Completed
TXN000874,2025-01-04,CUST0008,PROD0029,ST004,EMP019,2,4,Bank Transfer,Returned
TXN003698,2025-07-06,CUST0008,PROD0017,ST001,EMP001,2,1,Card,Completed
TXN004887,2025-01-09,CUST0040,PROD0056,ST001,EMP001,5,13,Cash,Cancelled
TXN002113,2025-08-25,CUST0008,PROD0028,ST002,EMP007,1,8,Khalti,Returned
TXN001216,2025-03-24,CUST0012,PROD0052,ST004,EMP004,4,5,Card,Completed
TXN004187,2025-09-04,CUST0085,PROD0055,ST004,EMP019,2,29,eSewa,Completed
TXN004337,2025-05-30,CUST0025,PROD0028,ST003,EMP018,7,21,Cash,Returned
TXN003591,2025-02-02,CUST0053,PROD0058,ST002,EMP007,3,1, Bank Transfer  ,Cancelled
TXN004622,2025-10-30,CUST0053,PROD0034,ST004,EMP014,5,4,Khalti,Returned
TXN003623,2025-09-24,CUST0069,PROD0017,ST002,EMP002,2,16,  Card  ,Completed
TXN003253 ,2025-06-19,CUST0018,PROD0039,ST002,EMP002,4,28,Card,Completed
TXN003824,2025-10-03,CUST0039,PROD0054,ST004,EMP009,4,18,Bank Transfer,coMpLEtED
TXN002329,2025-02-01,CUST0036,PROD0025,ST003,EMP008,6,21,Cash,Cancelled
TXN004825,2025-11-11,CUST0082,PROD0001,ST002,EMP002,3,29,Khalti,CanCEllED
TXN002785,2025-01-01,CUST0012,PROD0037,ST004,EMP009,7,28, eSewa,Cancelled
TXN004061,2025-05-03,CUST0055,PROD0048,ST004,EMP019,3,2,CARD,Returned
TXN001039,2025-10-22,CUST0016,PROD0056,ST003,EMP003,5,7,Khalti,Returned
TXN001379,2025-11-17,CUST0051,PROD0039,ST002,EMP007,3,7,eSewa,Returned
TXN002168,2025-12-29,CUST0038,PROD0059,ST004,EMP014,6,0,eSewa,Completed
TXN003691,2025-11-06,CUST0100,PROD0004,ST004,EMP004,2,27,eSewa,Cancelled
TXN001197,2025-10-05,CUST0092,PROD0017,ST003,EMP008,4,10,Card,Completed
TXN004748,2025-07-25,CUST0030,PROD0006,ST004,EMP004,7,23,Card,Returned
TXN003636,2025-03-07,CUST0067,PROD0013,ST004,EMP014,6,6,Cash,Returned
TXN003053,2025-07-28,CUST0017,PROD0052,ST003,EMP008,1,6,Bank Transfer,Cancelled
TXN000521,2025-02-24,CUST0085,PROD0039,ST002,EMP017,-7,10,Card,Completed
TXN000374,2025-05-06,CUST0053,PROD0023,ST002,EMP012,4,2,Cash,Completed
TXN002979,2025-03-10,CUST0034,PROD0060,ST002,EMP007,3,22,Khalti,Completed
TXN002484,2025-06-23,CUST0062,PROD0044,ST003,EMP003,4,30,Cash,Completed
TXN000003,2025-05-02,CUST0055,PROD0008,ST002,EMP017,5,20,Bank Transfer,Completed
TXN003648,2025-07-05,CUST0005,PROD0010,ST001,EMP001,6,10,Bank Transfer,Completed
TXN001713,2025-01-13,CUST0003,PROD0021,ST003,EMP013,6,15,Cash,Completed
TXN001929,2025-01-26,CUST0054,PROD0004,ST004,EMP019,-5,22,eSewa,Completed
TXN004286,2025-08-30,CUST0086,PROD0038,ST002,EMP012,8,4,Bank Transfer,Completed
TXN003324,2025-05-24,CUST0027,PROD0029,ST004,EMP019,8,27,Cash,Returned
TXN002093,2025-03-02,CUST0074,PROD0033,ST003,EMP008,4,2,Khalti,Completed
TXN003757,2025-10-12,CUST0002,PROD0013,ST004,EMP019,6,12,Card,Cancelled
TXN004629,2025-03-01,CUST0038,PROD0044,ST004,EMP014,2,26,Card,Cancelled
TXN000534,2025-11-15,CUST0076,PROD0023,ST002,EMP007,7,12,Card,Completed
TXN000223,2025-02-02,CUST0022,PROD0026,ST002,EMP007,8,12,Bank Transfer,Completed
TXN000530,2025-09-29,CUST0072,PROD0053,ST003,EMP013,8,17,Cash,Completed
TXN000600,2025-10-05,CUST0053,PROD0023,ST004,EMP014,7,3,Card,Completed
TXN004118,2025-07-30,CUST0039,PROD0020,ST002,EMP007,6,,Bank Transfer,Completed
TXN001789,2025-02-18,CUST0095,PROD0055,ST001,EMP006,4,21,  Card,Completed
  TXN001507 ,2025-07-09,CUST0005,PROD0042,ST003,EMP018,7,2,Khalti,Cancelled
TXN003537,2025-04-10,CUST0023,PROD0035,ST004,EMP014,5,0,Card,completed
TXN000786,2025-06-14,CUST0096,PROD0057,ST005,EMP015,8,6,eSewa,Completed
TXN001303,2025-03-02,CUST0096,PROD0020,ST003,EMP013,7,21,Card,Completed
TXN000417,2025-11-27,CUST0015,PROD0032,ST001,EMP016,6,5,eSewa,Cancelled
 TXN002610  ,2025-02-04,CUST0002,PROD0030,ST004,EMP009,1,19,BANK TRANSFER,Completed
TXN002851,2025-09-26,CUST0062,PROD0043,ST002,EMP002,2,23,eSewa,Cancelled
TXN003300,2025-04-20,CUST0006,PROD0013,ST003,EMP018,8,4,Cash,Completed
TXN000322,2025-12-14,CUST0055,PROD0022,ST002,EMP007,7,18,Bank Transfer,Completed
TXN001948,2025-01-22,CUST0004,PROD0059,ST004,EMP014,1,9,Khalti,Cancelled
TXN003064,2025-12-12,CUST0015,PROD0027,ST003,EMP013,2,2,Khalti,Completed
TXN002824,2025-06-11,CUST0038,PROD0012,ST004,EMP009,5,11,Cash,Completed
TXN004798,2025-04-23,CUST0073,PROD0049,ST002,EMP017,5,8,eSewa,Cancelled
TXN001023,2025-08-28,CUST0061,PROD0003,ST003,EMP013,1,21,eSewa,Completed
TXN002729,2025-11-14,CUST0056,PROD0034,ST005,EMP005,6,22,Cash,Completed
TXN003602,2025-08-02,CUST0007,PROD0009,ST004,EMP019,3,20,  Bank Transfer,Completed
TXN000299,2025-08-12,CUST0093,PROD0057,ST005,EMP005,3,13,Khalti,Cancelled
TXN001854,2025-09-16,CUST0073,PROD0014,ST002,EMP002,3,25,Card,Completed
TXN003344,2025-07-07,CUST0014,PROD0026,ST004,EMP014,6,18,Card,Completed
TXN003716,2025-03-25,CUST0089,PROD0009,ST004,EMP004,8,11,Cash,Returned
TXN000866,2025-10-18,CUST0003,PROD0032,ST005,EMP015,6,28,eSewa,Completed
TXN000929,2025-12-19,CUST0066,PROD0032,ST001,EMP016,3,15,eSewa,Returned
TXN001720,2025-12-08,CUST0016,PROD0048,ST004,EMP019,7,13,EsEwA,Cancelled
TXN000782,2025-05-21,CUST0028,PROD0040,ST002,EMP007,2,23,Khalti,Cancelled
TXN001374,2025-01-09,CUST0094,PROD0059,ST005,EMP005,5,25,  Khalti,CoMPlETEd
TXN002626,2025-04-07,CUST0084,PROD0035,ST002,EMP017,3,14,Card,COMPLETED
TXN002965,2025-09-08,CUST0029,PROD0002,ST002,EMP017,5,18,Bank Transfer,Returned
TXN004511,2025-12-18,CUST0097,PROD0056,ST005,EMP010,5,28,Bank Transfer,Completed
TXN001453,2025-07-15,CUST0006,PROD0028,ST001,EMP016,4,24,Card,Returned
TXN002763,2025-06-12,CUST0032,PROD0017,ST001,EMP016,2,13,Cash,Returned
TXN000019,2025-02-17,CUST0081,PROD0020,ST005,EMP005,3,5,Bank Transfer,Cancelled
TXN002514,2025-05-07,CUST0029,PROD0054,ST001,EMP016,7,18,eSewa,Completed
TXN003777,2025-11-18,CUST0061,PROD0037,ST001,EMP006,1,5,Khalti,Completed
TXN003479,2025-11-20,CUST0049,PROD0005,ST003,EMP008,1,13,eSewa,Completed
TXN001362,2025-04-20,CUST0066,PROD0015,ST002,EMP012,7,0,eSewa,COMPLETED
TXN000339,2025-06-26,CUST0036,PROD0004,ST004,EMP014,8,3,Khalti,Cancelled
TXN004966,2025-09-15,CUST0014,PROD0047,ST002,EMP012,3,4,Bank Transfer,Completed
TXN003706,2025-09-11,CUST0016,PROD0009,ST003,EMP003,1,0,eSewa,Cancelled
TXN000083,2025-08-19,CUST0039,PROD0056,ST003,EMP008,5,14,Cash,Completed
TXN002451,2025-12-23,CUST0045,PROD0039,ST005,EMP015,6,2,eSewa,Completed
TXN001076,2025-11-11,CUST0049,PROD0050,ST004,EMP009,2,14,Khalti,Returned
TXN000588,2025-03-28,CUST0064,PROD0007,ST003,EMP003,5,11,eSewa,Completed
TXN003046,2025-01-07,CUST0098,PROD0034,ST001,EMP016,3,0,Khalti,Completed
TXN002698,2025-08-25,CUST0034,PROD0004,ST003,EMP013,1,16,Cash,Completed
TXN003419,2025-12-11,CUST0072,PROD0001,ST003,EMP008,5,28,Card,Completed
TXN000517,2025-01-15,CUST0014,PROD0028,ST003,EMP003,3,12,eSewa,Completed
TXN004657,2025-11-24,CUST0022,PROD0005,ST003,EMP018,2,24,Cash,Completed
TXN004865,2025-01-10,CUST0074,PROD0057,ST005,EMP020,5,3,Card,Completed
TXN003720,2025-09-30,CUST0050,PROD0012,ST005,EMP010,7,11,Khalti,Completed
TXN003472,2025-02-01,CUST0082,PROD0030,ST002,EMP007,7,25,Bank Transfer,Completed
TXN001115,2025-06-29,CUST0025,PROD0045,ST004,EMP019,7,23,Cash,Completed
TXN004571,2025-01-04,CUST0017,PROD0017,ST005,EMP020,6,19,Card,COMPLeteD
TXN002569,2025-03-22,CUST0071,PROD0007,ST003,EMP018,1,13,  Khalti ,Completed
TXN001530,2025-05-20,CUST0085,PROD0021,ST005,EMP010,3,17,Bank Transfer,Completed
TXN003264,2025-03-25,CUST0100,PROD0009,ST001,EMP001,7,20,Khalti,Completed
TXN003368,2025-10-30,CUST0017,PROD0042,ST005,EMP010,8,21,Bank Transfer,Completed
TXN000909,2025-11-17,CUST0044,PROD0033,ST002,EMP002,3,26,Card,Returned
TXN004572,2025-03-24,CUST0054,PROD0041,ST001,EMP011,8,2,Cash,Cancelled
TXN003226,2025-12-30,CUST0062,PROD0016,ST001,EMP006,7,26,Khalti,Completed
TXN000862,2025-02-13,CUST0087,PROD0007,ST002,EMP002,-1,1,eSewa,Completed
TXN000194,2025-04-25,CUST0067,PROD0017,ST003,EMP003,7,15,KHALTI,Returned
TXN004416,2025-08-08,CUST0056,PROD0021,ST003,EMP018,7,0,Cash,Returned
TXN002416,2025-04-02,CUST0048,PROD0026,ST005,EMP015,7,4,Cash,Completed
  TXN001527  ,2025-07-09,CUST0031,PROD0028,ST003,EMP013,1,20,Cash,Cancelled
TXN001563,2025-07-29,CUST0058,PROD0002,ST003,EMP003,4,25,eSewa,Completed
TXN004319,2025-11-23,CUST0071,PROD0009,ST001,EMP001,6,25,Khalti,Returned
TXN004625,2025-03-30,CUST0025,PROD0038,ST003,EMP018,5,9,Card,Returned
TXN003564,2025-08-05,CUST0054,PROD0051,ST002,EMP002,6,19,Cash,Cancelled
TXN000044,2025-01-31,CUST0090,PROD0005,ST002,EMP012,2,9,Khalti,Completed
TXN001496,2025-06-30,CUST0066,PROD0035,ST004,EMP009,8,11,eSewa,Cancelled
TXN003023,2025-07-29,CUST0037,PROD0025,ST003,EMP013,8,26,eSewa,Completed
TXN002086,2025-01-19,CUST0058,PROD0032,ST005,EMP005,1,16,eSewa,Cancelled
TXN001583,2025-04-26,CUST0067,PROD0051,ST004,EMP014,4,0,Khalti,Completed
TXN000343,2025-06-06,CUST0073,PROD0009,ST005,EMP010,3,11,eSewa,Completed
TXN004066,2025-05-02,CUST0039,PROD0048,ST001,EMP016,1,9,EsEWA,Completed
TXN001457,2025-11-22,CUST0046,PROD0047,ST001,EMP006,7,9,Khalti,Completed
TXN000568,2025-02-24,CUST0002,PROD0051,ST005,EMP020,6,4,Khalti,Returned
TXN001848,2025-11-17,CUST0098,PROD0034,ST002,EMP017,7,22,Card,Returned
TXN003427,2025-01-16,CUST0075,PROD0025,ST005,EMP015,7,18,eSewa,Completed
TXN004735,2025-11-26,CUST0022,PROD0013,ST001,EMP006,2,30,Bank Transfer,Completed
TXN002608,2025-07-14,CUST0014,PROD0059,ST005,EMP020,3,30,Cash,Completed
TXN000816,2025-05-24,CUST0054,PROD0004,ST004,EMP014,5,10,Khalti,Cancelled
TXN004363,2025-03-29,CUST0034,PROD0045,ST002,EMP017,8,16,Cash,Completed
TXN000321,2025-09-08,CUST0010,PROD0003,ST003,EMP008,1,1,Card,CAnCEllED
TXN001596,2025-07-16,CUST0074,PROD0047,ST001,EMP001,3,13,Khalti,Completed
TXN000317,2025-07-03,CUST0073,PROD0035,ST004,EMP004,6,20,Cash,Completed
TXN002973,2025-10-01,CUST0080,PROD0044,ST003,EMP003,1,13,Cash,Cancelled
TXN002423,2025-03-18,CUST0056,PROD0028,ST002,EMP017,5,9,Cash,Completed
TXN004832,2025-06-14,CUST0096,PROD0025,ST002,EMP002,6,0,Bank Transfer,Completed
TXN002818,2025-02-23,CUST0092,PROD0028,ST003,EMP003,6,19,Card,Completed
TXN004751,2025-03-23,CUST0024,PROD0047,ST005,EMP005,8,30,Card,Completed
TXN002868,2025-02-12,CUST0005,PROD0020,ST001,EMP001,6,22,Cash,Returned
TXN002289,2025-07-05,CUST0075,PROD0054,ST005,EMP010,1,0,Card,Completed
TXN000531  ,2025-06-10,CUST0001,PROD0036,ST001,EMP006,2,20,Card,Completed
TXN003087,2025-05-20,CUST0018,PROD0052,ST001,EMP011,2,10,Bank Transfer,Cancelled
TXN000456,2025-11-17,CUST0022,PROD0022,ST002,EMP007,2,0,Bank Transfer,Cancelled
TXN004956,2025-09-05,CUST0086,PROD0035,ST004,EMP009,5,15,Card,Completed
TXN002494,2025-03-08,CUST0060,PROD0049,ST001,EMP016,3,8,eSewa,Completed
TXN000208,2025-05-22,CUST0075,PROD0023,ST003,EMP018,4,29,KHALTI,Returned
TXN000693,2025-07-01,CUST0094,PROD0043,ST004,EMP009,2,2,eSewa,Completed
TXN000158,2025-07-17,CUST0052,PROD0030,ST003,EMP013,8,25,Card,Completed
TXN002285,2025-07-08,CUST0059,PROD0046,ST004,EMP009,3,20,Bank Transfer,Completed
TXN000518,2025-02-16,CUST0069,PROD0041,ST005,EMP005,6,24,Bank Transfer,Completed
TXN002291,2025-03-20,CUST0010,PROD0001,ST004,EMP014,3,14,eSewa,Completed
TXN004484,2025-03-13,CUST0091,PROD0045,ST005,EMP010,1,11,eSewa,Returned
TXN000152,2025-01-25,CUST0080,PROD0004,ST003,EMP018,2,,Cash,Completed
TXN000178,2025-07-26,CUST0021,PROD0027,ST002,EMP017,2,21,eSewa,Completed
TXN001693,2025-08-19,CUST0058,PROD0008,ST005,EMP010,5,19,Cash,Completed
TXN003275,2025-08-26,CUST0065,PROD0009,ST003,EMP003,3,20,Bank Transfer,Completed
TXN003872,2025-12-22,CUST0028,PROD0043,ST003,EMP008,6,19,Bank Transfer,Completed
TXN000677,2025-12-02,CUST0084,PROD0004,ST005,EMP020,1,14,Bank traNSFeR,Completed
TXN001926,2025-06-03,CUST0031,PROD0045,ST003,EMP018,8,29,Khalti,Cancelled
TXN003699,2025-12-17,CUST0090,PROD0060,ST003,EMP013,7,13,eSewa,Cancelled
TXN001886,2025-05-24,CUST0039,PROD0050,ST002,EMP017,8,21,CARD,Completed
TXN004130,2025-03-23,CUST0086,PROD0003,ST003,EMP013,1,22,Khalti,Completed
TXN004556,2025-13-01,CUST0098,PROD0007,ST001,EMP006,1,25,Cash,RETurNED
TXN004401,2025-08-22,CUST0027,PROD0036,ST005,EMP005,2,27,Khalti,Completed
TXN003636,2025-03-07,CUST0067,PROD0013,ST004,EMP014,6,6,Cash,Returned
TXN004918,2025-09-25,CUST0055,PROD0047,ST001,EMP016,7,17,Khalti,Completed
TXN000697,2025-04-03,CUST0062,PROD0034,ST002,EMP012,5,21,Khalti,Completed
TXN002999,2025-05-14,CUST0043,PROD0050,ST001,EMP016,3,24,Cash,Completed
TXN003759,2025-08-01,CUST0004,PROD0032,ST003,EMP018,5,12,Bank Transfer,Completed
TXN004241,2025-12-03,CUST0071,PROD0034,ST001,EMP016,8,25,Card,Completed
TXN001499,2025-06-26,CUST0075,PROD0027,ST004,EMP019,7,28,Bank Transfer,Cancelled
TXN003104,2025-02-30,CUST0082,PROD0030,ST003,EMP013,3,25,Bank Transfer,Completed
TXN002171,2025-08-16,CUST0097,PROD0035,ST002,EMP017,5,1,Bank Transfer,Completed
TXN002890,2025-11-18,CUST0091,PROD0035,ST001,EMP001,8,18,Card,Completed
TXN001369,2025-01-06,CUST0053,PROD0035,ST002,EMP007,6,0,Cash,Completed
TXN003715,2025-07-16,CUST0087,PROD0051,ST005,EMP010,2,17,Bank Transfer,Completed
TXN003228,2025-03-10,CUST0064,PROD0001,ST001,EMP001,5,25,Card,Cancelled
TXN004195,2025-02-12,CUST0011,PROD0023,ST002,EMP017,4,25,Card,Completed
TXN000647,2025/31/12,CUST0093,PROD0060,ST005,EMP010,4,,  Bank Transfer ,Completed
TXN002235,2025-05-03,CUST0045,PROD0023,ST003,EMP003,5,27,ESEWA,Cancelled
TXN000131,2025-03-27,CUST0097,PROD0029,ST004,EMP004,4,13,Cash,Cancelled
TXN001955,2025-07-25,CUST0086,PROD0039,ST002,EMP012,4,24,cAsH,returned
TXN004368,2025-10-18,CUST0077,PROD0005,ST002,EMP012,6,27,Card,Returned
TXN001665,2025-04-05,CUST0100,PROD0053,ST003,EMP018,3,18,Cash,Completed
TXN000301,2025-02-27,CUST0073,PROD0031,ST002,EMP002,8,23,Bank Transfer,Completed
TXN000770,2025-03-03,CUST0036,PROD0039,ST005,EMP005,4,29,Cash,Cancelled
TXN003364,2025-04-22,CUST0007,PROD0050,ST002,EMP012,7,16,eSewa,Completed
TXN000348,2025-05-23,CUST0029,PROD0051,ST002,EMP017,4,14,Cash,Returned
TXN003567,2025-02-30,CUST0042,PROD0014,ST003,EMP013,5,6,Cash,Returned
TXN001659,2025-01-17,CUST0028,PROD0020,ST001,EMP006,5,9,Cash,Cancelled
TXN003187,2025-04-17,CUST0092,PROD0024,ST002,EMP012,4,,Bank Transfer,Cancelled
TXN003916,2025-01-24,CUST0057,PROD0024,ST004,EMP019,3,22,Card,Returned
TXN002024,2025-11-01,CUST0074,PROD0057,ST001,EMP016,3,29,eSewa,CANCELLED
TXN004208,2025-01-02,CUST0047,PROD0039,ST003,EMP013,2,17,Cash,Completed
TXN004496,2025-12-16,CUST0069,PROD0028,ST001,EMP016,1,10,Cash,Completed
TXN002805,2025-03-15,CUST0080,PROD0046,ST003,EMP003,6,10,Bank Transfer,Completed
TXN002643,2025-06-01,CUST0002,PROD0027,ST001,EMP011,3,18,Bank Transfer,Completed
TXN000221,2025-08-04,CUST0082,PROD0052,ST001,EMP006,7,5,eSewa,Completed
TXN004065,2025-12-15,CUST0009,PROD0059,ST002,EMP002,2,7,Card,Cancelled
TXN001205,2025-12-20,CUST0099,PROD0047,ST005,EMP010,-2,30,Cash,Completed
TXN001032,2025-07-08,CUST0099,PROD0015,ST001,EMP001,4,5,eSewa,Completed
TXN004733,2025-11-06,CUST0014,PROD0051,ST001,EMP016,1,2,eSewa,Cancelled
TXN002156,2025-02-28,CUST0097,PROD0060,ST002,EMP012,8,12,Bank Transfer,Completed
TXN004217,2025-12-20,CUST0024,PROD0017,ST001,EMP006,5,0,Khalti,Completed
TXN000076,2025-11-24,CUST0052,PROD0041,ST003,EMP008,7,28,Card,Completed
TXN004431,2025-12-20,CUST0035,PROD0033,ST003,EMP013,3,28,card,Returned
TXN002687,2025-03-31,CUST0024,PROD0018,ST001,EMP016,8,9,Bank Transfer,Completed
TXN000042,2025-10-21,CUST0071,PROD0058,ST002,EMP002,3,14,Cash,Cancelled
TXN002787,2025-02-16,CUST0028,PROD0035,ST005,EMP015,2,7,eSewa,Completed
TXN002920,2025-11-28,CUST0050,PROD0009,ST002,EMP017,5,13,Card,Returned
TXN002725,2025-08-16,CUST0036,PROD0024,ST005,EMP010,3,19,Cash,Cancelled
TXN004256,2025-06-05,CUST0094,PROD0043,ST001,EMP016,7,20,CARD,Completed
TXN002138,2025-07-25,CUST0054,PROD0008,ST004,EMP004,5,2,Cash,Returned
  TXN002343  ,2025-04-02,CUST0006,PROD0029,ST003,EMP003,5,7,card,Cancelled
TXN001347,2025-10-21,CUST0085,PROD0059,ST005,EMP020,3,18,Cash,Completed
TXN003296,2025-12-19,CUST0095,PROD0055,ST003,EMP018,1,19,Khalti,Completed
TXN004138,2025-09-17,CUST0043,PROD0005,ST001,EMP016,6,30,Card,Returned
TXN001432,2025-08-26,CUST0014,PROD0049,ST004,EMP004,6,19,Cash,Completed
TXN001257,2025-02-07,CUST0047,PROD0021,ST002,EMP002,3,11,Cash,Completed
TXN004747,2025-07-25,CUST0019,PROD0050,ST003,EMP013,7,27,eSewa,Returned
TXN000053,2025-06-20,CUST0028,PROD0031,ST003,EMP018,5,,Card,Cancelled
TXN003842,2025-02-15,CUST0071,PROD0008,ST005,EMP010,4,0,Cash,Cancelled
TXN003272,2025-10-02,CUST0071,PROD0030,ST005,EMP015,2,26,Khalti,Completed
TXN004844,2025-06-24,CUST0013,PROD0022,ST001,EMP016,7,7,Bank Transfer,Completed
TXN003250,2025-08-07,CUST0006,PROD0006,ST004,EMP014,6,16,Card,Cancelled
TXN002274,2025-08-20,CUST0013,PROD0049,ST002,EMP017,7,8,CARD,Cancelled
TXN002691,2025-07-31,CUST0066,PROD0002,ST001,EMP006,2,19,Cash,Completed
TXN000145,2025-07-10,CUST0054,PROD0051,ST005,EMP010,5,3,Khalti,Completed
TXN001953,2025-09-24,CUST0078,PROD0029,ST003,EMP013,6,9,Bank Transfer,Returned
TXN001610,2025-11-28,CUST0056,PROD0056,ST002,EMP017,6,,eSewa,Completed
TXN002364,2025-03-24,CUST0079,PROD0030,ST003,EMP008,1,1,eSewa,Completed
TXN001874,2025-06-28,CUST0013,PROD0002,ST003,EMP013,1,3,khalti,Cancelled
TXN000512,2025-06-11,CUST0048,PROD0044,ST001,EMP011,4,12,  Bank Transfer ,Completed
TXN002794,2025-09-12,CUST0097,PROD0044,ST004,EMP004,1,18,eSewa,Completed
TXN003886,2025-06-05,CUST0057,PROD0016,ST001,EMP001,6,12,Bank Transfer,Completed
TXN002969,2025-11-08,CUST0097,PROD0054,ST005,EMP010,2,13,eSewa,Completed
TXN003511,2025-11-07,CUST0084,PROD0020,ST001,EMP006,8,18,Bank Transfer,Completed
TXN002744,2025-07-23,CUST0076,PROD0033,ST001,EMP001,7,3,Card,Completed
TXN002141,2025-10-12,CUST0012,PROD0049,ST001,EMP006,1,5,Khalti,Completed
TXN004681,2025-06-15,CUST0084,PROD0008,ST002,EMP017,5,30,card,Completed
TXN001992,2025-07-05,CUST0081,PROD0027,ST003,EMP008,6,4,Card,Completed
TXN000815,2025-09-07,CUST0022,PROD0057,ST004,EMP019,5,23,Bank Transfer,Returned
TXN000952,2025-06-04,CUST0098,PROD0048,ST004,EMP019,7,,Card,Completed
TXN000204,2025-03-12,CUST0045,PROD0050,ST004,EMP019,2,22,Card,Completed
TXN001804,2025-07-08,CUST0027,PROD0019,ST001,EMP006,7,28,eSewa,completed
TXN004126,2025-12-31,CUST0034,PROD0002,ST002,EMP017,2,19,Cash,Completed
TXN000229,2025-05-18,CUST0037,PROD0042,ST004,EMP009,7,4,eSewa,Completed
TXN002639,2025-05-05,CUST0090,PROD0043,ST003,EMP018,8,26,eSewa,Completed
TXN002166,2025-08-15,CUST0093,PROD0047,ST003,EMP013,4,13,eSewa,Completed
TXN002898,2025-08-27,CUST0034,PROD0029,ST004,EMP019,4,21,eSewa,Completed
TXN004000,2025-01-12,CUST0023,PROD0032,ST004,EMP019,2,11,Card,Cancelled
TXN001244,2025-01-02,CUST0053,PROD0013,ST001,EMP011,2,26,Cash,Cancelled
TXN003225,2025-12-30,CUST0040,PROD0047,ST005,EMP015,5,8,Card,Completed
TXN001525,2025-07-28,CUST0050,PROD0027,ST001,EMP016,3,18,Khalti,Completed
TXN004943 ,2025-01-09,CUST0058,PROD0053,ST003,EMP008,1,9,Khalti,Completed
TXN001572,2025-05-24,CUST0049,PROD0046,ST003,EMP018,3,9, Bank Transfer,Completed
TXN003377,2025-11-15,CUST0001,PROD0043,ST005,EMP010,8,14,Card,Completed
TXN004854,2025-01-11,CUST0007,PROD0048,ST003,EMP008,8,20,Bank Transfer,Completed
TXN004097,2025-03-15,CUST0063,PROD0015,ST001,EMP001,8,11,eSewa,Completed
TXN003988,2025-04-15,CUST0001,PROD0009,ST003,EMP003,-8,7,Khalti,Completed
TXN004688,2025-11-30,CUST0047,PROD0027,ST004,EMP004,1,18,eSewa,Returned
TXN003651,2025-08-25,CUST0090,PROD0040,ST005,EMP010,4,23,eSewa,Cancelled
TXN000278,2025-04-10,CUST0079,PROD0015,ST001,EMP006,1,25,Cash,Cancelled
TXN003890,2025-02-21,CUST0083,PROD0033,ST002,EMP017,4,30,eSewa,Returned
TXN003378  ,2025-08-16,CUST0097,PROD0007,ST005,EMP020,8,17,Khalti,Cancelled
TXN002600,2025-03-17,CUST0084,PROD0009,ST004,EMP014,6,27,Bank Transfer,Completed
TXN001404,2025-05-07,CUST0011,PROD0052,ST004,EMP009,1,9,Bank Transfer,Cancelled
TXN000408,2025-01-21,CUST0056,PROD0041,ST001,EMP006,6,20,Card,Completed
TXN002847,2025-11-09,CUST0053,PROD0060,ST003,EMP008,1,14,Khalti,Cancelled
TXN004291,2025-08-17,CUST0064,PROD0004,ST005,EMP005,4,30,Khalti,Completed
TXN004903,2025-11-05,CUST0022,PROD0025,ST005,EMP015,4,11,Bank Transfer,Completed
TXN000151,2025-03-09,CUST0003,PROD0015,ST003,EMP013,4,5,Cash,Completed
TXN002030,2025-04-22,CUST0062,PROD0034,ST003,EMP013,5,30,Card,Completed
TXN003816,2025-08-12,CUST0016,PROD0044,ST003,EMP013,1,3,Khalti,Completed
TXN004738,2025-03-24,CUST0006,PROD0004,ST001,EMP016,2,2,Card,Completed
TXN001204,2025-07-01,CUST0060,PROD0039,ST005,EMP005,6,21,cash,Completed
TXN004284,2025-08-15,CUST0001,PROD0024,ST003,EMP003,3,12,Card,Completed
TXN004587,2025-05-11,CUST0048,PROD0008,ST004,EMP009,7,3,Khalti,Completed
TXN004875,2025-02-18,CUST0014,PROD0051,ST002,EMP017,1,20,eSewa,Completed
TXN001810,2025-04-10,CUST0042,PROD0027,ST003,EMP013,7,9,Card,Cancelled
TXN002689,2025-08-26,CUST0042,PROD0015,ST003,EMP008,6,15,Khalti,Completed
TXN003490,2025-12-23,CUST0082,PROD0034,ST004,EMP009,8,10,Cash,Completed
TXN003007,2025-10-23,CUST0042,PROD0005,ST005,EMP005,5,7,Cash,Completed
TXN001084,2025-11-18,CUST0029,PROD0001,ST004,EMP009,2,26,Bank Transfer,Completed
TXN000855,2025-09-01,CUST0070,PROD0005,ST004,EMP019,7,14,Card,Cancelled
TXN002555,2025-06-24,CUST0017,PROD0044,ST001,EMP011,7,22,Card,Completed
TXN003802,2025-01-25,CUST0026,PROD0028,ST004,EMP009,5,20,Khalti,CoMPlETeD
TXN004767,2025-07-16,CUST0048,PROD0054,ST002,EMP017,5,15,Card,Returned
TXN000243,2025-10-13,CUST0073,PROD0041,ST003,EMP008,7,18,eSewa,Cancelled
TXN000198,2025-03-27,CUST0080,PROD0043,ST001,EMP006,6,2,Card,Completed
TXN002328,2025-11-15,CUST0091,PROD0017,ST001,EMP011,3,9,Cash,Completed
TXN004944,2025-10-14,CUST0029,PROD0037,ST003,EMP008,4,22,Card,CAncelLED
TXN000127,2025-04-16,CUST0062,PROD0013,ST005,EMP020,3,15,Cash,Completed
TXN002061,2025-04-07,CUST0012,PROD0058,ST002,EMP012,4,19,Card,Completed
TXN002275,2025-05-30,CUST0096,PROD0050,ST001,EMP006,8,13,eSewa,Completed
TXN000649,2025-03-14,CUST0019,PROD0041,ST004,EMP014,4,17,Card,Completed
TXN001869,2025-11-21,CUST0035,PROD0042,ST001,EMP011,8,10,eSewa,Completed
TXN001988,2025-01-28,CUST0080,PROD0060,ST001,EMP001,1,30,Cash,Cancelled
TXN004642,2025-05-10,CUST0030,PROD0014,ST001,EMP006,4,11,Khalti,Cancelled
TXN003736,2025-06-12,CUST0069,PROD0047,ST003,EMP003,2,2,eSewa,Completed
TXN003333,2025-03-20,CUST0020,PROD0033,ST005,EMP010,1,2,Cash,Completed
TXN000380,2025-09-25,CUST0073,PROD0047,ST004,EMP014,4,4,eSewa,Completed
TXN002269,2025-11-10,CUST0054,PROD0033,ST004,EMP014,6,25,bank transfer,Completed
TXN002536,2025-10-24,CUST0059,PROD0045,ST005,EMP005,8,9,Cash,Completed
TXN004325,2025-04-04,CUST0017,PROD0018,ST004,EMP019,6,0,eSewa,Completed
TXN001359,2025-11-11,CUST0098,PROD0055,ST003,EMP018,8,24,eSewa,Completed
TXN004499,2025-08-09,CUST0037,PROD0009,ST001,EMP006,7,29,Bank Transfer,Cancelled
TXN001219,2025-06-23,CUST0006,PROD0046,ST002,EMP017,4,22,Bank Transfer,Completed
TXN002198,2025-09-25,CUST0005,PROD0001,ST003,EMP013,5,14,Card,Completed
TXN004806,2025-08-01,CUST0062,PROD0058,ST002,EMP002,3,4,Cash,Returned
TXN001512,2025-10-01,CUST0056,PROD0002,ST001,EMP016,7,10,Cash,Completed
TXN003782,2025-10-18,CUST0023,PROD0002,ST001,EMP006,3,24,card,Completed
TXN004191,2025-10-05,CUST0003,PROD0029,ST003,EMP008,1,23,Card,Completed
TXN002301,2025-04-25,CUST0022,PROD0036,ST005,EMP020,4,18,Khalti,Completed
TXN001221,2025-04-20,CUST0001,PROD0004,ST001,EMP006,5,26,Card,Completed
TXN002124,2025-04-29,CUST0065,PROD0049,ST003,EMP013,8,25,Cash,Completed
TXN002101,2025-03-30,CUST0037,PROD0001,ST005,EMP010,4,9,Cash,Returned
TXN002740,2025-12-02,CUST0006,PROD0059,ST002,EMP017,7,9,Khalti,Completed
TXN001569,2025-01-09,CUST0043,PROD0034,ST005,EMP005,8,1,Card,Completed
TXN002376,2025-01-31,CUST0077,PROD0052,ST004,EMP009,4,25,Card,Returned
TXN004338,2025-08-23,CUST0097,PROD0003,ST004,EMP019,4,17,Cash,Completed
TXN004140,2025-11-09,CUST0094,PROD0044,ST004,EMP014,5,0,eSewa,Completed
TXN003463,2025-07-07,CUST0096,PROD0045,ST003,EMP003,2,1,Card,Completed
TXN001265,2025-10-31,CUST0052,PROD0020,ST001,EMP016,8,2,Khalti,Completed
TXN000966,2025-01-17,CUST0007,PROD0001,ST005,EMP005,3,21,eSewa,cancelled
TXN003631,2025-04-15,CUST0022,PROD0013,ST001,EMP006,6,19,Card,Returned
TXN002048,2025-08-07,CUST0089,PROD0053,ST004,EMP014,5,8,eSewa,Completed
TXN004087,2025-01-12,CUST0085,PROD0011,ST001,EMP006,1,6,Khalti,Cancelled
TXN002532,2025-02-26,CUST0033,PROD0058,ST002,EMP007,6,6,eSewa,Cancelled
TXN003133,2025-10-02,CUST0060,PROD0025,ST004,EMP014,8,19,Khalti,Completed
TXN004849,2025-05-06,CUST0041,PROD0059,ST003,EMP008,3,15,Khalti,Completed
TXN004030,2025-03-21,CUST0075,PROD0020,ST001,EMP011,4,16,Khalti,Completed
TXN002010,2025-04-15,CUST0026,PROD0030,ST004,EMP009,2,4,Bank Transfer,Completed
TXN003740,2025-05-03,CUST0041,PROD0008,ST002,EMP007,-3,5,Khalti,Cancelled
TXN002267,2025-11-23,CUST0036,PROD0007,ST002,EMP007,1,11,eSewa,Returned
TXN003597,2025-05-20,CUST0075,PROD0042,ST001,EMP001,7,27,Cash,Completed
TXN003729,2025-05-22,CUST0042,PROD0014,ST003,EMP018,2,9,Card,Completed
TXN001861,2025-12-11,CUST0072,PROD0016,ST002,EMP007,8,17,Card,Completed
TXN001501,2025-09-26,CUST0039,PROD0008,ST001,EMP001,3,25,eSewa,Returned
TXN004528,2025-12-27,CUST0002,PROD0002,ST004,EMP014,5,16,Card,Returned
TXN001927,2025-06-25,CUST0082,PROD0020,ST002,EMP007,5,15,Card,Returned
TXN001776,2025-02-18,CUST0054,PROD0023,ST001,EMP011,2,0,Khalti,Completed
TXN000937,2025-03-19,CUST0071,PROD0023,ST004,EMP009,1,7,Card,Completed
TXN001228,2025-10-13,CUST0065,PROD0004,ST001,EMP001,6,29,Khalti,Completed
TXN004275,2025-08-17,CUST0004,PROD0057,ST003,EMP018,8,25,Bank Transfer,Completed
TXN003012,2025-05-29,CUST0066,PROD0046,ST002,EMP012,7,5,Cash,Completed
TXN000926,2025-05-15,CUST0081,PROD0024,ST004,EMP014,7,27,eSEwA,Completed
TXN003291,2025-12-02,CUST0043,PROD0040,ST004,EMP019,3,15,Bank Transfer,Cancelled
TXN002000,2025-05-17,CUST0013,PROD0045,ST004,EMP019,7,3,Khalti,Completed
TXN002002,2025-09-08,CUST0026,PROD0039,ST004,EMP019,6,30,Card,Completed
TXN002977,2025-10-13,CUST0012,PROD0029,ST004,EMP014,7,9,Bank Transfer,Completed
TXN000720,2025-04-20,CUST0068,PROD0006,ST001,EMP011,3,22,Card,Completed
TXN002074,2025-02-26,CUST0032,PROD0034,ST003,EMP013,3,16,eSewa,Completed
TXN004929,2025-03-15,CUST0085,PROD0027,ST005,EMP020,2,6,eSewa,Returned
TXN000112,2025-05-08,CUST0058,PROD0036,ST003,EMP013,2,4,Cash,Completed
TXN002019,2025-07-06,CUST0089,PROD0050,ST001,EMP011,3,11,Bank Transfer,Completed
TXN002995,2025-01-01,CUST0079,PROD0038,ST003,EMP018,7,2,Cash,Completed
TXN000147,2025-02-11,CUST0041,PROD0056,ST005,EMP005,8,10,Cash,Completed
 TXN004775,2025-07-27,CUST0028,PROD0053,ST001,EMP001,3,3,Cash,Completed
TXN002176,2025-12-30,CUST0045,PROD0036,ST001,EMP011,2,1,Cash,Completed
TXN002865,2025-11-01,CUST0028,PROD0030,ST005,EMP015,8,2,Cash,Completed
 TXN003682,2025-07-28,CUST0099,PROD0025,ST004,EMP019,6,8,Bank Transfer,Completed
TXN003550,2025-01-10,CUST0074,PROD0034,ST005,EMP020,1,30,eSewa,Completed
TXN003414,2025-04-11,CUST0098,PROD0029,ST002,EMP007,8,26,Card,Completed
TXN003043,2025-05-27,CUST0015,PROD0042,ST004,EMP019,8,23,Khalti,Completed
TXN001163,2025-07-05,CUST0065,PROD0021,ST003,EMP008,5,13,eSewa,Completed
TXN000984,2025-11-14,CUST0033,PROD0047,ST003,EMP018,2,10,Card,Returned
TXN002742,2025-07-25,CUST0081,PROD0054,ST005,EMP020,4,1,Cash,Completed
TXN001876,2025-10-27,CUST0086,PROD0036,ST003,EMP008,7,11,Card,Completed
TXN003665,2025-11-11,CUST0003,PROD0038,ST002,EMP007,1,20,eSewa,Cancelled
TXN003969,2025-11-27,CUST0042,PROD0026,ST004,EMP009,2,21,Bank Transfer,Completed
TXN004618,2025-08-15,CUST0011,PROD0042,ST004,EMP019,5,13,eSewa,Completed
TXN001016,2025-02-27,CUST0030,PROD0048,ST002,EMP002,8,22,Card,Completed
TXN004177,2025-02-07,CUST0085,PROD0054,ST005,EMP010,5,22,Bank Transfer,Completed
TXN001673,2025-03-05,CUST0020,PROD0013,ST005,EMP005,6,4,Khalti,Cancelled
TXN001710,2025-05-10,CUST0061,PROD0037,ST003,EMP013,7,16,Khalti,Cancelled
TXN001739,2025-01-03,CUST0086,PROD0041,ST002,EMP012,4,13,Card,Completed
TXN001900,2025-04-25,CUST0008,PROD0001,ST004,EMP014,5,26,Bank Transfer,Cancelled
TXN002795,2025-12-11,CUST0002,PROD0018,ST003,EMP008,6,20,eSewa,Completed
TXN003794,2025-11-02,CUST0094,PROD0028,ST003,EMP018,8,19,Khalti,Completed
TXN000617,2025-05-26,CUST0030,PROD0036,ST001,EMP011,4,8,Bank Transfer,Cancelled
TXN000345,2025-10-04,CUST0045,PROD0010,ST001,EMP011,3,0,Khalti,Completed
TXN002043,2025-03-25,CUST0059,PROD0028,ST002,EMP002,2,17,Card,Cancelled
TXN001375,2025-10-27,CUST0045,PROD0053,ST004,EMP009,6,3,Cash,Returned
TXN002500,2025-12-20,CUST0100,PROD0004,ST004,EMP009,3,6,eSewa,Cancelled
TXN003208,2025-12-08,CUST0081,PROD0007,ST004,EMP009,1,11,Khalti,Completed
TXN002705,2025-03-19,CUST0025,PROD0001,ST004,EMP014,3,5,Bank Transfer,Completed
TXN000831,2025-05-22,CUST0009,PROD0044,ST005,EMP005,5,22,Bank Transfer,Completed
TXN003879,2025-03-16,CUST0088,PROD0008,ST003,EMP018,3,21,eSewa,Cancelled
TXN002573,2025-03-11,CUST0043,PROD0014,ST001,EMP006,3,4,eSewa,Completed
TXN003279,2025-12-01,CUST0004,PROD0028,ST005,EMP015,7,26,Cash,Completed
TXN003903,2025-05-25,CUST0072,PROD0049,ST005,EMP010,1,15,casH,Completed
TXN004180,2025-09-05,CUST0017,PROD0033,ST002,EMP012,7,24,Khalti,Completed
TXN002774,2025-10-06,CUST0036,PROD0054,ST001,EMP001,4,0,Khalti,CANCeLLEd
TXN001667,2025-12-25,CUST0092,PROD0046,ST003,EMP013,8,11,bank transfer,Completed
TXN003658,2025-10-20,CUST0018,PROD0024,ST004,EMP009,7,20,Card,Completed
TXN000450,2025-12-23,CUST0077,PROD0023,ST003,EMP013,1,6,Khalti,completed
TXN000505,2025-09-02,CUST0055,PROD0048,ST003,EMP013,1,22,Cash,Cancelled
TXN004871,2025-01-26,CUST0006,PROD0044,ST002,EMP007,8,25,Card,Completed
TXN002745,2025-02-21,CUST0071,PROD0007,ST001,EMP006,7,13,Khalti,Completed
TXN003986,2025-10-31,CUST0011,PROD0017,ST004,EMP019,6,28,eSewa,Returned
TXN001674,2025-03-19,CUST0011,PROD0006,ST001,EMP016,5,30,Card,Completed
TXN004110,2025-01-02,CUST0076,PROD0030,ST002,EMP017,4,6,eSewa,Returned
TXN000589,2025-03-13,CUST0098,PROD0057,ST004,EMP009,2,11,eSewa,Completed
TXN004360,2025-05-26,CUST0038,PROD0021,ST004,EMP014,3,23,eSewa,Returned
TXN003360,2025-02-19,CUST0019,PROD0021,ST003,EMP008,7,24,Card,Returned
TXN000631,2025-12-21,CUST0051,PROD0026,ST003,EMP013,5,6,eSewa,Cancelled
TXN000683,2025-08-03,CUST0078,PROD0015,ST001,EMP016,4,4,Bank Transfer,Completed
TXN001587,2025-01-20,CUST0100,PROD0035,ST003,EMP013,8,14,Bank Transfer,Completed
TXN004872,2025-08-21,CUST0061,PROD0043,ST001,EMP001,5,27,Card,Cancelled
TXN002792,2025-04-07,CUST0037,PROD0028,ST001,EMP016,4,27,eSewa,RETURNED
TXN000135,2025-06-22,CUST0035,PROD0058,ST001,EMP016,5,27,Cash,Completed
TXN001128,2025-05-10,CUST0063,PROD0043,ST004,EMP019,1,18,Card,Returned
  TXN001428  ,2025-07-21,CUST0067,PROD0059,ST004,EMP009,4,24,eSewa,Completed
TXN004381,2025-08-08,CUST0008,PROD0025,ST003,EMP018,1,1,KHALTI,Completed
TXN003889,2025-10-06,CUST0050,PROD0048,ST004,EMP009,5,25,Cash,Completed
TXN004997,2025-06-02,CUST0008,PROD0008,ST005,EMP005,4,15,Card,Completed
TXN000851,2025-08-15,CUST0048,PROD0029,ST005,EMP020,1,6,Card,Cancelled
TXN004349,2025-07-09,CUST0026,PROD0055,ST004,EMP004,4,30,Khalti,Returned
TXN004172,2025-06-02,CUST0056,PROD0004,ST001,EMP016,1,9,Card,Cancelled
TXN003293,2025-01-14,CUST0051,PROD0002,ST002,EMP007,2,3,Cash,Completed
TXN002414,2025-02-07,CUST0028,PROD0030,ST001,EMP011,3,26,Cash,Completed
TXN004983,2025-08-22,CUST0060,PROD0032,ST005,EMP005,8,25,Card,Cancelled
TXN002199,2025-04-12,CUST0094,PROD0058,ST002,EMP012,2,8,esEWA,Completed
TXN000996,2025-11-28,CUST0016,PROD0046,ST005,EMP020,-8,18,Card,Cancelled
TXN003709,2025-04-15,CUST0097,PROD0001,ST002,EMP007,5,19,Khalti,Returned
TXN003839,2025-02-14,CUST0002,PROD0022,ST004,EMP009,6,29,Bank Transfer,Cancelled
TXN001678,2025-04-04,CUST0009,PROD0052,ST002,EMP012,5,30,Card,Completed
TXN000452,2025-03-29,CUST0036,PROD0037,ST004,EMP004,4,21,Bank Transfer,Returned
TXN000465,2025-06-19,CUST0031,PROD0031,ST002,EMP007,7,0,eSewa,COMPLETED
TXN000350,2025-05-28,CUST0095,PROD0027,ST005,EMP015,3,13,Khalti,Completed
TXN004202,2025-08-28,CUST0082,PROD0020,ST003,EMP003,1,30,Bank Transfer,Completed
TXN003901,2025-05-14,CUST0082,PROD0011,ST005,EMP015,3,21, eSewa  ,Completed
TXN004580,2025-12-25,CUST0083,PROD0051,ST001,EMP011,8,20,Card,Completed
TXN000927,2025-11-22,CUST0053,PROD0042,ST002,EMP017,3,15,Cash,Completed
TXN000384,2025-09-14,CUST0031,PROD0008,ST005,EMP005,2,30,Bank Transfer,Completed
TXN003051,2025-02-09,CUST0011,PROD0018,ST002,EMP002,3,8,eSewa,Completed
TXN002846,2025-10-12,CUST0042,PROD0044,ST004,EMP019,8,18,eSewa,Completed
TXN002838,2025-08-20,CUST0074,PROD0031,ST004,EMP009,1,4,eSewa,Completed
TXN003894,2025-04-24,CUST0007,PROD0008,ST002,EMP007,5,23,eSewa,Completed
TXN003421,2025-04-27,CUST0041,PROD0015,ST003,EMP018,6,18,Bank Transfer,Cancelled
TXN003649,2025-01-18,CUST0026,PROD0011,ST002,EMP007,3,19,Khalti,Completed
TXN000716,2025-07-08,CUST0055,PROD0038,ST005,EMP010,7,20,Card,Completed
TXN000095,2025-12-04,CUST0100,PROD0045,ST005,EMP010,5,6,Khalti,Completed
TXN003516,2025-02-18,CUST0005,PROD0008,ST001,EMP016,2,15,Card,Cancelled
TXN000414,2025-08-26,CUST0025,PROD0006,ST003,EMP018,3,5,Card,Cancelled
TXN004876,2025-12-27,CUST0023,PROD0005,ST005,EMP010,4,20,eSewa,Completed
TXN003549,2025-11-29,CUST0046,PROD0007,ST004,EMP019,4,21,Bank Transfer,Completed
TXN003606,2025-10-06,CUST0041,PROD0018,ST003,EMP003,6,20,Cash,Completed
TXN002603,2025-04-17,CUST0066,PROD0050,ST005,EMP005,7,26,eSewa,Cancelled
 TXN001654,2025-10-10,CUST0002,PROD0021,ST004,EMP019,6,25,eSewa,Returned
TXN002988,2025-07-14,CUST0057,PROD0031,ST005,EMP010,7,7,Khalti,Returned
TXN004759,2025-04-24,CUST0089,PROD0005,ST004,EMP004,7,15,eSewa,Completed
TXN000542,2025-01-06,CUST0071,PROD0060,ST005,EMP010,7,4,Khalti,Completed
TXN002629,2025-01-11,CUST0013,PROD0060,ST004,EMP019,5,15,eSewa,Completed
TXN002730,2025-10-01,CUST0024,PROD0005,ST005,EMP015,2,17,Khalti,Completed
TXN003883,2025-02-27,CUST0043,PROD0047,ST005,EMP005,4,0,Khalti,Completed
TXN000845,2025-04-06,CUST0028,PROD0007,ST002,EMP002,4,6,Khalti,Completed
TXN001934,2025-01-11,CUST0046,PROD0016,ST003,EMP003,3,5,eSewa,Completed
TXN001797,2025-07-05,CUST0094,PROD0003,ST004,EMP009,5,17,Card,Completed
TXN000103,2025-07-16,CUST0032,PROD0003,ST001,EMP001,3,1,Bank Transfer,Cancelled
TXN002747,2025-01-31,CUST0036,PROD0024,ST001,EMP016,8,20,Card,Completed
TXN003913,2025-07-29,CUST0058,PROD0018,ST002,EMP012,5,21,eSewa,Cancelled
TXN004379,2025-11-23,CUST0015,PROD0005,ST002,EMP007,6,3,eSewa,Completed
TXN002260,2025-05-31,CUST0002,PROD0053,ST001,EMP011,5,22,ESEWA,Cancelled
TXN003391,2025-07-05,CUST0036,PROD0052,ST003,EMP008,1,2,Khalti,Completed
TXN002861,2025-13-01,CUST0091,PROD0058,ST003,EMP003,2,8,Card,Cancelled
TXN000957,2025-08-14,CUST0049,PROD0022,ST005,EMP005,5,6,Cash,Returned
TXN002161,2025-08-12,CUST0017,PROD0022,ST001,EMP001,7,16,Khalti,CaNCelleD
TXN000767,2025-05-31,CUST0061,PROD0046,ST005,EMP010,3,4,Bank Transfer,Completed
TXN001196,2025-06-22,CUST0098,PROD0057,ST002,EMP017,3,27,eSewa,Returned
TXN000240,2025-02-24,CUST0023,PROD0056,ST005,EMP005,8,20,Khalti,Cancelled
TXN000607,2025-04-15,CUST0071,PROD0011,ST004,EMP009,2,20,banK traNsFEr,Completed
TXN003531,2025-10-10,CUST0050,PROD0041,ST004,EMP004,2,18,Card,Completed
TXN004894,2025-05-05,CUST0044,PROD0013,ST005,EMP015,7,15,Card,Completed
TXN003446,2025-03-10,CUST0095,PROD0021,ST005,EMP010,7,0,Bank Transfer,RETURNED
TXN004889,2025-05-05,CUST0019,PROD0041,ST002,EMP017,2,9,Card,Cancelled
  TXN000919  ,2025-01-21,CUST0058,PROD0019,ST001,EMP006,5,21,Card,Completed
TXN003189,2025-07-23,CUST0082,PROD0048,ST005,EMP020,6,18,Khalti,Cancelled
TXN000616,2025-12-03,CUST0046,PROD0016,ST001,EMP006,6,3,Cash,Completed
TXN004722,2025-03-23,CUST0074,PROD0053,ST005,EMP010,6,5,Bank Transfer,Completed
TXN000014,2025-04-13,CUST0089,PROD0059,ST005,EMP010,2,5,Khalti,Completed
TXN000592,2025-02-25,CUST0060,PROD0007,ST003,EMP018,7,10,Cash,Completed
TXN001266,2025-06-30,CUST0005,PROD0002,ST001,EMP011,6,1,Bank Transfer,Cancelled
TXN002902,2025-09-03,CUST0058,PROD0040,ST003,EMP018,7,21,Cash,Completed
TXN000009,2025-09-12,CUST0044,PROD0012,ST003,EMP013,6,25,Cash,Cancelled
TXN001434,2025-10-19,CUST0096,PROD0027,ST001,EMP006,1,8,Card,Cancelled
TXN003924,2025-02-26,CUST0052,PROD0013,ST002,EMP017,4,24,eSewa,Cancelled
TXN004495,2025-08-16,CUST0064,PROD0039,ST002,EMP007,8,23,Card,Completed
TXN003466,2025-07-21,CUST0021,PROD0021,ST004,EMP019,6,21,eSewa,Completed
TXN000836,2025-09-26,CUST0044,PROD0029,ST003,EMP003,5,17,Cash,Cancelled
TXN003041,2025-10-07,CUST0005,PROD0060,ST003,EMP013,8,26,Card,Completed
TXN003761,2025-13-01,CUST0066,PROD0031,ST004,EMP004,1,5,Card,Completed
TXN004219,2025-04-23,CUST0089,PROD0038,ST001,EMP011,3,22,Khalti,Completed
TXN003230,2025-03-01,CUST0076,PROD0052,ST005,EMP005,3,12,Cash,Cancelled
TXN002395,2025-02-25,CUST0058,PROD0047,ST001,EMP006,8,23,Card,Completed
TXN002344,2025-03-12,CUST0019,PROD0019,ST001,EMP016,6,9,Cash,Completed
TXN002185,2025-09-09,CUST0048,PROD0005,ST004,EMP019,2,13,Cash,Cancelled
TXN002932,2025-05-23,CUST0078,PROD0032,ST005,EMP005,5,7,Card,Returned
TXN002182,2025-10-30,CUST0055,PROD0006,ST005,EMP020,4,24,Card,Completed
TXN000340,2025-02-03,CUST0087,PROD0045,ST002,EMP012,4,2,Khalti,Completed
TXN000657,2025-04-14,CUST0057,PROD0044,ST001,EMP016,3,25,Card,Completed
TXN000911,2025-07-11,CUST0015,PROD0021,ST001,EMP016,7,7,Bank Transfer,Completed
TXN004658,2025-01-14,CUST0039,PROD0037,ST002,EMP017,5,22,Cash,Returned
TXN004899,2025-12-05,CUST0086,PROD0015,ST003,EMP003,7,25,Card,Completed
TXN000013,2025-02-28,CUST0041,PROD0042,ST003,EMP013,1,12,Bank Transfer,Completed
TXN001062,2025-03-29,CUST0041,PROD0023,ST005,EMP005,4,3,Khalti,Returned
TXN004837,2025-02-05,CUST0004,PROD0020,ST002,EMP017,2,27,Cash,Cancelled
TXN000563,2025-11-10,CUST0034,PROD0047,ST003,EMP018,5,26,Cash,Completed
TXN003143,2025-06-10,CUST0065,PROD0053,ST004,EMP019,5,22,Cash,Cancelled
TXN003598,2025-07-11,CUST0007,PROD0027,ST001,EMP011,7,26,eSewa,Completed
TXN003989,2025-10-05,CUST0001,PROD0003,ST004,EMP004,8,2,Cash,Completed
TXN004605,2025-08-12,CUST0029,PROD0058,ST002,EMP017,3,1,Card,Cancelled
TXN003690,2025-05-25,CUST0010,PROD0052,ST002,EMP017,5,16,eSewa,Completed
TXN004573,2025-08-14,CUST0080,PROD0041,ST004,EMP004,3,15,eSewa,Completed
TXN004483,2025-08-30,CUST0047,PROD0006,ST005,EMP020,5,24,eSewa,Completed
TXN004560,2025-12-27,CUST0056,PROD0015,ST001,EMP016,7,3,CASH,Returned
TXN001764,2025-11-07,CUST0084,PROD0043,ST001,EMP001,6,0,Bank Transfer,Completed
TXN002583,2025-09-18,CUST0014,PROD0005,ST003,EMP008,7,14,Khalti,Completed
TXN004900,2025-02-06,CUST0019,PROD0038,ST001,EMP016,1,17,eSewa,Completed
TXN004724,2025-12-10,CUST0014,PROD0004,ST002,EMP002,4,21,Card,Cancelled
TXN000297,NaT,CUST0012,PROD0038,ST002,EMP012,7,1,eSewa,rEtuRnED
TXN003974,2025-07-16,CUST0011,PROD0060,ST002,EMP002,3,19,Bank Transfer,Returned
TXN004529,2025-06-03,CUST0081,PROD0038,ST002,EMP017,4,24,Bank Transfer,Cancelled
TXN004713,2025-01-24,CUST0090,PROD0024,ST004,EMP004,1,3,Card,Returned
TXN000549,2025-01-17,CUST0051,PROD0027,ST005,EMP005,3,30,eSewa,Completed
TXN003717,2025-10-01,CUST0021,PROD0017,ST004,EMP014,2,27,Bank Transfer,Returned
TXN000741,2025-04-19,CUST0018,PROD0032,ST003,EMP008,5,20,Card,Completed
TXN001857,2025-04-23,CUST0010,PROD0054,ST001,EMP001,8,28,Bank Transfer,Completed
TXN004101,2025-12-30,CUST0031,PROD0043,ST004,EMP009,3,24,ESewa,Returned
TXN003669,2025-01-04,CUST0001,PROD0044,ST001,EMP016,7,29,Cash,Completed
TXN001644,2025-13-01,CUST0049,PROD0056,ST004,EMP009,1,20,eSewa,completed
TXN000027,2025-09-30,CUST0044,PROD0033,ST004,EMP019,8,26,Cash,Completed
TXN002341,2025-05-10,CUST0002,PROD0009,ST001,EMP006,3,25,Cash,COMPLETED
TXN004687,2025-05-20,CUST0013,PROD0026,ST002,EMP017,7,28,Card,Cancelled
TXN004243,2025-04-15,CUST0021,PROD0034,ST005,EMP020,5,12, eSewa  ,Cancelled
TXN001989,2025-04-09,CUST0010,PROD0055,ST004,EMP014,5,23,Bank Transfer,Cancelled
TXN000226,2025-06-07,CUST0030,PROD0052,ST003,EMP018,6,0,Cash,Returned
TXN002598,2025-05-03,CUST0069,PROD0058,ST001,EMP011,2,,Card,COMPLETED
TXN003148,2025-03-03,CUST0070,PROD0002,ST004,EMP019,-1,0,eSewa,Completed
TXN001024,2025-10-16,CUST0068,PROD0010,ST004,EMP009,2,8,Bank Transfer,Completed
TXN003728,2025-04-27,CUST0025,PROD0054,ST005,EMP020,8,11,Khalti,Completed
TXN002128,2025-07-04,CUST0074,PROD0006,ST005,EMP020,1,13,eSewa,Completed
TXN000144,2025-03-07,CUST0024,PROD0019,ST003,EMP018,5,29,Card,Cancelled
TXN002497,2025-12-07,CUST0032,PROD0037,ST005,EMP020,7,16,eSewa,Completed
TXN001114,2025-07-22,CUST0003,PROD0051,ST005,EMP010,3,18,eSewa,Completed
TXN001438,2025-04-23,CUST0042,PROD0007,ST003,EMP018,4,24,Khalti,Completed
 TXN001356,2025-10-02,CUST0082,PROD0058,ST001,EMP011,5,11,Cash ,Completed
TXN000024,2025-07-25,CUST0098,PROD0026,ST002,EMP012,1,17,eSewa,Completed
TXN000442,2025-06-02,CUST0024,PROD0002,ST001,EMP011,7,28,eSewa,Completed
TXN000930,2025-06-10,CUST0037,PROD0039,ST004,EMP009,6,11,eSewa,Completed
TXN001545,2025-08-10,CUST0028,PROD0044,ST003,EMP008,3,14,Khalti,Completed
TXN002637,2025-12-05,CUST0023,PROD0047,ST001,EMP006,6,14,Card,Cancelled
TXN001774,2025-07-25,CUST0058,PROD0045,ST004,EMP004,1,21,Khalti,Returned
TXN001261,2025-11-05,CUST0062,PROD0015,ST001,EMP016,3,21,Cash,Completed
TXN004864,2025-11-09,CUST0086,PROD0035,ST004,EMP009,2,28,eSewa,Completed
TXN003527,2025-06-30,CUST0006,PROD0022,ST002,EMP007,8,12,Cash,Completed
TXN003544,2025-01-18,CUST0033,PROD0020,ST005,EMP015,5,3,Cash,Returned
  TXN004487 ,2025-07-14,CUST0057,PROD0035,ST005,EMP010,5,17,Bank Transfer,Completed
TXN001249,2025-08-05,CUST0046,PROD0015,ST003,EMP008,7,1,Khalti,completed
TXN001970,2025-08-16,CUST0021,PROD0021,ST003,EMP008,1,16,ESeWA,Completed
TXN001332,2025-02-21,CUST0018,PROD0046,ST002,EMP012,7,15,eSewa,Returned
TXN003063,2025-06-22,CUST0044,PROD0026,ST001,EMP001,6,20,eSewa,Completed
TXN003891,2025-04-05,CUST0073,PROD0045,ST001,EMP001,3,30,eSewa,Completed
TXN003447,2025-11-02,CUST0038,PROD0010,ST003,EMP018,2,19,Bank Transfer,Completed
TXN004635,2025-11-20,CUST0085,PROD0032,ST003,EMP008,4,4,Bank Transfer,Completed
TXN004930,2025-03-01,CUST0004,PROD0008,ST002,EMP017,2,4,Khalti,COMPLETED
TXN004518,2025-08-27,CUST0006,PROD0036,ST003,EMP013,5,10,Bank Transfer,Completed
TXN000494,2025-10-19,CUST0014,PROD0046,ST001,EMP016,3,10,Khalti,Cancelled
TXN004096,2025-10-01,CUST0071,PROD0010,ST003,EMP008,2,30,Khalti,Cancelled
TXN003165,2025-08-10,CUST0032,PROD0014,ST005,EMP015,3,12,eSewa,Completed
TXN003155,2025-03-18,CUST0027,PROD0002,ST002,EMP012,7,19,Cash,Cancelled
 TXN003468 ,2025-03-06,CUST0055,PROD0029,ST004,EMP014,3,12,Cash,Completed
TXN001542,2025-02-18,CUST0088,PROD0012,ST003,EMP008,5,,Khalti,Returned
TXN004651,2025-05-05,CUST0008,PROD0045,ST005,EMP005,1,24,Card,Completed
TXN002788,2025-11-29,CUST0009,PROD0037,ST001,EMP001,6,12,Cash,Cancelled
TXN004449,2025-08-18,CUST0089,PROD0051,ST005,EMP010,5,19,Card,Completed
TXN001984,2025-11-08,CUST0016,PROD0058,ST002,EMP007,7,0,eSewa,Completed
TXN002474,2025-04-10,CUST0047,PROD0010,ST004,EMP004,4,24,Card,Cancelled
TXN004377,2025-05-28,CUST0088,PROD0021,ST001,EMP006,7,27,eSewa,Cancelled
TXN000945,2025-04-06,CUST0056,PROD0018,ST005,EMP005,4,2,Card,Completed
TXN004211,2025-02-27,CUST0027,PROD0020,ST005,EMP010,8,27,Khalti,Completed
TXN003922,2025-09-26,CUST0008,PROD0034,ST003,EMP013,2,20,Bank Transfer,Completed
TXN002850,2025-06-26,CUST0023,PROD0022,ST001,EMP016,1,11,Khalti,Returned
TXN000425,2025-07-29,CUST0018,PROD0052,ST003,EMP008,8,21,eSewa,Completed
TXN001568,2025-05-09,CUST0001,PROD0011,ST004,EMP014,5,27,Cash,Completed
TXN000266,2025-07-14,CUST0100,PROD0003,ST003,EMP013,6,18,Bank Transfer,Returned
TXN003970,2025-06-21,CUST0078,PROD0032,ST005,EMP020,6,19,Khalti,Returned
TXN001460,2025-04-29,CUST0083,PROD0003,ST005,EMP010,2,18,Card,Completed
TXN004717,2025-08-27,CUST0057,PROD0015,ST002,EMP007,6,1,Bank Transfer,Completed
TXN002915,2025-03-27,CUST0026,PROD0046,ST005,EMP015,2,12,Card,Completed
TXN003955,2025-09-17,CUST0054,PROD0009,ST001,EMP011,5,5,Bank Transfer,Completed
TXN003819,2025-11-09,CUST0071,PROD0011,ST004,EMP014,3,9,eSewa,Completed
TXN003971,2025-02-23,CUST0080,PROD0026,ST002,EMP002,8,15,Card,Completed
TXN002803,2025-03-31,CUST0012,PROD0013,ST004,EMP009,8,4,Card,Completed
TXN003085,2025-03-09,CUST0084,PROD0022,ST004,EMP019,2,1,BANK TRANSFER,Cancelled
TXN001890,2025-05-12,CUST0084,PROD0022,ST005,EMP010,7,19,casH,Completed
TXN002407,2025-01-02,CUST0008,PROD0051,ST003,EMP018,5,0,Card,Cancelled
TXN000096,2025-11-01,CUST0015,PROD0016,ST003,EMP013,2,11,eSewa,Completed
 TXN001928,2025-04-25,CUST0097,PROD0046,ST003,EMP013,1,18,Cash,Completed
TXN000976,2025-09-28,CUST0036,PROD0034,ST002,EMP017,4,25,Cash,Completed
TXN001178,2025-12-19,CUST0010,PROD0022,ST005,EMP015,1,21,Khalti,Completed
  TXN000986 ,2025-09-11,CUST0096,PROD0015,ST003,EMP003,8,6,Cash,completed
TXN002922,2025/31/12,CUST0081,PROD0024,ST003,EMP008,1,26,Khalti,Completed
TXN000501,2025-09-16,CUST0022,PROD0031,ST003,EMP013,7,25,Khalti,Completed
TXN001231,2025-05-11,CUST0012,PROD0019,ST004,EMP004,4,29,eSewa,Cancelled
TXN000950  ,2025-11-07,CUST0083,PROD0034,ST005,EMP015,7,13,Card,Returned
TXN000886,2025-05-17,CUST0078,PROD0058,ST005,EMP015,2,25,eSewa,Cancelled
TXN000523,2025-01-31,CUST0038,PROD0046,ST001,EMP016,6,27,Card,Cancelled
TXN003037,2025-06-09,CUST0097,PROD0015,ST001,EMP016,2,29,eSewa,Completed
TXN001940,2025-05-10,CUST0038,PROD0049,ST005,EMP005,1,6,Khalti,Completed
TXN000546,2025-07-02,CUST0080,PROD0055,ST005,EMP015,1,11, Cash ,Completed
TXN001716,2025-10-06,CUST0090,PROD0018,ST001,EMP011,3,23,Card,Completed
TXN001385,2025-10-29,CUST0077,PROD0053,ST001,EMP001,5,3,Cash,Cancelled
TXN003831,2025-01-18,CUST0028,PROD0011,ST004,EMP009,4,1, Bank Transfer  ,Completed
TXN002039,2025-08-08,CUST0053,PROD0014,ST005,EMP005,1,17,Bank Transfer,Cancelled
TXN003647,2025-11-18,CUST0083,PROD0008,ST004,EMP019,5,21,Khalti,Completed
TXN000825,2025-07-17,CUST0069,PROD0023,ST001,EMP011,2,28,eSewa,Returned
TXN004272,2025-03-21,CUST0070,PROD0015,ST003,EMP013,2,9,baNK trAnSFeR,Returned
TXN003910,2025-02-04,CUST0035,PROD0037,ST004,EMP004,5,23,Card,Completed
TXN002843,2025-01-19,CUST0037,PROD0017,ST002,EMP012,6,11,Khalti,Cancelled
TXN001729,2025-01-12,CUST0064,PROD0018,ST002,EMP002,7,4,Card,Completed
TXN003996,2025-01-16,CUST0062,PROD0024,ST004,EMP014,4,10,eSewa,Completed
TXN000061,2025-09-28,CUST0073,PROD0055,ST001,EMP011,1,22,Bank Transfer,Completed
TXN000726,2025-12-30,CUST0087,PROD0055,ST001,EMP011,3,30,EseWa,Returned
TXN000514,2025-06-14,CUST0001,PROD0041,ST002,EMP007,1,25,eSewa,Cancelled
TXN000021,2025-09-21,CUST0052,PROD0009,ST002,EMP012,2,8,Khalti,Completed
TXN000248,2025-02-09,CUST0052,PROD0037,ST004,EMP019,6,26,Bank Transfer,Completed
TXN002242,2025-02-28,CUST0088,PROD0056,ST004,EMP004,7,18,Khalti,Completed
TXN003260,2025-10-07,CUST0084,PROD0016,ST004,EMP009,6,22,Khalti,Cancelled
TXN003975,2025-06-16,CUST0020,PROD0002,ST004,EMP019,5,13,eSewa,CAncELled
TXN002233,2025-12-23,CUST0038,PROD0054,ST004,EMP019,4,8,Khalti,Completed
TXN003652,2025-04-15,CUST0064,PROD0005,ST005,EMP015,1,14,eSewa,Returned
TXN002181,2025-03-17,CUST0002,PROD0042,ST003,EMP018,4,30,  Bank Transfer,Cancelled
TXN001038,2025-08-01,CUST0077,PROD0008,ST005,EMP010,1,12,eSewa,Returned
TXN004078,2025-09-18,CUST0061,PROD0058,ST002,EMP012,4,27,Cash,Completed
TXN000946,2025-08-05,CUST0037,PROD0036,ST001,EMP006,3,6,Bank Transfer,Cancelled
TXN001392,2025-05-05,CUST0007,PROD0006,ST001,EMP001,3,23,Card,Completed
TXN001283,2025-03-04,CUST0057,PROD0005,ST005,EMP015,7,26,Cash,Completed
TXN000623,2025-03-06,CUST0018,PROD0038,ST001,EMP006,6,28,Khalti,Cancelled
TXN002780,2025-02-20,CUST0097,PROD0025,ST002,EMP017,1,13,Cash,Completed
TXN001105,2025-09-23,CUST0075,PROD0036,ST005,EMP005,4,21,Cash,Completed
TXN003885,2025-11-24,CUST0012,PROD0049,ST005,EMP020,4,29,Bank Transfer,Completed
TXN001436,2025-07-31,CUST0075,PROD0013,ST005,EMP010,8,12,Bank Transfer,Completed
TXN002377,2025-07-26,CUST0076,PROD0037,ST002,EMP017,3,27,Bank Transfer,Completed
TXN001791,2025-02-16,CUST0053,PROD0023,ST005,EMP015,2,21,Cash,Completed
TXN003453,2025-09-28,CUST0067,PROD0046,ST004,EMP019,2,19,Bank Transfer,Completed
TXN004418,2025-06-09,CUST0078,PROD0044,ST002,EMP017,2,2,Card,Completed
TXN003775,2025-04-26,CUST0071,PROD0020,ST004,EMP004,3,10,Khalti,Completed
TXN003357,2025-09-15,CUST0079,PROD0054,ST003,EMP003,2,29,Cash,Cancelled
TXN001999,2025-12-22,CUST0077,PROD0044,ST002,EMP012,1,22,Card,Completed
TXN000064,2025-11-21,CUST0051,PROD0050,ST005,EMP020,5,7,eSewa,Returned
TXN003807,2025-07-30,CUST0049,PROD0013,ST002,EMP007,5,1,Khalti,Completed
TXN001722,2025-10-31,CUST0059,PROD0060,ST001,EMP006,3,14,Bank Transfer,Cancelled
TXN003520,2025-01-25,CUST0085,PROD0029,ST003,EMP013,8,11,Cash,Completed
TXN002252,2025-12-04,CUST0017,PROD0039,ST002,EMP002,7,30,Bank Transfer,Completed
TXN001012,2025-04-15,CUST0018,PROD0003,ST005,EMP020,6,9,Khalti,Completed
TXN002261,2025-11-04,CUST0047,PROD0023,ST005,EMP020,4,16,Cash,Completed
TXN000111,2025-03-17,CUST0028,PROD0054,ST002,EMP002,2,12,Bank Transfer,Completed
TXN004225,2025-01-10,CUST0071,PROD0014,ST001,EMP001,2,3,Bank Transfer,Completed
TXN002521,2025-06-30,CUST0033,PROD0036,ST001,EMP016,3,30,eSewa,Cancelled
TXN002755,2025-08-30,CUST0090,PROD0001,ST001,EMP006,2,9,Cash,Cancelled
TXN001699,2025-08-09,CUST0023,PROD0031,ST005,EMP015,4,11,Cash,Completed
TXN004393,2025-08-30,CUST0070,PROD0048,ST002,EMP017,7,9,Card,Completed
TXN001209,2025-05-28,CUST0085,PROD0013,ST002,EMP007,5,11,card,Completed
TXN003622,2025-10-05,CUST0042,PROD0035,ST002,EMP012,8,1,Khalti,Completed
TXN003923,2025-06-04,CUST0017,PROD0012,ST002,EMP007,7,3,Bank Transfer,Returned
TXN002200,2025-04-26,CUST0035,PROD0059,ST004,EMP019,2,22,Cash,Completed
  TXN004884  ,2025/31/12,CUST0065,PROD0040,ST003,EMP013,6,11,eSewa,COmplETED
TXN004026,2025-03-18,CUST0094,PROD0020,ST002,EMP002,4,30,Cash,Completed
TXN003926,2025-06-25,CUST0022,PROD0059,ST004,EMP009,8,8,Bank Transfer,Completed
TXN004830,2025-05-21,CUST0023,PROD0052,ST003,EMP013,3,13,eSewa,Completed
TXN003896,2025-06-27,CUST0024,PROD0002,ST001,EMP016,6,3,Khalti,Cancelled
TXN000682,2025-06-11,CUST0099,PROD0024,ST003,EMP008,2,30,Khalti,Completed
TXN000165,2025-12-03,CUST0099,PROD0040,ST003,EMP018,6,24,Card,Completed
TXN002839,2025-08-11,CUST0074,PROD0029,ST003,EMP018,8,12,Cash,Cancelled
TXN004124,2025-07-18,CUST0087,PROD0020,ST001,EMP006,7,10,Cash,Completed
TXN001396,2025-06-12,CUST0069,PROD0011,ST004,EMP014,2,14,Card,completed
TXN004264,2025-08-17,CUST0015,PROD0043,ST005,EMP010,3,14,Card,Completed
TXN001413,2025-04-20,CUST0025,PROD0052,ST005,EMP010,7,26,Cash,Completed
TXN000228,2025-11-27,CUST0051,PROD0016,ST004,EMP014,7,2,Khalti,Cancelled
TXN001561,2025-06-16,CUST0054,PROD0025,ST003,EMP003,2,27,eSewa,Completed
TXN002406,2025-08-26,CUST0100,PROD0058,ST005,EMP020,6,25,Bank Transfer,Completed
TXN001761,2025-04-11,CUST0005,PROD0050,ST001,EMP006,2,16,  Cash  ,Cancelled
TXN004304,2025-08-06,CUST0070,PROD0035,ST001,EMP016,3,29,eSewa,Completed
TXN004419,2025-01-24,CUST0070,PROD0030,ST002,EMP007,7,5,Bank Transfer,Returned
TXN000888,2025-02-01,CUST0078,PROD0008,ST005,EMP020,4,7,Khalti,Completed
TXN001064,2025-08-18,CUST0049,PROD0008,ST002,EMP012,2,9,ESEWA,Returned
TXN000258,2025-01-21,CUST0072,PROD0060,ST005,EMP015,4,15,Khalti,Cancelled
TXN004355,2025-12-03,CUST0038,PROD0004,ST001,EMP001,8,29,Cash,Completed
TXN001666,2025-02-01,CUST0078,PROD0032,ST001,EMP016,1,22,Bank Transfer,Cancelled
TXN002142,2025-08-09,CUST0094,PROD0002,ST004,EMP014,6,17,Card,Returned
TXN003774,2025-11-23,CUST0033,PROD0025,ST004,EMP009,6,20,Bank Transfer,Completed
TXN001554,2025-10-30,CUST0018,PROD0059,ST001,EMP006,5,26,Card,Completed
TXN002605,2025-06-12,CUST0068,PROD0018,ST005,EMP005,5,17,eSewa,Completed
TXN000506,2025-12-06,CUST0033,PROD0016,ST005,EMP005,3,20,Khalti,Completed
TXN004701,2025-04-18,CUST0077,PROD0043,ST005,EMP005,8,8,card,Completed
TXN003918,2025-05-31,CUST0014,PROD0044,ST005,EMP010,8,14,eSewa,Completed
TXN000806,2025-02-19,CUST0099,PROD0036,ST001,EMP016,6,25,eSewa,Completed
TXN002640,2025-09-11,CUST0008,PROD0051,ST004,EMP019,8,22,Khalti,Completed
TXN001351,2025-07-25,CUST0064,PROD0014,ST002,EMP017,3,22,eSewa,Returned
TXN002550,2025-05-14,CUST0021,PROD0032,ST002,EMP012,4,5,Card,Completed
TXN004209,2025-02-02,CUST0005,PROD0035,ST005,EMP005,1,0,eSewa,Completed
TXN000107,2025-04-16,CUST0095,PROD0047,ST003,EMP013,4,4,ESEWA,Completed
TXN003749,2025-01-01,CUST0022,PROD0015,ST001,EMP011,8,19,Cash ,Completed
TXN004107,2025-05-28,CUST0089,PROD0052,ST001,EMP016,4,15,Cash,Completed
TXN004253,2025-05-13,CUST0065,PROD0010,ST001,EMP011,7,27,Khalti,Completed
TXN000185,2025-12-10,CUST0033,PROD0013,ST005,EMP020,1,17,Khalti,Cancelled
TXN002403,2025-04-27,CUST0060,PROD0029,ST003,EMP008,2,6,eSewa,Completed
TXN002845,2025-04-21,CUST0004,PROD0037,ST001,EMP011,1,29,Khalti,Completed
TXN002325,2025-11-11,CUST0065,PROD0035,ST003,EMP003,7,20,Cash,Completed
TXN001034,2025-02-22,CUST0094,PROD0015,ST003,EMP013,2,16,Khalti,Cancelled
TXN002961,2025-06-01,CUST0042,PROD0014,ST001,EMP001,3,,Khalti,Cancelled
TXN001938,2025-06-27,CUST0024,PROD0051,ST004,EMP019,3,7,eSewa,Completed
TXN000440,2025-05-06,CUST0003,PROD0018,ST001,EMP006,8,10,  KHALTI ,Returned
TXN002886,2025-07-12,CUST0017,PROD0050,ST002,EMP002,8,1,Bank Transfer,Completed
TXN000772,2025-05-12,CUST0073,PROD0034,ST005,EMP015,3,7,Card,Cancelled
TXN003379,2025-08-20,CUST0045,PROD0016,ST002,EMP012,6,,Khalti,Completed
TXN001732,2025-11-02,CUST0040,PROD0026,ST004,EMP009,6,29,khalti,Completed
TXN003077,2025-05-25,CUST0037,PROD0040,ST005,EMP020,5,14,Cash,Completed
TXN001494,2025-08-18,CUST0032,PROD0040,ST002,EMP002,1,7,Khalti,Completed
TXN000461,2025-11-14,CUST0033,PROD0023,ST002,EMP017,8,1,Cash,Completed
TXN003880,2025-12-07,CUST0069,PROD0020,ST005,EMP010,7,23,eSewa,Completed
TXN004436,2025-10-27,CUST0048,PROD0034,ST003,EMP013,1,29,eSewa,Completed
TXN004463,2025-01-09,CUST0060,PROD0035,ST002,EMP007,1,19,Khalti,Completed
TXN004069,2025-03-20,CUST0004,PROD0043,ST003,EMP003,5,19,Khalti,Completed
TXN004646,2025-08-14,CUST0011,PROD0005,ST004,EMP009,4,29,card,Completed
TXN001033,2025-01-30,CUST0005,PROD0019,ST001,EMP011,5,6,eSewa,Completed
TXN004892,2025-11-30,CUST0085,PROD0015,ST001,EMP001,3,19,Khalti,Completed
TXN004592,2025-02-03,CUST0068,PROD0010,ST003,EMP013,6,17,Cash,Completed
TXN002152,2025-05-13,CUST0064,PROD0028,ST005,EMP005,3,22,Khalti,Completed
TXN001993,2025-07-23,CUST0028,PROD0049,ST004,EMP014,5,20,Card,Completed
TXN002119,2025-01-17,CUST0019,PROD0016,ST002,EMP007,5,14,eSewa,Returned
TXN000455,2025-07-20,CUST0069,PROD0029,ST004,EMP014,4,25,Cash,Cancelled
TXN002645,2025-09-05,CUST0040,PROD0027,ST002,EMP017,3,9,Khalti,Completed
TXN000142,2025-05-22,CUST0044,PROD0018,ST003,EMP003,5,20,eSewa,Completed
TXN000676,2025-06-10,CUST0036,PROD0058,ST003,EMP003,2,25,eSewa,Completed
TXN001198,2025-06-21,CUST0018,PROD0035,ST003,EMP013,1,8,Cash,Completed
TXN002743,2025-10-09,CUST0090,PROD0056,ST004,EMP009,7,10,CaSh,Completed
TXN000469,2025-04-07,CUST0006,PROD0049,ST003,EMP008,5,1,eSewa,Completed
TXN000661,2025-09-23,CUST0069,PROD0037,ST003,EMP003,5,22, Cash ,Returned
TXN001489,2025-12-04,CUST0059,PROD0010,ST001,EMP001,6,20,Khalti,Cancelled
TXN001109,2025-02-17,CUST0096,PROD0023,ST004,EMP019,5,27,Bank Transfer,Completed
TXN000610,2025-03-24,CUST0082,PROD0059,ST001,EMP011,3,21,Bank Transfer,cancelled
TXN001408,2025-05-26,CUST0034,PROD0007,ST002,EMP017,8,11,Cash,Cancelled
TXN001844,2025-04-10,CUST0013,PROD0052,ST003,EMP003,-7,26,Bank Transfer,Completed
TXN001381,2025-01-01,CUST0002,PROD0023,ST005,EMP005,4,,Cash,Completed
TXN002151,2025-01-13,CUST0098,PROD0041,ST001,EMP016,1,26,Card,Completed
TXN003603,2025-05-08,CUST0034,PROD0024,ST004,EMP004,8,0,Card,Completed
TXN003605,2025-07-04,CUST0006,PROD0003,ST003,EMP018,6,6,Bank Transfer,Completed
TXN004408,2025-12-21,CUST0003,PROD0049,ST003,EMP008,8,12,Bank Transfer,Completed
TXN004897,2025-06-13,CUST0090,PROD0009,ST001,EMP011,4,,Cash,Completed
  TXN003221 ,2025-12-24,CUST0045,PROD0014,ST001,EMP011,1,2,CARD,Completed
TXN003960,2025-07-26,CUST0034,PROD0003,ST004,EMP019,5,25,Bank Transfer,Completed
TXN003694,2025-10-26,CUST0058,PROD0007,ST005,EMP005,3,17,Bank Transfer,Completed
TXN004752,2025-05-13,CUST0043,PROD0039,ST005,EMP015,6,1,Card,Completed
TXN002162,2025-04-29,CUST0012,PROD0057,ST005,EMP020,6,15,Khalti,Completed
TXN003449,2025-12-13,CUST0092,PROD0014,ST001,EMP001,4,9,Khalti,Completed
TXN001051,2025-03-02,CUST0061,PROD0010,ST003,EMP018,8,0,Khalti,Completed
  TXN001544 ,2025-08-15,CUST0017,PROD0058,ST001,EMP011,6,19,Cash,Completed
TXN001168,2025-05-23,CUST0055,PROD0023,ST003,EMP003,5,11,eSewa,Completed
TXN002320,2025-09-05,CUST0089,PROD0043,ST001,EMP016,2,29,Card,Cancelled
TXN000002,2025-08-30,CUST0018,PROD0003,ST005,EMP005,3,19,CASH,Completed
TXN003993,2025-11-22,CUST0011,PROD0030,ST001,EMP011,3,0,Cash,Completed
TXN003727,2025-09-02,CUST0016,PROD0048,ST001,EMP001,7,30,KHALTI,Completed
TXN004638,2025-09-17,CUST0029,PROD0002,ST005,EMP015,2,2,Bank Transfer,Cancelled
TXN002038,2025-08-03,CUST0047,PROD0025,ST001,EMP001,6,,eSewa,Completed
TXN003185,2025-09-09,CUST0026,PROD0018,ST001,EMP006,1,25,Card,Completed
TXN000100,2025-03-31,CUST0040,PROD0043,ST002,EMP002,2,0,Card,Completed
TXN002520,2025-08-21,CUST0083,PROD0016,ST004,EMP009,6,28,Khalti,Cancelled
TXN003559,2025-02-14,CUST0011,PROD0046,ST005,EMP005,8,23,Khalti,Cancelled
TXN003381,2025-02-01,CUST0017,PROD0023,ST004,EMP009,6,23,Cash,Completed
TXN001921,2025-10-12,CUST0019,PROD0058,ST001,EMP016,4,0,Khalti,Completed
TXN003841,2025-02-28,CUST0079,PROD0017,ST001,EMP011,3,21,Bank Transfer,Completed
TXN002991,2025-03-09,CUST0033,PROD0044,ST004,EMP014,7,14,Cash,Returned
TXN001853,2025-07-03,CUST0046,PROD0051,ST004,EMP014,7,12,Khalti,Returned
TXN004716,2025-05-22,CUST0042,PROD0016,ST005,EMP010,7,13,Khalti,Completed
TXN004280,2025-07-24,CUST0018,PROD0025,ST005,EMP020,1,16,eSewa,Completed
TXN003315,2025-03-01,CUST0009,PROD0015,ST004,EMP009,2,9,eSewa,Completed
TXN004428,2025-12-06,CUST0073,PROD0027,ST003,EMP018,2,6,eSewa,Cancelled
TXN001111,2025-03-13,CUST0053,PROD0030,ST005,EMP015,1,21,Cash,Completed
TXN002080,2025-11-18,CUST0067,PROD0060,ST003,EMP003,3,5,Bank Transfer,Cancelled
TXN003351,2025-07-11,CUST0050,PROD0006,ST001,EMP016,8,27,eSewa,Returned
  TXN001476 ,2025-04-04,CUST0071,PROD0060,ST004,EMP004,7,29,Bank Transfer,Cancelled
TXN003961,2025-08-20,CUST0047,PROD0056,ST005,EMP015,8,28,eSewa,Completed
TXN001773,2025-03-16,CUST0049,PROD0048,ST002,EMP002,2,4,Bank Transfer,Completed
TXN001835,2025-08-03,CUST0094,PROD0052,ST005,EMP020,2,20,Khalti,caNCeLlEd
TXN000379,2025-12-27,CUST0024,PROD0057,ST003,EMP018,3,30,Khalti,Completed
TXN001954,2025-07-14,CUST0073,PROD0003,ST004,EMP009,7,17,eSewa,Completed
TXN004313,2025-01-27,CUST0067,PROD0008,ST004,EMP009,5,15,Card,Returned
TXN002928,2025-11-27,CUST0032,PROD0020,ST004,EMP009,5,4,Khalti,Cancelled
TXN000820,2025-01-15,CUST0013,PROD0019,ST001,EMP011,8,26,eSewa,Completed
TXN000857,2025-04-27,CUST0091,PROD0057,ST004,EMP014,7,6,Khalti,Completed
TXN002122,2025-02-05,CUST0092,PROD0014,ST005,EMP010,2,3,eSewa,Completed
TXN004745,2025-11-18,CUST0063,PROD0028,ST002,EMP007,8,13,eSewa,Completed
TXN001612,2025-03-11,CUST0019,PROD0009,ST002,EMP017,5,7,Bank Transfer,Completed
TXN001065,2025-02-18,CUST0038,PROD0033,ST003,EMP013,7,7,Khalti,Completed
TXN004387,2025-05-10,CUST0024,PROD0041,ST004,EMP004,5,24,Bank Transfer,cOMpLeteD
TXN001313,2025-03-07,CUST0032,PROD0050,ST004,EMP009,8,3,Khalti,Returned
TXN000562,2025-11-25,CUST0035,PROD0056,ST005,EMP005,4,3,Cash,Cancelled
 TXN004261,2025-02-04,CUST0060,PROD0024,ST005,EMP015,3,,Cash,Cancelled
TXN002452,2025-07-20,CUST0005,PROD0054,ST001,EMP006,6,22,eSewa,Completed
TXN002939,2025-12-02,CUST0042,PROD0060,ST003,EMP008,5,23,Khalti,Completed
TXN000028,2025-12-02,CUST0077,PROD0031,ST001,EMP001,4,5,Bank Transfer,Cancelled
TXN002760,2025-04-16,CUST0016,PROD0058,ST003,EMP013,2,10,CARD,Completed
TXN002365,2025-08-22,CUST0011,PROD0042,ST002,EMP017,4,28,Cash,Completed
TXN004896,2025-01-28,CUST0095,PROD0014,ST001,EMP006,7,2,Bank Transfer,Completed
TXN001274,2025-05-23,CUST0032,PROD0001,ST002,EMP002,7,2,Card,Cancelled
TXN000211,2025-12-11,CUST0032,PROD0019,ST004,EMP009,6,15,eSewa,Completed
TXN004042,2025-03-28,CUST0016,PROD0059,ST004,EMP004,7,28,khalti,Completed
TXN000793,2025-04-17,CUST0057,PROD0056,ST001,EMP001,7,6,Card,Completed
TXN000418,2025-12-03,CUST0078,PROD0055,ST001,EMP011,8,22,Khalti,Completed
TXN004226,2025-12-28,CUST0032,PROD0006,ST001,EMP011,3,7,Cash,Completed
TXN001325,2025-04-15,CUST0004,PROD0008,ST002,EMP002,7,1,Card,Completed
TXN001339,2025-06-08,CUST0051,PROD0038,ST004,EMP019,4,18,Bank Transfer,Returned
TXN002748,2025-02-12,CUST0023,PROD0025,ST004,EMP009,5,14,Cash,Completed
TXN004343,2025-12-23,CUST0037,PROD0018,ST003,EMP003,2,2,Khalti,Completed
TXN002140,2025-05-30,CUST0093,PROD0043,ST001,EMP016,8,17,Bank Transfer,Completed
TXN003951,2025-07-20,CUST0059,PROD0020,ST003,EMP003,7,23,eSewa,Completed
TXN002907,2025-12-02,CUST0065,PROD0043,ST004,EMP019,7,16,Card,Returned
TXN004318,2025-01-16,CUST0031,PROD0050,ST002,EMP002,8,25,Bank Transfer,cancelled
TXN001845,2025-04-17,CUST0002,PROD0014,ST005,EMP020,6,8,Bank Transfer,Returned
TXN004778,2025-01-19,CUST0044,PROD0055,ST004,EMP004,4,25,Bank Transfer,Completed
 TXN001603,2025-12-16,CUST0035,PROD0050,ST002,EMP007,5,4,Card,Returned
TXN001262,2025-05-02,CUST0084,PROD0035,ST001,EMP016,4,28,eSewa,Completed
TXN003396,2025-07-27,CUST0016,PROD0028,ST002,EMP002,5,25,Bank Transfer,Completed
TXN004729,2025-06-04,CUST0069,PROD0032,ST001,EMP006,6,6,eSewa,Returned
TXN002288,2025-13-01,CUST0071,PROD0007,ST002,EMP007,2,1,eSewa,Completed
TXN000965,2025-02-12,CUST0049,PROD0055,ST004,EMP019,2,,Bank Transfer,Completed
TXN002891,2025-06-11,CUST0007,PROD0041,ST005,EMP020,4,4,Khalti,cancelled
TXN002572,2025-09-30,CUST0055,PROD0058,ST004,EMP009,8,21,Cash,Completed
TXN004220,2025-01-20,CUST0023,PROD0004,ST002,EMP017,7,30,Bank Transfer,Completed
TXN002116,2025-11-16,CUST0089,PROD0034,ST003,EMP018,3,23,Cash,Returned
TXN004032,2025-12-12,CUST0086,PROD0037,ST004,EMP009,5,13,eSewa,Cancelled
TXN004915,2025-04-01,CUST0011,PROD0020,ST001,EMP011,1,24,Bank Transfer,Completed
TXN000656,2025-11-20,CUST0057,PROD0049,ST003,EMP003,1,22,Khalti,Completed
TXN003422,2025-11-27,CUST0045,PROD0015,ST004,EMP019,6,15,eSewa,CoMPlETEd
TXN000947,2025-07-08,CUST0016,PROD0050,ST003,EMP018,3,7,  Cash,Completed
TXN000796,2025-11-26,CUST0030,PROD0045,ST005,EMP010,7,,eSewa,Cancelled
TXN000692,2025-03-06,CUST0055,PROD0047,ST004,EMP019,8,22,Cash,Completed
TXN003778,2025-01-12,CUST0096,PROD0001,ST005,EMP020,5,26,Khalti,Completed
TXN004777,2025-01-04,CUST0080,PROD0043,ST002,EMP002,8,19,Khalti,Completed
TXN001162,2025-09-03,CUST0027,PROD0034,ST002,EMP002,6,18,KhAltI,Returned
TXN001924,2025-08-08,CUST0042,PROD0052,ST002,EMP012,4,2,eSewa,returned
TXN003102,2025-10-04,CUST0075,PROD0044,ST001,EMP001,6,16,Card,REturnEd
TXN001415,2025-03-14,CUST0047,PROD0045,ST004,EMP019,2,26,Khalti,Completed
TXN003359,2025-03-11,CUST0062,PROD0024,ST001,EMP006,7,22,Khalti,Completed
TXN003034,2025-08-09,CUST0011,PROD0042,ST003,EMP018,1,20,Cash,Returned
TXN000915,2025-01-17,CUST0076,PROD0003,ST005,EMP020,8,22,Khalti,Completed
TXN003101,2025-07-16,CUST0039,PROD0039,ST002,EMP017,6,22,Card,Completed
TXN000390  ,2025-06-17,CUST0094,PROD0053,ST005,EMP020,8,20,Card,Cancelled
TXN001721,2025-07-29,CUST0070,PROD0052,ST002,EMP017,4,21,eSewa,Completed
TXN000101,2025-05-18,CUST0048,PROD0009,ST001,EMP006,2,25,Khalti,Completed
TXN004721,2025-08-20,CUST0064,PROD0037,ST005,EMP020,-5,23,eSewa,Returned
TXN002432,2025-08-10,CUST0018,PROD0020,ST001,EMP016,4,25,Cash,Completed
TXN002963,2025-05-18,CUST0008,PROD0022,ST005,EMP015,2,18,Khalti,Completed
TXN000785,2025-05-14,CUST0074,PROD0035,ST001,EMP011,5,24,Cash,Cancelled
TXN001863,2025-11-07,CUST0090,PROD0037,ST004,EMP019,2,2,Card,Returned
TXN001533,2025-01-06,CUST0070,PROD0028,ST005,EMP010,5,24,KHALTI,Completed
TXN001935,2025-10-22,CUST0019,PROD0039,ST002,EMP007,1,13,eSewa,Completed
TXN000515,2025-09-01,CUST0045,PROD0028,ST003,EMP003,2,6,Card,Returned
TXN004816,2025-08-27,CUST0007,PROD0035,ST002,EMP007,4,13,Cash,Cancelled
TXN000281,2025-07-31,CUST0069,PROD0058,ST005,EMP015,1,23,eSewa,Returned
TXN004947,2025-06-23,CUST0064,PROD0010,ST005,EMP015,4,19,Khalti,Cancelled
TXN000479,2025-11-08,CUST0073,PROD0041,ST001,EMP011,7,12,Cash,Returned
TXN001916,2025-06-08,CUST0033,PROD0052,ST003,EMP003,6,26,Cash,Completed
TXN001277,2025-07-09,CUST0029,PROD0060,ST003,EMP003,1,5,Card,Completed
TXN004812,2025-06-06,CUST0005,PROD0060,ST005,EMP015,1,19,eSewa,Cancelled
TXN000466,2025-01-16,CUST0098,PROD0024,ST004,EMP019,4,28,eSewa,Cancelled
TXN003098,2025-03-07,CUST0033,PROD0018,ST005,EMP020,1,0,Cash,Returned
TXN004317,2025-06-24,CUST0005,PROD0003,ST004,EMP009,5,18,Bank Transfer,Completed
TXN001060,2025-03-08,CUST0098,PROD0056,ST003,EMP013,3,2,Khalti,Cancelled
TXN001914,2025-10-13,CUST0043,PROD0052,ST002,EMP012,7,14,BANK TRANSFER,cOMplEted
TXN002055,2025-05-26,CUST0061,PROD0053,ST002,EMP002,4,18,eSewa,Cancelled
TXN001120,2025-08-20,CUST0073,PROD0059,ST001,EMP016,6,19,Cash,Completed
TXN002248,2025-09-29,CUST0088,PROD0042,ST003,EMP018,5,0,Card,Completed
TXN003705,2025-12-21,CUST0050,PROD0023,ST001,EMP011,5,12,Khalti,Completed
TXN003863,2025-07-24,CUST0006,PROD0018,ST003,EMP008,8,,Khalti,Completed
TXN000267,2025-05-06,CUST0059,PROD0053,ST005,EMP015,7,12,Bank Transfer,Cancelled
TXN003552,2025-11-19,CUST0056,PROD0004,ST001,EMP016,7,0,Bank Transfer,Completed
TXN004764,2025-03-09,CUST0010,PROD0046,ST003,EMP003,1,25,Khalti,Completed
TXN002076,2025-11-11,CUST0004,PROD0043,ST005,EMP015,5,30,Card,Completed
TXN002066,2025-09-19,CUST0053,PROD0044,ST004,EMP009,6,2,Card,Completed
TXN003576,2025-08-16,CUST0052,PROD0029,ST005,EMP015,7,7,Bank Transfer,Completed
TXN002188,2025-07-27,CUST0082,PROD0007,ST003,EMP013,1,11,Card,Completed
TXN001342,2025-12-10,CUST0080,PROD0049,ST005,EMP010,8,17,eSewa,Completed
TXN000721,2025-01-13,CUST0056,PROD0042,ST003,EMP018,6,11,Khalti,Completed
TXN000550,2025-07-24,CUST0097,PROD0049,ST001,EMP011,7,25,Cash,Completed
TXN000746,2025-01-13,CUST0087,PROD0019,ST001,EMP011,5,0,Khalti,COMPLETED
TXN001616,2025-08-21,CUST0046,PROD0016,ST004,EMP019,8,7,eSewa,Cancelled
TXN003838,2025-11-26,CUST0077,PROD0052,ST003,EMP003,1,12,Card,Completed
TXN000337,2025-12-12,CUST0095,PROD0060,ST001,EMP011,6,11,khalti,Returned
TXN001431,2025-04-18,CUST0019,PROD0055,ST004,EMP009,7,23,Card,Completed
TXN002571,2025-09-02,CUST0025,PROD0038,ST005,EMP010,1,14,  Card ,Returned
TXN001360,2025-08-21,CUST0018,PROD0055,ST005,EMP015,5,30,Khalti,Returned
TXN003737,2025-01-25,CUST0083,PROD0054,ST002,EMP017,7,25,Cash,Cancelled
TXN002901,2025-11-02,CUST0095,PROD0021,ST005,EMP010,5,24,casH,Completed
TXN000451,2025-06-05,CUST0012,PROD0053,ST002,EMP007,4,11,  Cash ,Completed
TXN003847,2025-03-28,CUST0011,PROD0026,ST002,EMP007,7,24,card,canCELLEd
TXN002173,2025-02-27,CUST0052,PROD0039,ST002,EMP017,3,12,Cash,Completed
TXN000757,2025-04-26,CUST0065,PROD0035,ST001,EMP011,7,26,Khalti,Completed
TXN001473,2025-08-28,CUST0033,PROD0058,ST004,EMP014,3,7,Khalti,Returned
TXN004829,2025-07-11,CUST0032,PROD0009,ST003,EMP008,5,23,Card,Cancelled
TXN004607,2025-01-14,CUST0058,PROD0010,ST005,EMP020,7,13,eSewa,Returned
TXN002904,2025-08-28,CUST0049,PROD0028,ST004,EMP014,1,12,Cash,Cancelled
TXN000724,2025-03-30,CUST0078,PROD0041,ST001,EMP016,8,17,Cash,Completed
TXN001427,2025-07-03,CUST0061,PROD0027,ST003,EMP013,3,23,Bank Transfer,Completed
TXN000968,2025-05-14,CUST0018,PROD0005,ST005,EMP010,3,3,Khalti,Returned
TXN002543,2025-12-06,CUST0014,PROD0027,ST003,EMP008,5,19,Card,Cancelled
TXN003286,2025-03-31,CUST0097,PROD0005,ST005,EMP005,5,20,eSewa,Completed
TXN004331,2025-05-29,CUST0098,PROD0007,ST005,EMP015,1,16,Bank Transfer,Completed
TXN002068,2025-06-21,CUST0085,PROD0060,ST001,EMP016,6,26,Bank Transfer,Returned
TXN002854,2025-04-07,CUST0011,PROD0042,ST004,EMP004,4,1,eSewa,Returned
TXN004412,2025-10-05,CUST0009,PROD0050,ST001,EMP001,6,7,Card,Completed
TXN003328,2025-11-24,CUST0083,PROD0041,ST003,EMP008,2,27,eSewa,Completed
TXN002941,2025-08-22,CUST0028,PROD0050,ST004,EMP019,1,0,Khalti,Completed
TXN003681,2025-08-28,CUST0078,PROD0011,ST005,EMP015,7,26,Card,Completed
TXN003525,,CUST0026,PROD0002,ST005,EMP010,5,24,Khalti,Cancelled
TXN002014,2025-08-01,CUST0079,PROD0037,ST004,EMP014,2,3,eSewa,Completed
TXN002417,2025-07-06,CUST0100,PROD0032,ST001,EMP011,7,2,cArd,Completed
TXN001707,2025-09-02,CUST0003,PROD0024,ST005,EMP015,4,10,Khalti,Cancelled
TXN001397,2025-07-24,CUST0045,PROD0060,ST003,EMP013,3,2,Bank Transfer,Completed
TXN004709,2025-02-22,CUST0080,PROD0030,ST003,EMP018,7,3,  Bank Transfer,Completed
TXN003506,2025-11-18,CUST0019,PROD0029,ST005,EMP010,4,16,Card,Completed
TXN001222  ,2025-03-09,CUST0036,PROD0042,ST001,EMP016,2,30,eSewa,Returned
TXN000879 ,2025-07-26,CUST0060,PROD0021,ST005,EMP015,8,4,Card,Cancelled
TXN001601,2025-07-02,CUST0009,PROD0037,ST002,EMP007,7,11,Bank Transfer,Completed
TXN003163,2025-01-28,CUST0037,PROD0030,ST001,EMP016,4,17,Bank Transfer,Completed
TXN001517,2025-07-15,CUST0004,PROD0044,ST003,EMP018,7,23,Cash,Completed
TXN004509,2025-01-11,CUST0038,PROD0051,ST001,EMP001,1,28,eSewa,Cancelled
TXN002867,2025-06-10,CUST0007,PROD0011,ST003,EMP013,2,10,bank transfer,Cancelled
TXN002265,2025-10-28,CUST0016,PROD0010,ST001,EMP016,4,5,Khalti,Completed
TXN003176,2025-11-18,CUST0039,PROD0004,ST001,EMP016,5,17,Khalti,Completed
TXN002208,2025-04-21,CUST0010,PROD0044,ST002,EMP007,7,3,eSewa,Cancelled
TXN004570,2025-04-16,CUST0085,PROD0017,ST004,EMP014,8,26,Khalti,Returned
TXN002675,2025-04-24,CUST0080,PROD0049,ST001,EMP016,4,9,Card,Completed
TXN004946,2025-09-10,CUST0009,PROD0010,ST003,EMP013,5,15,Card,completed
TXN000363,2025-04-20,CUST0001,PROD0047,ST003,EMP018,8,14,Cash,Completed
TXN000748,2025-06-17,CUST0073,PROD0030,ST002,EMP017,6,23,Cash,Completed
TXN003762,2025-01-26,CUST0074,PROD0046,ST003,EMP008,1,27,Khalti,COMPLETED
  TXN004238 ,2025-07-29,CUST0021,PROD0021,ST005,EMP010,8,12,eSewa,Completed
TXN002959,2025-11-11,CUST0001,PROD0028,ST001,EMP011,1,4,Card,Completed
TXN004259,2025-02-20,CUST0078,PROD0015,ST004,EMP004,6,25,eSewa,Returned
TXN004628,2025-11-07,CUST0062,PROD0045,ST003,EMP018,1,30,Cash,Returned
TXN003982,2025-06-15,CUST0034,PROD0037,ST003,EMP013,1,29,Card,Completed
TXN000705,2025-08-01,CUST0010,PROD0033,ST003,EMP003,1,19,Card,Completed
TXN004623,2025-10-21,CUST0038,PROD0022,ST001,EMP006,6,18,Khalti,Returned
TXN001406,2025-05-22,CUST0007,PROD0006,ST005,EMP020,1,29,Khalti,Completed
TXN000445,2025-05-06,CUST0048,PROD0035,ST005,EMP005,7,1,Cash,Completed
TXN000973,2025-12-29,CUST0058,PROD0009,ST001,EMP011,7,24,Bank Transfer,Cancelled
TXN001822,2025-09-04,CUST0003,PROD0021,ST005,EMP010,4,29,Card,Completed
TXN003857,2025-07-26,CUST0087,PROD0004,ST004,EMP019,7,22,Card,Completed
 TXN003539,2025-02-24,CUST0079,PROD0036,ST002,EMP007,3,16,Bank Transfer,Completed
TXN003280,2025-06-01,CUST0071,PROD0013,ST003,EMP008,3,27,Card,Completed
TXN000728,2025-03-01,CUST0073,PROD0060,ST003,EMP003,2,10,Bank Transfer,Cancelled
TXN001352,00/00/2025,CUST0008,PROD0046,ST005,EMP020,6,26,Khalti,Completed
TXN001708,2025-03-19,CUST0006,PROD0005,ST004,EMP004,-7,4,Khalti,Completed
TXN000706,2025-01-12,CUST0042,PROD0028,ST005,EMP010,5,8,Bank Transfer,Completed
TXN000437,2025-11-07,CUST0061,PROD0054,ST003,EMP013,3,14,Khalti,Cancelled
TXN003789,2025-05-28,CUST0083,PROD0029,ST003,EMP008,6,29,eSewa,Completed
TXN001200,2025-12-18,CUST0050,PROD0007,ST002,EMP017,1,22,Khalti,Cancelled
TXN004434,2025-05-22,CUST0033,PROD0057,ST003,EMP018,6,26,Card,Cancelled
TXN002556,2025-06-18,CUST0087,PROD0046,ST004,EMP014,7,17,eSewa,Completed
TXN004160,2025-09-04,CUST0064,PROD0007,ST001,EMP001,8,15,Card,Completed
TXN004191,2025-10-05,CUST0003,PROD0029,ST003,EMP008,1,23,Card,Completed
TXN001451,2025-08-25,CUST0057,PROD0032,ST002,EMP017,3,4,eSewa,Cancelled
TXN002651,2025-01-05,CUST0086,PROD0024,ST002,EMP012,6,30,eSewa,Completed
TXN004737,2025-03-30,CUST0057,PROD0034,ST005,EMP020,7,8,Cash,Completed
TXN002912,2025-02-05,CUST0008,PROD0012,ST003,EMP013,1,23,Khalti,Completed
TXN004746,2025-04-14,CUST0034,PROD0060,ST003,EMP003,6,19,eSewa,Completed
TXN001117,2025-02-08,CUST0028,PROD0055,ST005,EMP005,3,29,Cash,Completed
TXN004835,2025-01-31,CUST0089,PROD0050,ST002,EMP012,2,16,Bank Transfer,Completed
TXN001398,2025-02-11,CUST0080,PROD0019,ST004,EMP009,3,11,Cash,Completed
TXN003760,2025-11-19,CUST0073,PROD0053,ST004,EMP004,5,22,Card,Completed
TXN004333,2025-12-31,CUST0046,PROD0041,ST001,EMP016,8,10,Khalti,Completed
TXN003481,2025-02-16,CUST0035,PROD0003,ST004,EMP019,8,1,Card,Cancelled
TXN001279,2025-10-10,CUST0070,PROD0054,ST003,EMP013,6,18,eSewa,Completed
TXN003529,2025-04-18,CUST0053,PROD0024,ST005,EMP020,3,15,eSewa,Completed
TXN003714,2025-08-16,CUST0053,PROD0045,ST003,EMP003,8,22,Khalti,Completed
TXN002145,2025-05-01,CUST0074,PROD0057,ST002,EMP002,5,21,Khalti,Completed
TXN002251,2025-10-15,CUST0035,PROD0057,ST004,EMP009,6,0,Card,cOmpLetED
TXN001386,2025-10-12,CUST0041,PROD0006,ST003,EMP003,6,4,Bank Transfer,CoMPLETED
TXN004941,2025-11-20,CUST0076,PROD0017,ST003,EMP018,5,29,Khalti,Completed
TXN001092,2025-07-10,CUST0006,PROD0010,ST002,EMP002,4,2,Card,Completed
TXN004235,2025-09-03,CUST0078,PROD0034,ST004,EMP004,5,18,Card,Completed
TXN002892,2025-01-25,CUST0001,PROD0044,ST002,EMP007,6,28,Cash,Returned
TXN001576,2025-12-10,CUST0081,PROD0041,ST003,EMP018,5,18,eSewa,Cancelled
TXN001649,2025-03-26,CUST0100,PROD0029,ST001,EMP011,3,,Khalti,Completed
TXN000272,2025-04-14,CUST0016,PROD0058,ST001,EMP006,1,14,Khalti,completed
TXN001050,2025-04-05,CUST0023,PROD0057,ST002,EMP007,4,13,Khalti,Returned
TXN004641,2025-11-01,CUST0045,PROD0022,ST004,EMP009,5,4,Bank Transfer,Cancelled
TXN001779,2025-03-27,CUST0007,PROD0026,ST004,EMP019,1,26,Cash,Completed
TXN002031,2025-12-18,CUST0060,PROD0025,ST005,EMP015,4,20,Cash,Completed
TXN004672,2025-08-20,CUST0032,PROD0019,ST003,EMP013,3,15,Khalti,Returned
TXN002384,2025-03-07,CUST0069,PROD0010,ST001,EMP011,6,27,Bank Transfer,Returned
TXN000459,2025-07-30,CUST0049,PROD0026,ST005,EMP010,4,19,Cash,Completed
TXN001961,2025-05-19,CUST0073,PROD0042,ST004,EMP019,7,19,Khalti,Cancelled
TXN003281,2025-03-24,CUST0094,PROD0006,ST001,EMP006,6,14,eSewa,Returned
TXN000213,2025-10-05,CUST0079,PROD0001,ST001,EMP016,1,10,Khalti,Returned
TXN000268,2025-11-10,CUST0060,PROD0011,ST005,EMP010,1,14,Khalti,Completed
TXN003640,2025-05-13,CUST0020,PROD0036,ST002,EMP007,2,5,Khalti,Completed
TXN000215,2025-12-19,CUST0090,PROD0034,ST004,EMP004,1,18,Cash,Completed
TXN002372,2025-12-19,CUST0023,PROD0019,ST004,EMP004,8,22,Cash,Completed
TXN003983,2025-03-30,CUST0035,PROD0039,ST003,EMP008,2,20,Cash,Cancelled
TXN001733,2025-06-19,CUST0033,PROD0024,ST005,EMP010,2,28,Bank Transfer,Returned
TXN000511,2025-05-01,CUST0009,PROD0022,ST004,EMP009,8,0,Cash,cOMpLetED
TXN004288,2025-09-03,CUST0086,PROD0006,ST004,EMP019,2,16,eSewa,Returned
TXN001705,2025-05-28,CUST0068,PROD0055,ST003,EMP013,5,11,Card,Completed
TXN000328,2025-10-03,CUST0006,PROD0007,ST005,EMP015,3,16,Cash,Completed
TXN004224,2025-04-03,CUST0050,PROD0059,ST003,EMP003,8,9,Cash,Completed
TXN001979,2025-04-27,CUST0076,PROD0028,ST001,EMP011,4,9,Bank Transfer,Cancelled
TXN004179,2025-07-18,CUST0036,PROD0030,ST001,EMP006,6,20, Bank Transfer,Cancelled
TXN003599,2025-09-06,CUST0090,PROD0030,ST002,EMP012,4,22,Card,Returned
TXN002047,2025-05-13,CUST0071,PROD0004,ST004,EMP019,7,18,eSewa,Completed
TXN000191,2025-09-21,CUST0079,PROD0044,ST003,EMP008,3,30,Bank Transfer,Cancelled
TXN003092,2025-01-27,CUST0056,PROD0017,ST001,EMP006,2,24,Bank Transfer,Returned
TXN000016,2025-07-08,CUST0004,PROD0024,ST001,EMP016,8,19,Cash,Completed
TXN002866,2025-03-23,CUST0071,PROD0040,ST003,EMP003,5,,Cash,Completed
TXN000484,2025-08-22,CUST0095,PROD0006,ST002,EMP002,6,9,Khalti,Returned
TXN002348,2025-12-02,CUST0001,PROD0053,ST002,EMP012,1,23,Bank Transfer,Returned
TXN004085,2025-01-16,CUST0081,PROD0004,ST004,EMP014,4,14,Card,Completed
TXN004563,2025-04-04,CUST0083,PROD0049,ST001,EMP006,8,6,bank transfer,Completed
TXN004232,2025-10-02,CUST0067,PROD0043,ST001,EMP001,6,26,Bank Transfer,Completed
TXN001226,2025-12-18,CUST0054,PROD0044,ST003,EMP003,2,19,Cash,Completed
TXN001950,2025-06-30,CUST0061,PROD0046,ST002,EMP017,2,29,khalti,Returned
TXN000943,2025-04-28,CUST0012,PROD0028,ST004,EMP014,5,15,Card,Completed
TXN001923,2025-09-05,CUST0064,PROD0039,ST004,EMP014,3,2,BaNK tRANsFER,Completed
TXN002229,2025-10-17,CUST0066,PROD0052,ST002,EMP012,8,29,eSewa,Returned
TXN003770,2025-08-04,CUST0048,PROD0030,ST003,EMP013,7,1,Cash,Completed
TXN004351,2025-12-15,CUST0012,PROD0010,ST003,EMP013,6,0,eSewa,Completed
TXN003068,2025-04-25,CUST0082,PROD0002,ST005,EMP010,5,3,Card,Cancelled
TXN001229,2025-07-21,CUST0020,PROD0006,ST003,EMP013,6,9,eSewa,Completed
TXN002692,2025-12-09,CUST0078,PROD0049,ST004,EMP014,5,28,Cash,Completed
TXN002007,2025-09-08,CUST0056,PROD0044,ST003,EMP003,7,12,eSewa,Completed
TXN000416,2025-09-20,CUST0005,PROD0032,ST005,EMP010,8,0,Khalti,Returned
TXN002633,2025-10-26,CUST0034,PROD0037,ST001,EMP006,2,20,Bank Transfer,Completed
TXN002778,2025-11-03,CUST0047,PROD0002,ST004,EMP019,-1,26,eSewa,Completed
TXN000336,2025-09-29,CUST0050,PROD0058,ST003,EMP003,1,22,Bank Transfer,Returned
TXN002097,2025-07-06,CUST0057,PROD0008,ST003,EMP003,5,19,eSewa,Completed
TXN004998,2025-08-02,CUST0025,PROD0034,ST001,EMP016,6,13, Card,Completed
TXN000170,2025-09-20,CUST0053,PROD0039,ST005,EMP005,5,10,Bank Transfer,Cancelled
TXN004201,2025-01-24,CUST0010,PROD0049,ST002,EMP017,1,19,Khalti,Completed
TXN003082,2025-07-28,CUST0009,PROD0034,ST001,EMP016,7,27,Bank Transfer,Completed
TXN000490,2025-11-22,CUST0028,PROD0029,ST003,EMP018,2,1,bank transfer,Completed
TXN002540,2025-10-03,CUST0095,PROD0034,ST005,EMP005,6,0,Cash,Returned
TXN000920,2025-06-24,CUST0006,PROD0020,ST003,EMP013,8,22,Cash,Completed
TXN000218,2025-09-07,CUST0069,PROD0047,ST002,EMP017,5,1,Khalti,Completed
TXN000205,2025-01-03,CUST0021,PROD0025,ST002,EMP002,2,19,Khalti,Completed
TXN004227,2025-02-07,CUST0068,PROD0029,ST001,EMP006,4,1,eSewa,Completed
TXN004049,2025-04-18,CUST0035,PROD0046,ST003,EMP013,7,30,Bank Transfer,Returned
TXN001161,2025-08-17,CUST0002,PROD0060,ST005,EMP015,3,8,Card,Cancelled
TXN003660,2025-03-24,CUST0078,PROD0052,ST002,EMP002,1,18,Cash,Returned
TXN003521,2025-09-23,CUST0041,PROD0055,ST003,EMP018,6,2,Khalti,Completed
TXN004265,2025-09-21,CUST0060,PROD0017,ST005,EMP015,6,21,eSewa,Completed
TXN004046,2025-12-18,CUST0095,PROD0038,ST005,EMP005,8,10,esewa,Cancelled
TXN004117,2025-11-26,CUST0095,PROD0025,ST004,EMP004,8,21,Cash,Completed
TXN003536,2025-08-06,CUST0017,PROD0021,ST002,EMP017,6,3,Khalti,Completed
TXN002802,2025-12-29,CUST0045,PROD0001,ST005,EMP005,4,24,Khalti,Completed
TXN003089,2025-07-13,CUST0042,PROD0029,ST004,EMP009,2,21,Card,Returned
TXN001650,2025-09-26,CUST0006,PROD0039,ST003,EMP018,4,0,Cash,Completed
TXN002998,2025-09-16,CUST0092,PROD0038,ST003,EMP003,1,28,eSewa,Cancelled
TXN002797,2025-12-26,CUST0031,PROD0005,ST002,EMP012,8,8,Cash,RETuRneD
TXN000509,2025-08-09,CUST0068,PROD0027,ST004,EMP014,3,4,Card,Completed
TXN001300,2025-02-09,CUST0013,PROD0054,ST005,EMP005,6,29,Cash,Cancelled
TXN003103,2025-12-15,CUST0081,PROD0042,ST002,EMP012,5,22,Cash,Completed
TXN001599,2025-02-06,CUST0061,PROD0056,ST004,EMP004,6,26,Khalti,COMPLETED
TXN001037,2025-08-01,CUST0076,PROD0007,ST001,EMP001,2,16,Cash,Completed
TXN002083,2025-03-06,CUST0067,PROD0028,ST003,EMP013,8,17,Khalti,Completed
TXN000665,2025-08-09,CUST0099,PROD0025,ST003,EMP013,7,3,Bank Transfer,Completed
TXN003075,2025-03-03,CUST0058,PROD0026,ST004,EMP019,4,8,Bank Transfer,Returned
TXN004169,2025-02-06,CUST0040,PROD0001,ST005,EMP005,7,12,Cash,Completed
TXN001963,2025-07-08,CUST0024,PROD0024,ST004,EMP004,1,16,Card,RETURNED
TXN002427,2025-01-04,CUST0084,PROD0045,ST005,EMP015,5,26,Card,Returned
TXN000553,2025-05-21,CUST0016,PROD0009,ST003,EMP008,4,19,Card,Completed
TXN001288,2025-08-29,CUST0057,PROD0010,ST003,EMP018,3,2,Card,cOMpletED
TXN002268,2025-03-04,CUST0056,PROD0052,ST002,EMP012,7,21,Card,Completed
TXN004262,2025-10-31,CUST0004,PROD0031,ST002,EMP012,5,23,Cash,Completed
TXN000476,2025-08-30,CUST0075,PROD0049,ST003,EMP013,3,23,Card,Completed
TXN004064,2025-02-02,CUST0024,PROD0011,ST004,EMP019,8,29,eSewa,Cancelled
TXN001903,2025-06-24,CUST0012,PROD0023,ST003,EMP018,5,19,Bank Transfer,Completed
TXN004395,2025-12-12,CUST0092,PROD0055,ST004,EMP014,1,14,Card,Completed
TXN004051,2025-09-21,CUST0049,PROD0037,ST004,EMP009,4,27,eSewa,Completed
TXN003678,2025-08-29,CUST0011,PROD0012,ST003,EMP003,4,4,Card,Returned
TXN004260,2025-10-10,CUST0052,PROD0022,ST005,EMP020,5,21,eSewa,Returned
TXN001801,2025-08-11,CUST0086,PROD0025,ST003,EMP013,7,18,EseWa,Completed
TXN004995,2025-03-18,CUST0033,PROD0053,ST004,EMP019,7,21,Cash,Completed
TXN004831,2025-01-29,CUST0053,PROD0014,ST004,EMP004,3,29,Cash,Completed
TXN002828,2025-10-02,CUST0068,PROD0051,ST003,EMP013,8,0,eSewa,Returned
TXN004003,2025-07-12,CUST0050,PROD0046,ST002,EMP017,3,29,Khalti,Completed
TXN001264,2025-05-26,CUST0037,PROD0037,ST004,EMP009,-8,4,Khalti,Returned
TXN001514,2025-10-13,CUST0005,PROD0039,ST004,EMP009,6,17,Cash,Cancelled
TXN004640,2025-05-15,CUST0029,PROD0038,ST005,EMP020,1,19,Card,Returned
TXN001097,2025-04-15,CUST0054,PROD0017,ST003,EMP008,8,24,Khalti,Completed
TXN000383,2025-06-10,CUST0008,PROD0056,ST001,EMP001,5,13,eSewa,Cancelled
TXN004958,2025-11-16,CUST0097,PROD0045,ST004,EMP019,1,18,Bank Transfer,Completed
TXN004761,2025-04-29,CUST0092,PROD0047,ST005,EMP005,6,15,Cash,COMPLETED
TXN001813,2025-10-11,CUST0066,PROD0040,ST002,EMP002,8,15,eSewa,Returned
TXN002552,2025-04-26,CUST0068,PROD0024,ST001,EMP001,-7,5,Card,Completed
TXN002807,2025-09-24,CUST0045,PROD0030,ST004,EMP019,2,28,Cash,Completed
TXN003181,2025-04-17,CUST0030,PROD0054,ST003,EMP013,4,5,Khalti,Completed
TXN000819,2025-08-24,CUST0045,PROD0042,ST002,EMP002,1,20,Khalti,Cancelled
TXN002856,2025-09-03,CUST0050,PROD0016,ST005,EMP010,4,24,eSewa,COmpLETED
TXN002011,2025-08-07,CUST0055,PROD0054,ST004,EMP004,7,21,eSewa,Completed
TXN001437,2025-01-03,CUST0056,PROD0016,ST005,EMP015,4,12,eSewa,Completed
TXN001977,2025-04-24,CUST0097,PROD0005,ST001,EMP001,8,19,Card,Completed
TXN002553,2025-11-14,CUST0063,PROD0030,ST002,EMP012,5,9,Cash,Completed
TXN004845,2025-09-19,CUST0014,PROD0035,ST002,EMP017,6,1,  Khalti  ,Completed
TXN000889,2025-08-04,CUST0004,PROD0002,ST005,EMP010,2,4,Khalti,Cancelled
TXN000359,2025-03-30,CUST0067,PROD0049,ST005,EMP020,5,7,Card,Cancelled
TXN000885,2025-05-08,CUST0091,PROD0038,ST003,EMP008,8,10,Bank Transfer,Completed
TXN002078,2025-02-23,CUST0054,PROD0013,ST002,EMP012,3,22,Cash,Completed
TXN004384,2025-02-23,CUST0011,PROD0019,ST004,EMP009,3,4,Khalti,Completed
TXN002296,2025-05-04,CUST0026,PROD0052,ST005,EMP020,6,25,Card,cancelled
TXN004216,2025-09-22,CUST0090,PROD0016,ST001,EMP001,5,21,Bank Transfer,Completed
TXN000978,2025-01-20,CUST0039,PROD0058,ST004,EMP009,4,12,eSewa,completed
TXN002982,2025-04-21,CUST0061,PROD0024,ST002,EMP007,8,28,Card,Completed
TXN004828,2025-02-10,CUST0052,PROD0016,ST002,EMP012,2,5,Cash,coMPLETeD
TXN001213,2025-04-23,CUST0012,PROD0025,ST004,EMP004,3,,eSewa,Completed
TXN004071,2025-08-02,CUST0090,PROD0012,ST005,EMP015,3,,Card,Returned
TXN002218,2025-06-03,CUST0027,PROD0013,ST005,EMP020,6,13,Bank Transfer,completed
TXN000357,2025-01-07,CUST0075,PROD0023,ST003,EMP018,3,15,Khalti,Completed
TXN000346,2025-06-01,CUST0065,PROD0022,ST003,EMP018,8,24,Bank Transfer,Cancelled
TXN001422,2025-01-10,CUST0021,PROD0015,ST005,EMP015,3,24,eSewa,Completed
TXN000620,2025-06-12,CUST0054,PROD0047,ST004,EMP004,6,10,khalti,Returned
TXN001043,2025-02-15,CUST0050,PROD0026,ST002,EMP012,1,2,eSewa,Cancelled
TXN002266,2025-03-20,CUST0020,PROD0059,ST004,EMP004,8,11,Card,Completed
TXN001439,2025-06-02,CUST0029,PROD0023,ST003,EMP013,7,22,Khalti,Completed
TXN000405,2025-11-26,CUST0028,PROD0056,ST005,EMP005,5,2,Bank Transfer,Returned
TXN003445,2025-07-16,CUST0076,PROD0001,ST004,EMP009,6,8,eSewa,Completed
TXN004029,2025-12-30,CUST0089,PROD0008,ST001,EMP011,5,10,Card,Cancelled
TXN000640,2025-05-26,CUST0007,PROD0017,ST001,EMP001,3,4,Card,Completed
TXN000597,2025-06-12,CUST0019,PROD0021,ST005,EMP020,1,4,Khalti,Completed
TXN004099,2025-03-13,CUST0079,PROD0017,ST005,EMP010,8,5,Khalti,Completed
TXN000341,2025-09-24,CUST0064,PROD0010,ST005,EMP005,1,17,Card,Completed
TXN002900,2025-04-24,CUST0069,PROD0053,ST001,EMP011,7,6,Khalti,Completed
TXN004204,2025-06-21,CUST0052,PROD0035,ST002,EMP017,3,27,Cash,Completed
TXN000285,2025-09-22,CUST0019,PROD0050,ST001,EMP011,3,12,BANK TRANSFER,Completed
TXN000497,2025-05-23,CUST0095,PROD0057,ST005,EMP015,6,16,Khalti,Cancelled
TXN001429,2025-02-12,CUST0026,PROD0037,ST001,EMP016,6,30,eSewa,Completed
TXN002454,2025-06-13,CUST0051,PROD0046,ST005,EMP015,3,20,Bank Transfer,Completed
TXN000138,2025-03-05,CUST0065,PROD0026,ST005,EMP015,1,14,Card,Completed
TXN002682,2025-05-29,CUST0074,PROD0021,ST003,EMP008,6,22,Cash,Completed
TXN004620,2025-02-12,CUST0009,PROD0045,ST003,EMP008,4,29,Card,Returned
TXN001842,2025-07-01,CUST0050,PROD0022,ST004,EMP004,7,17,Khalti,Returned
TXN004450,2025-02-22,CUST0025,PROD0028,ST003,EMP008,3,8,Card,Completed
TXN003798,2025-11-18,CUST0088,PROD0036,ST005,EMP015,1,24,Card,Returned
TXN001661,2025-06-23,CUST0029,PROD0043,ST002,EMP007,5,27,Cash,Completed
TXN000539,2025-09-02,CUST0077,PROD0057,ST003,EMP018,3,22,Card,Cancelled
TXN002385,2025-07-09,CUST0018,PROD0013,ST002,EMP007,4,22,Card,Cancelled
TXN003485  ,2025-12-26,CUST0017,PROD0047,ST005,EMP005,7,30,Bank Transfer,Completed
TXN000760,2025-03-24,CUST0071,PROD0033,ST003,EMP013,8,5,Khalti,Cancelled
TXN001847,2025-11-24,CUST0095,PROD0027,ST003,EMP003,1,7,Card,Cancelled
TXN003925,2025-03-21,CUST0039,PROD0017,ST002,EMP012,8,8,Bank Transfer,Returned
TXN003084,2025-05-22,CUST0033,PROD0026,ST005,EMP020,8,7,Khalti,Completed
TXN003055,2025-07-10,CUST0061,PROD0048,ST003,EMP008,7,16,eSewa,Completed
TXN000407,2025-07-08,CUST0017,PROD0023,ST005,EMP020,4,15,eSewa,Returned
TXN003347,2025-03-28,CUST0042,PROD0027,ST002,EMP007,4,24,eSewa,Completed
TXN001730,2025-01-22,CUST0003,PROD0025,ST003,EMP018,1,6,Cash,Completed
TXN000723,2025-05-21,CUST0078,PROD0018,ST001,EMP001,8,22,eSewa,Completed
 TXN003013,2025-02-23,CUST0013,PROD0025,ST001,EMP001,1,,Bank Transfer,Completed
TXN004298,2025-06-30,CUST0010,PROD0027,ST004,EMP019,6,25,Khalti,Completed
TXN000231,2025-09-13,CUST0054,PROD0020,ST001,EMP011,6,10,Cash,Completed
  TXN002356  ,2025-09-12,CUST0075,PROD0028,ST001,EMP011,4,26,Card,Completed
TXN003268,2025-05-20,CUST0022,PROD0054,ST005,EMP020,4,23,Card,Returned
TXN001639,2025-05-26,CUST0083,PROD0010,ST003,EMP008,1,29,eSewa,Completed
TXN000276,2025-09-27,CUST0089,PROD0056,ST004,EMP004,7,19,Cash,Completed
TXN002840,2025-06-25,CUST0049,PROD0054,ST001,EMP006,4,18,Khalti,Completed
TXN001147,2025-11-29,CUST0079,PROD0007,ST004,EMP004,1,8,Cash,Returned
TXN003693,2025-01-25,CUST0013,PROD0051,ST001,EMP001,2,10,Khalti,Completed
TXN004639,2025-03-29,CUST0036,PROD0008,ST005,EMP005,7,19,Khalti,Completed
TXN003216,2025-08-13,CUST0085,PROD0050,ST002,EMP002,3,23,eSewa,rEtUrNED
TXN003764,2025-08-25,CUST0081,PROD0047,ST002,EMP017,7,30,Card,Completed
TXN001075,2025-07-02,CUST0089,PROD0042,ST002,EMP002,3,14,  Khalti ,Completed
TXN000227,2025-09-02,CUST0089,PROD0060,ST001,EMP001,-5,9,Bank Transfer,Completed
TXN001275,2025-04-15,CUST0014,PROD0009,ST002,EMP012,8,11,Bank Transfer,Cancelled
TXN002042,2025-08-25,CUST0056,PROD0042,ST002,EMP002,1,10,CASH,Completed
TXN003522,2025-12-29,CUST0041,PROD0025,ST003,EMP003,6,12,Card,Completed
TXN001523,2025-08-29,CUST0003,PROD0021,ST005,EMP005,1,11,eSewa,Completed
TXN001767,2025-07-15,CUST0014,PROD0009,ST003,EMP013,8,11,eSewa,Completed
TXN001085,2025-06-20,CUST0026,PROD0034,ST002,EMP002,4,26,eSewa,Completed
TXN000171,2025-04-02,CUST0091,PROD0042,ST005,EMP005,6,17,Khalti,Returned
TXN003895,2025-04-18,CUST0056,PROD0020,ST001,EMP011,2,3,Cash,Returned
TXN000810,2025-01-26,CUST0055,PROD0055,ST005,EMP020,7,13,Khalti,Completed
TXN004779,2025-10-01,CUST0064,PROD0041,ST001,EMP011,4,20,eSewa,Returned
TXN002339,2025-02-18,CUST0072,PROD0042,ST004,EMP004,2,28,Card,Completed
TXN002570,2025-04-25,CUST0038,PROD0050,ST003,EMP008,7,14,Cash,returned
TXN003045,2025-05-08,CUST0047,PROD0045,ST001,EMP006,1,12,Khalti,Completed
TXN004451,2025-12-25,CUST0035,PROD0044,ST001,EMP001,6,28,Khalti,Completed
TXN001832,2025-02-02,CUST0047,PROD0013,ST002,EMP012,6,25,esewa,Completed
TXN000143,2025-03-13,CUST0052,PROD0043,ST005,EMP020,1,8,Khalti,coMpleTeD
TXN001080,2025-03-10,CUST0082,PROD0016,ST001,EMP006,5,7,Card,Returned
TXN004960,2025-12-06,CUST0059,PROD0060,ST004,EMP004,2,13,Khalti,Returned
  TXN004928 ,2025-07-16,CUST0061,PROD0047,ST002,EMP017,8,19,Bank Transfer,Completed
TXN001331,2025-05-19,CUST0064,PROD0011,ST005,EMP015,4,22,eSewa,Returned
TXN004504,2025-06-24,CUST0004,PROD0038,ST003,EMP003,8,17,  Card,Completed
TXN004383,2025-04-08,CUST0042,PROD0015,ST002,EMP007,3,11,eSewa,Completed
TXN004735,2025-11-26,CUST0022,PROD0013,ST001,EMP006,2,30,Bank Transfer,Completed
TXN001126,2025-08-14,CUST0078,PROD0026,ST002,EMP007,5,13,Card,Completed
TXN002735,2025-09-30,CUST0043,PROD0045,ST001,EMP006,2,10,eSewa,Returned
TXN001118,2025-02-01,CUST0008,PROD0011,ST004,EMP009,8,13,KHALTI,Returned
TXN004975,2025-08-21,CUST0034,PROD0003,ST003,EMP003,8,16,eSewa,Completed
TXN001441,2025-04-06,CUST0022,PROD0039,ST004,EMP019,2,30,eSewa,Completed
TXN003646,2025-09-04,CUST0077,PROD0047,ST003,EMP003,7,12,Bank Transfer,Returned
TXN002523,2025-09-12,CUST0027,PROD0051,ST001,EMP006,5,29,Bank Transfer,Returned
TXN003979,2025-03-20,CUST0046,PROD0004,ST001,EMP006,3,11,Card,Completed
TXN004263,2025-03-12,CUST0024,PROD0002,ST001,EMP006,5,21,Bank Transfer,Returned
TXN003854,2025-04-05,CUST0053,PROD0021,ST005,EMP015,6,17,eSewa,Completed
TXN004819,2025-02-03,CUST0038,PROD0046,ST004,EMP019,1,19,eSewa,Completed
TXN000477,2025-04-07,CUST0044,PROD0051,ST005,EMP015,7,6,Khalti,COMPLETED
TXN003558,2025-05-31,CUST0085,PROD0053,ST005,EMP020,3,5,Cash,Completed
 TXN000577,2025-08-06,CUST0049,PROD0047,ST005,EMP005,6,18,Cash,Completed
TXN001150,2025-07-22,CUST0032,PROD0045,ST005,EMP020,8,18,eSewa,Cancelled
TXN004578,2025-02-13,CUST0079,PROD0033,ST001,EMP006,5,0,Card,Returned
TXN004933,2025-07-26,CUST0094,PROD0042,ST001,EMP016,2,17,Cash,Returned
TXN001201,2025-04-30,CUST0092,PROD0040,ST003,EMP013,6,22,Cash,CANCELLED
TXN003629,2025-06-10,CUST0033,PROD0057,ST005,EMP015,2,3,Khalti,Completed
TXN004498,2025-09-10,CUST0049,PROD0020,ST005,EMP010,-7,30, eSewa,Completed
TXN003442,2025-02-21,CUST0093,PROD0022,ST003,EMP008,2,19,Khalti,Returned
TXN004860,2025-12-12,CUST0032,PROD0020,ST002,EMP007,6,18,Card,Returned
TXN003911,2025-10-19,CUST0012,PROD0021,ST003,EMP018,7,25,eSewa,Completed
TXN000878,2025-09-03,CUST0058,PROD0023,ST001,EMP011,6,10,Bank Transfer,Cancelled
TXN004795,2025-04-17,CUST0029,PROD0033,ST002,EMP002,5,30,Bank Transfer,Returned
TXN004742,2025-09-10,CUST0096,PROD0054,ST005,EMP020,2,11,Bank Transfer,Returned
TXN004374,2025-04-06,CUST0043,PROD0035,ST004,EMP014,8,5,Khalti,Completed
TXN001547,2025-02-13,CUST0039,PROD0009,ST002,EMP017,1,9,Cash,Completed
TXN001416,2025-03-22,CUST0084,PROD0034,ST002,EMP002,5,22,Cash,Returned
TXN000444,2025-12-12,CUST0035,PROD0036,ST001,EMP001,2,25,Card,Completed
TXN003590,2025-01-22,CUST0075,PROD0021,ST004,EMP014,8,21,Khalti,Returned
TXN003624,2025-06-09,CUST0059,PROD0060,ST002,EMP002,7,7,CAsh,Cancelled
TXN004608,2025-06-27,CUST0085,PROD0014,ST005,EMP005,2,20,Bank Transfer,Completed
TXN002005,2025-03-29,CUST0018,PROD0033,ST003,EMP018,2,22,Bank Transfer,Returned
TXN002875,2025-08-01,CUST0057,PROD0043,ST003,EMP008,3,19,Khalti,Completed
TXN003358,2025-05-15,CUST0069,PROD0036,ST005,EMP020,1,23,Card,Completed
TXN004011,2025-02-04,CUST0017,PROD0048,ST003,EMP018,5,23,Cash,Cancelled
TXN004848,2025-01-18,CUST0084,PROD0052,ST005,EMP015,1,13,Bank Transfer,Returned
TXN004095,2025-05-28,CUST0065,PROD0020,ST004,EMP009,4,9,  eSewa,Cancelled
TXN001626,2025-10-24,CUST0083,PROD0018,ST001,EMP011,3,11,Khalti,Completed
TXN003302,2025-07-03,CUST0005,PROD0018,ST001,EMP001,5,27,  Card  ,Cancelled
TXN002298,2025-05-16,CUST0035,PROD0012,ST005,EMP005,7,20,eSewa,CAncELleD
TXN002596,2025-05-24,CUST0020,PROD0012,ST005,EMP020,2,5,Card,Completed
TXN001350,2025-03-04,CUST0013,PROD0055,ST003,EMP018,1,4,eSewa,Completed
TXN002125,2025-12-12,CUST0044,PROD0055,ST004,EMP009,7,7,Cash,Completed
TXN003592,2025-02-05,CUST0030,PROD0054,ST005,EMP020,5,28,Bank Transfer,Returned
TXN001657,2025-10-28,CUST0085,PROD0036,ST004,EMP014,1,0,Bank Transfer,Completed
TXN004645,2025-03-27,CUST0029,PROD0015,ST003,EMP008,6,10,Bank Transfer,Completed
 TXN002420 ,2025-11-05,CUST0035,PROD0040,ST003,EMP018,8,26,Cash,CANCELLED
TXN001871,2025-11-24,CUST0099,PROD0059,ST002,EMP017,2,7,Card,Cancelled
TXN004057,2025-10-20,CUST0008,PROD0015,ST004,EMP004,3,17,Khalti,Returned
TXN002648,2025-05-23,CUST0030,PROD0048,ST001,EMP011,3,22,Khalti,Returned
TXN004505,2025-09-05,CUST0045,PROD0026,ST004,EMP004,1,20,Cash,Returned
TXN003965,2025-01-20,CUST0078,PROD0045,ST001,EMP001,8,5,Bank Transfer,Cancelled
TXN003664,2025-02-16,CUST0009,PROD0060,ST003,EMP008,7,17,eSewa,Completed
TXN003029,2025-09-06,CUST0059,PROD0003,ST004,EMP019,5,11,eSewa,Completed
TXN004650,2025-08-15,CUST0073,PROD0016,ST001,EMP001,6,12,Bank Transfer,Completed
TXN004813,2025-05-31,CUST0063,PROD0029,ST001,EMP016,6,3,Bank Transfer,Returned
TXN004522,2025-02-21,CUST0043,PROD0053,ST003,EMP018,2,17,Card,Returned
TXN004647,2025-01-21,CUST0081,PROD0028,ST005,EMP005,7,27,Bank Transfer,Cancelled
TXN003116,2025-05-24,CUST0094,PROD0021,ST005,EMP015,8,26,Cash,Returned
TXN003526,2025-02-21,CUST0096,PROD0053,ST004,EMP014,4,24,Card,Completed
TXN002309,2025-01-26,CUST0063,PROD0055,ST005,EMP015,2,4,Khalti,Returned
TXN000280 ,2025-11-12,CUST0044,PROD0026,ST001,EMP011,1,26,eSewa,Cancelled
TXN001188,2025-05-21,CUST0091,PROD0058,ST003,EMP008,1,4,eSewa,Completed
TXN000029,2025-02-26,CUST0005,PROD0037,ST003,EMP008,4,4,Khalti,Cancelled
TXN002574,2025-01-08,CUST0042,PROD0034,ST004,EMP019,2,26,eSewa,Returned
TXN002077,2025-08-14,CUST0031,PROD0016,ST005,EMP010,3,22,Khalti,Completed
TXN000668,2025-07-07,CUST0029,PROD0029,ST002,EMP012,5,28,eSewa,Completed
TXN004455,2025-12-25,CUST0066,PROD0016,ST004,EMP019,4,3,Card,Completed
 TXN002243  ,2025-04-21,CUST0055,PROD0006,ST001,EMP001,6,8,Khalti,Returned
TXN003062,2025-07-11,CUST0009,PROD0057,ST002,EMP002,8,9,  Bank Transfer ,Completed
TXN002370,2025-10-31,CUST0098,PROD0059,ST005,EMP015,7,16,Bank Transfer,Returned
TXN003027,2025-01-22,CUST0078,PROD0050,ST002,EMP007,6,15,Card,Completed
TXN000768,2025-05-13,CUST0039,PROD0010,ST004,EMP019,6,16,Khalti,Completed
TXN003385,2025-04-10,CUST0077,PROD0049,ST001,EMP011,5,13,Bank Transfer,Returned
TXN000922,2025-12-07,CUST0009,PROD0006,ST003,EMP003,6,7,CARD,Completed
TXN002131,2025-09-14,CUST0017,PROD0031,ST004,EMP014,1,30,Cash,Cancelled
TXN002548,2025-03-07,CUST0078,PROD0026,ST003,EMP013,2,13,Bank Transfer,Completed
TXN001647,2025-03-31,CUST0019,PROD0036,ST003,EMP008,3,15,eSewa,Completed
TXN002713,2025-01-14,CUST0061,PROD0009,ST004,EMP009,8,13,Card,Returned
TXN001363,2025-08-03,CUST0025,PROD0033,ST002,EMP012,1,4,eSewa,Completed
TXN000298,2025-03-13,CUST0028,PROD0043,ST003,EMP018,4,11,  Khalti,Completed
TXN004760  ,2025-08-31,CUST0087,PROD0017,ST001,EMP001,2,21,Cash,Completed
TXN001466,2025-11-16,CUST0033,PROD0039,ST002,EMP007,1,25,Cash,Completed
TXN004193,2025-06-05,CUST0055,PROD0036,ST003,EMP018,4,12,Bank Transfer,Completed
TXN001208,2025-07-18,CUST0071,PROD0004,ST004,EMP014,8,22,Card,Completed
TXN001452,2025-11-18,CUST0031,PROD0046,ST003,EMP018,6,3,Bank Transfer,Completed
TXN000032,2025-10-06,CUST0037,PROD0008,ST004,EMP009,7,11,Card,Completed
TXN003124,2025-01-04,CUST0010,PROD0001,ST004,EMP004,7,13,eSewa,Completed
TXN002764,2025-07-30,CUST0051,PROD0003,ST005,EMP010,3,30,Khalti,Returned
TXN000865,2025-07-15,CUST0013,PROD0049,ST005,EMP015,8,0,Bank Transfer,Cancelled
TXN004859,2025-10-08,CUST0073,PROD0013,ST003,EMP003,8,6,eSewa,Completed
TXN003579,2025-06-04,CUST0011,PROD0014,ST003,EMP013,1,15,Card,Completed
TXN001125,2025-12-13,CUST0045,PROD0035,ST001,EMP006,6,19,ESEWA,Completed
TXN002379,2025-05-19,CUST0061,PROD0004,ST003,EMP003,4,6,  Card ,Completed
TXN001794,2025-03-31,CUST0076,PROD0012,ST004,EMP019,4,13,Bank Transfer,Cancelled
TXN002146,2025-09-01,CUST0079,PROD0027,ST001,EMP006,5,10,Khalti,Completed
TXN003203,2025-04-30,CUST0044,PROD0036,ST002,EMP007,4,20,Bank Transfer,Completed
TXN004273,2025-10-22,CUST0064,PROD0029,ST001,EMP011,1,9,Card,Completed
TXN000141,2025-06-04,CUST0059,PROD0017,ST002,EMP012,7,,eSewa,Returned
TXN000774,2025-04-11,CUST0041,PROD0051,ST002,EMP002,8,6, Cash,Returned
TXN000232,2025-01-07,CUST0033,PROD0053,ST002,EMP007,2,12,Khalti,completed
TXN002064,2025-01-24,CUST0065,PROD0026,ST001,EMP011,6,0,Bank Transfer,Returned
TXN000318,2025-01-21,CUST0083,PROD0013,ST005,EMP010,7,12,Cash,Cancelled
TXN003107,2025-11-22,CUST0002,PROD0044,ST004,EMP009,2,17,Bank Transfer,Cancelled
TXN000396,2025-06-15,CUST0002,PROD0031,ST003,EMP003,7,22,Khalti,Cancelled
TXN000108,2025-02-18,CUST0059,PROD0048,ST002,EMP012,3,18,Bank Transfer,Completed
TXN004145,2025-09-09,CUST0008,PROD0026,ST004,EMP009,6,24,Card,Completed
TXN001660,2025-05-25,CUST0069,PROD0022,ST001,EMP011,1,18,Khalti,Completed
TXN000544,2025-03-10,CUST0029,PROD0012,ST002,EMP017,6,12,Card,Completed
 TXN002179 ,2025-02-16,CUST0096,PROD0059,ST003,EMP013,5,3,Card,Completed
TXN003492,2025-11-23,CUST0012,PROD0045,ST003,EMP013,3,16,Khalti,Completed
TXN003758,2025-07-19,CUST0082,PROD0005,ST001,EMP016,5,5,Card,Returned
TXN002060,2025-11-29,CUST0098,PROD0048,ST005,EMP020,3,9,Cash,Completed
TXN000975,2025-07-10,CUST0092,PROD0022,ST002,EMP012,-6,26,Bank Transfer,Completed
TXN000718,2025-04-21,CUST0022,PROD0001,ST002,EMP007,2,4,Card,Completed
TXN004123,2025-08-01,CUST0048,PROD0027,ST001,EMP006,7,17,Cash,Completed
TXN001690,2025-11-25,CUST0092,PROD0045,ST002,EMP017,1,30,Bank Transfer,Cancelled
TXN002006,2025-06-28,CUST0098,PROD0059,ST002,EMP012,3,0,Cash,returned
TXN001691,2025-02-01,CUST0082,PROD0005,ST004,EMP009,5,12,Bank Transfer,Completed
TXN002754,2025-09-04,CUST0081,PROD0024,ST005,EMP005,-6,17,Bank Transfer,Cancelled
TXN003354,2025-04-24,CUST0020,PROD0036,ST005,EMP020,8,21,Cash,Completed
TXN000292,2025-03-07,CUST0099,PROD0023,ST005,EMP010,2,3,eSewa,Returned
TXN000364,2025-03-05,CUST0015,PROD0049,ST004,EMP014,8,24,eSewa,Cancelled
TXN000826,2025-05-21,CUST0032,PROD0036,ST002,EMP002,1,7,Card,Completed
TXN003566,2025-12-17,CUST0065,PROD0031,ST003,EMP013,4,23,Khalti,Returned
TXN002784,2025-08-02,CUST0040,PROD0024,ST002,EMP017,8,29,Card,Completed
TXN000216,2025-04-05,CUST0061,PROD0040,ST004,EMP009,8,24,eSewa,Completed
TXN003134,2025-09-05,CUST0031,PROD0047,ST002,EMP017,1,5,Bank Transfer,Completed
TXN004964,2025-07-21,CUST0075,PROD0007,ST005,EMP010,2,15,Card,Completed
TXN002858,2025-09-07,CUST0092,PROD0030,ST003,EMP018,4,16,Bank Transfer,Completed
TXN001458,2025-03-25,CUST0012,PROD0055,ST001,EMP001,4,18,Bank Transfer,Completed
TXN003851,2025-04-22,CUST0077,PROD0030,ST003,EMP003,1,3,Khalti,Cancelled
TXN001562,2025-04-14,CUST0019,PROD0052,ST001,EMP001,4,13,Cash,Returned
TXN000800,2025-02-17,CUST0002,PROD0023,ST004,EMP004,7,15,Khalti,Completed
TXN003403,2025-07-06,CUST0084,PROD0013,ST001,EMP001,8,19,Card,Returned
TXN003451,2025-07-10,CUST0063,PROD0030,ST003,EMP018,3,,eSewa,Returned
TXN000398,2025-06-23,CUST0034,PROD0011,ST001,EMP006,8,16,Khalti,Completed
TXN000953,2025-01-27,CUST0060,PROD0009,ST002,EMP007,4,29,Cash,Completed
TXN000895,2025-06-13,CUST0020,PROD0056,ST003,EMP008,6,12,Cash,Returned
TXN000854,2025-02-23,CUST0048,PROD0003,ST001,EMP011,-4,,Cash,Completed
TXN002680,2025-11-24,CUST0044,PROD0016,ST002,EMP017,1,10,eSewa,Completed
TXN000209,2025-05-12,CUST0044,PROD0008,ST005,EMP010,5,18,Khalti,Completed
TXN002447,2025-06-08,CUST0061,PROD0015,ST002,EMP012,2,5,Khalti,Completed
TXN003355,2025-03-15,CUST0030,PROD0038,ST004,EMP019,7,19,eSewa,Returned
TXN002659,2025-09-18,CUST0043,PROD0055,ST001,EMP001,1,6,Card,COMPLETED
TXN004927,2025-08-27,CUST0015,PROD0039,ST004,EMP009,7,18,Card,Completed
TXN003059,2025-03-24,CUST0057,PROD0047,ST003,EMP008,-5,16,Cash,Completed
TXN003976,2025-05-08,CUST0084,PROD0006,ST003,EMP008,3,10,Bank Transfer,Cancelled
TXN000105,2025-02-14,CUST0100,PROD0055,ST005,EMP010,-8,18,eSewa,Cancelled
TXN004934,2025-05-06,CUST0079,PROD0016,ST004,EMP019,3,22,Card,Completed
TXN000048,2025-08-13,CUST0032,PROD0048,ST002,EMP002,4,24,Cash,Completed
TXN001766,2025-08-13,CUST0055,PROD0032,ST005,EMP015,8,22,Bank Transfer,Returned
TXN001682,2025-02-26,CUST0018,PROD0005,ST004,EMP009,5,11,Cash,Completed
TXN004175,2025-04-01,CUST0024,PROD0020,ST001,EMP016,5,25,Cash,Completed
TXN003394,2025-05-30,CUST0045,PROD0031,ST001,EMP016,6,9,Card,Completed
TXN002825,2025-01-25,CUST0002,PROD0037,ST004,EMP009,2,25,eSewa,Returned
TXN003234,2025-10-27,CUST0038,PROD0020,ST004,EMP014,5,8,Card,COMPLETED
TXN004539,2025-03-19,CUST0058,PROD0046,ST004,EMP009,8,8,Card,Cancelled
TXN000062,2025-06-11,CUST0073,PROD0043,ST003,EMP018,1,24,Khalti,Completed
TXN000788,2025-11-21,CUST0063,PROD0019,ST003,EMP018,2,17,Cash,Returned
TXN003066,2025-10-12,CUST0051,PROD0051,ST004,EMP009,4,13,Cash,Completed
TXN004477,2025-02-01,CUST0015,PROD0037,ST004,EMP014,3,22,ESEWA,Completed
TXN003136,2025-04-25,CUST0060,PROD0026,ST003,EMP018,-5,19,Khalti,Cancelled
  TXN004276,2025-07-17,CUST0089,PROD0060,ST001,EMP001,7,29,Card,Completed
TXN003627,2025-07-07,CUST0054,PROD0049,ST001,EMP006,5,25,eSewa,Completed
TXN000870,2025-08-19,CUST0063,PROD0019,ST002,EMP007,2,27,BANK TRANSFER,Completed
TXN002410,2025-12-20,CUST0070,PROD0059,ST004,EMP004,3,29,Card,Cancelled
TXN001997,2025-06-04,CUST0054,PROD0049,ST005,EMP020,5,29,Khalti,Cancelled
TXN004555,2025-08-27,CUST0018,PROD0016,ST004,EMP014,5,2,Bank Transfer,Completed
TXN001082,2025-04-24,CUST0076,PROD0015,ST003,EMP013,6,11,Cash,Completed
TXN000139,2025-03-25,CUST0037,PROD0002,ST003,EMP003,4,21,Card,Completed
TXN002612,2025-10-16,CUST0095,PROD0052,ST004,EMP009,3,5,Card,Completed
TXN000548,2025-12-03,CUST0035,PROD0007,ST003,EMP018,8,13,Cash,Completed
TXN001181,2025-07-18,CUST0073,PROD0040,ST004,EMP019,8,17,Khalti,Returned
TXN004361,2025-06-08,CUST0093,PROD0015,ST004,EMP004,8,3,Bank Transfer,Returned
TXN002964,2025-11-15,CUST0053,PROD0029,ST005,EMP010,7,8,Bank Transfer,Completed
TXN004683,2025-11-07,CUST0056,PROD0002,ST005,EMP015,1,13,Cash,Completed
TXN001001,2025-01-08,CUST0037,PROD0018,ST005,EMP005,8,18,Khalti,Completed
TXN000725,2025-03-03,CUST0017,PROD0006,ST001,EMP006,1,10,Cash,Returned
TXN003180,2025-01-29,CUST0026,PROD0009,ST004,EMP014,3,20,  Cash ,Completed
TXN004581,2025-12-20,CUST0017,PROD0015,ST004,EMP004,4,13,Cash,Completed
TXN004868,2025-02-04,CUST0066,PROD0028,ST002,EMP017,7,15,Cash,Returned
TXN001566,2025-05-19,CUST0027,PROD0024,ST004,EMP004,1,14,Card,Completed
TXN004352,2025-12-16,CUST0017,PROD0037,ST001,EMP016,6,12,Khalti,Completed
TXN003859,2025-06-17,CUST0071,PROD0015,ST005,EMP015,1,23,Bank Transfer,Completed
TXN000050,2025-09-11,CUST0081,PROD0044,ST001,EMP006,1,21,Khalti,Returned
TXN001694,2025-12-27,CUST0068,PROD0045,ST005,EMP020,4,2,Cash,Completed
TXN000875,2025-03-25,CUST0042,PROD0049,ST001,EMP006,7,19,Khalti,Returned
TXN004185,2025-11-17,CUST0011,PROD0022,ST002,EMP017,4,26,Khalti,Completed
TXN000787,2025-01-25,CUST0051,PROD0052,ST004,EMP014,1,0,Bank Transfer,Completed
TXN000006,2025-06-20,CUST0099,PROD0038,ST004,EMP004,3,26,Card,Cancelled
TXN000662,2025-01-31,CUST0026,PROD0022,ST004,EMP009,3,10,Cash,Completed
TXN000468,2025-12-31,CUST0080,PROD0057,ST002,EMP017,2,4,Card,Completed
 TXN000650,2025-12-24,CUST0086,PROD0018,ST002,EMP012,2,4,Cash,Completed
TXN000595,2025-05-13,CUST0068,PROD0014,ST004,EMP014,3,28,Khalti,Completed
TXN001212,2025-08-04,CUST0074,PROD0003,ST002,EMP002,1,,Bank Transfer,Returned
TXN002037,2025-01-08,CUST0062,PROD0044,ST005,EMP005,7,12,Cash,Completed
TXN001961,2025-05-19,CUST0073,PROD0042,ST004,EMP019,7,19,Khalti,Cancelled
TXN002049,2025-05-14,CUST0064,PROD0036,ST001,EMP016,1,22,Bank Transfer,Completed
TXN003424,2025-07-05,CUST0008,PROD0002,ST004,EMP009,8,8,eSewa,Completed
TXN001308,2025-08-19,CUST0099,PROD0040,ST004,EMP019,7,26,Khalti,Completed
TXN000547,2025-03-20,CUST0011,PROD0034,ST002,EMP007,7,4,eSewa,Completed
TXN003595,2025-05-04,CUST0035,PROD0001,ST004,EMP009,7,2,Bank Transfer,Completed
TXN003657 ,2025-04-02,CUST0089,PROD0015,ST004,EMP009,5,23,Khalti,Completed
TXN002732,2025-09-28,CUST0089,PROD0013,ST004,EMP014,6,17,eSewa,Cancelled
TXN003621,2025-13-01,CUST0002,PROD0040,ST003,EMP003,6,30,eSewa,Completed
TXN001486,2025-10-25,CUST0084,PROD0055,ST003,EMP013,3,2,eSewa,Completed
TXN004532,2025-10-20,CUST0072,PROD0029,ST001,EMP001,3,6,cAsh,Cancelled
 TXN003292  ,2025-02-04,CUST0085,PROD0004,ST005,EMP020,4,20,Khalti,Completed
TXN004585,2025-02-24,CUST0003,PROD0043,ST001,EMP011,3,10,Cash,Completed
TXN003806,2025-06-24,CUST0024,PROD0016,ST003,EMP003,6,24,eSewa,Cancelled
TXN002551,2025-07-27,CUST0016,PROD0009,ST001,EMP001,1,3,Bank Transfer,Completed
TXN000988,2025-11-16,CUST0093,PROD0049,ST003,EMP018,1,7,eSewa,Returned
TXN002554,2025-01-10,CUST0096,PROD0011,ST002,EMP007,4,16,Card,Cancelled
TXN004948,2025-01-09,CUST0014,PROD0035,ST005,EMP005,4,19,Bank Transfer,Completed
TXN003307,2025-11-30,CUST0048,PROD0041,ST001,EMP011,8,17,Card,Completed
TXN000400,2025-11-22,CUST0072,PROD0055,ST005,EMP005,8,7,Card,Completed
TXN003314,2025-05-06,CUST0063,PROD0034,ST001,EMP011,2,27,Khalti,Completed
TXN002098,2025-09-29,CUST0008,PROD0030,ST005,EMP005,3,20,eSewa,Completed
TXN002163,2025-08-01,CUST0038,PROD0014,ST005,EMP015,4,10,bAnK tRANSFEr,COMPLETED
TXN001870,2025-01-10,CUST0047,PROD0024,ST003,EMP018,6,26,Khalti,Completed
TXN001256,2025-09-18,CUST0023,PROD0026,ST003,EMP013,5,26,Khalti,Cancelled
TXN003663,2025-04-06,CUST0001,PROD0013,ST001,EMP001,6,25,Khalti,Completed
TXN001780,2025-12-20,CUST0015,PROD0025,ST001,EMP006,4,26,Card,Completed
TXN001846,2025-12-31,CUST0038,PROD0020,ST004,EMP019,2,23,Cash,Completed
TXN000119,2025-01-20,CUST0070,PROD0020,ST001,EMP016,2,0,BAnk TRansfer,Completed
TXN003047,2025-10-28,CUST0044,PROD0045,ST001,EMP001,2,5,Bank Transfer,Returned
TXN003032,2025-11-21,CUST0097,PROD0003,ST001,EMP016,2,10,Khalti,Completed
TXN001148,2025-05-13,CUST0099,PROD0034,ST003,EMP003,1,23,Cash,Completed
TXN004403,2025-09-17,CUST0065,PROD0034,ST003,EMP013,4,2,Card,Completed
TXN002564,2025-06-17,CUST0014,PROD0054,ST003,EMP013,5,26,Cash,Completed
TXN003486,2025-10-29,CUST0073,PROD0013,ST003,EMP013,-2,14,Khalti,Returned
TXN002538,2025-10-29,CUST0076,PROD0043,ST003,EMP003,5,2,Khalti,Cancelled
TXN001506,2025-08-07,CUST0004,PROD0037,ST003,EMP008,7,19,eSewa,Returned
TXN000801,2025-05-12,CUST0040,PROD0031,ST001,EMP001,3,30,Bank Transfer,Cancelled
TXN001683  ,2025-09-10,CUST0037,PROD0059,ST001,EMP001,8,3,Bank Transfer,Completed
TXN000472,2025-03-22,CUST0055,PROD0057,ST005,EMP010,6,24,Cash,Completed
TXN003570,2025-02-01,CUST0008,PROD0031,ST002,EMP017,1,24,Bank Transfer,Cancelled
TXN003815,2025-09-20,CUST0031,PROD0049,ST001,EMP006,4,19,Card,Completed
TXN001892,2025-07-23,CUST0072,PROD0037,ST002,EMP012,3,0,Khalti,Completed
TXN001904,2025-10-22,CUST0014,PROD0007,ST004,EMP004,8,11,eSewa,Cancelled
TXN001770,2025-02-27,CUST0024,PROD0019,ST002,EMP012,7,6,Khalti,Completed
TXN003766,2025-05-12,CUST0085,PROD0028,ST003,EMP003,6,17,Khalti,Completed
TXN001531,2025-10-08,CUST0003,PROD0041,ST003,EMP018,7,6,eSewa,Completed
TXN000471,2025-10-25,CUST0092,PROD0032,ST001,EMP016,7,20,Cash,Completed
TXN000777,2025-02-03,CUST0061,PROD0032,ST002,EMP017,7,27,Khalti,Completed
TXN003105,2025-09-06,CUST0005,PROD0043,ST003,EMP018,6,4,Cash,Completed
TXN000627,2025-05-23,CUST0100,PROD0026,ST002,EMP007,7,27,Bank Transfer,Cancelled
TXN003766,2025-05-12,CUST0085,PROD0028,ST003,EMP003,6,17,Khalti,Completed
TXN004885,2025-04-18,CUST0015,PROD0012,ST001,EMP001,1,30,Cash,Cancelled
TXN000375,2025-05-17,CUST0073,PROD0033,ST004,EMP014,1,10,Khalti,Returned
TXN001703,2025-12-04,CUST0087,PROD0004,ST002,EMP007,8,14,Khalti,Completed
TXN003010,2025-06-13,CUST0029,PROD0039,ST002,EMP007,1,17,eSewa,Completed
TXN000052,2025-10-02,CUST0058,PROD0055,ST003,EMP003,4,19,Bank Transfer,Completed
TXN002488,2025-12-20,CUST0073,PROD0002,ST001,EMP006,4,2,Card,Completed
TXN002271,2025-12-09,CUST0088,PROD0016,ST005,EMP020,7,30,Bank Transfer,Returned
TXN002511,2025-01-27,CUST0001,PROD0059,ST002,EMP002,3,17,Bank Transfer,Returned
TXN001104,2025-06-19,CUST0057,PROD0005,ST001,EMP006,4,24,Bank Transfer,Completed
TXN001796,2025-09-22,CUST0026,PROD0052,ST002,EMP007,4,15,eSewa,Completed
TXN003128,2025-02-19,CUST0045,PROD0042,ST003,EMP003,7,7,Card,Completed
TXN000236,2025-10-13,CUST0017,PROD0032,ST004,EMP004,6,6,Cash,Cancelled
TXN001819,2025-06-10,CUST0076,PROD0048,ST004,EMP019,2,28,eSewa,Returned
TXN002164,2025-12-16,CUST0049,PROD0043,ST002,EMP007,3,25,Khalti,Completed
TXN000443,2025-09-16,CUST0076,PROD0016,ST005,EMP020,7,10,Khalti,Returned
TXN002703,2025-03-11,CUST0064,PROD0031,ST002,EMP012,2,20,eSewa,Completed
TXN004986,2025-01-19,CUST0044,PROD0013,ST005,EMP015,8,6,Card,Returned
TXN001652,2025-11-25,CUST0071,PROD0003,ST005,EMP005,4,11,Khalti,Returned
TXN003634,2025-02-06,CUST0011,PROD0011,ST001,EMP001,4,22,Bank Transfer,Completed
TXN001586,2025-03-20,CUST0084,PROD0059,ST002,EMP002,4,27,Cash,Completed
TXN002143,2025-01-01,CUST0018,PROD0007,ST002,EMP017,1,15,Cash,Cancelled
TXN002056,2025-06-17,CUST0053,PROD0006,ST005,EMP010,2,18,Cash,Completed
TXN004254,2025-07-27,CUST0059,PROD0007,ST004,EMP009,3,5,eSewa,Completed
TXN002685,2025-01-12,CUST0071,PROD0046,ST002,EMP002,1,16,Khalti,Cancelled
TXN003719,2025-11-16,CUST0013,PROD0016,ST001,EMP001,5,23,Card,Returned
TXN001232,2025-01-21,CUST0066,PROD0041,ST002,EMP017,8,21,Bank Transfer,Completed
TXN000602,2025-11-16,CUST0014,PROD0032,ST004,EMP014,2,25,Cash,Cancelled
TXN003080,2025-10-01,CUST0072,PROD0042,ST001,EMP001,8,,KHALTI,Completed
TXN000601,2025-12-15,CUST0037,PROD0055,ST003,EMP013,7,30,Cash,Completed
TXN002155,2025-02-12,CUST0036,PROD0024,ST003,EMP018,3,17,Cash,Completed
TXN002036,2025-07-04,CUST0034,PROD0060,ST005,EMP010,5,3,Card,Completed
  TXN003978  ,2025-12-27,CUST0040,PROD0045,ST004,EMP009,2,30,Khalti,Cancelled
TXN001234,2025-09-30,CUST0047,PROD0043,ST001,EMP006,4,6,Cash,Cancelled
TXN001320,2025-09-21,CUST0078,PROD0011,ST001,EMP001,7,5,Cash,Completed
TXN001781,2025-01-29,CUST0040,PROD0045,ST002,EMP002,4,11,eSewa,Completed
TXN003561,2025-12-20,CUST0007,PROD0028,ST001,EMP016,7,26,Card,Completed
TXN003710,2025-10-26,CUST0009,PROD0046,ST001,EMP001,-4,,Cash,Completed
TXN004397,2025-08-09,CUST0086,PROD0002,ST002,EMP002,8,24,Bank Transfer,Returned
TXN003724,2025-06-13,CUST0052,PROD0047,ST002,EMP012,8,1,Bank Transfer,completed
TXN001028,2025-02-03,CUST0035,PROD0016,ST003,EMP013,3,9,Card,Returned
TXN000063,2025-03-13,CUST0043,PROD0025,ST003,EMP018,2,1,Cash,Completed
TXN004755,2025-10-21,CUST0081,PROD0016,ST003,EMP013,3,3,Bank Transfer,Completed
TXN002327,2025-12-18,CUST0037,PROD0054,ST004,EMP014,3,30,eSewa,Completed
TXN002716,2025-05-16,CUST0069,PROD0017,ST005,EMP020,7,27,Bank Transfer,Completed
TXN000470,2025-02-03,CUST0061,PROD0051,ST003,EMP003,3,20,Bank Transfer,Completed
TXN004206,2025-03-30,CUST0094,PROD0060,ST003,EMP013,2,26,Khalti,Completed
TXN003735,2025-01-16,CUST0002,PROD0022,ST001,EMP006,6,12,Card,Completed
TXN001456,2025-11-23,CUST0047,PROD0020,ST001,EMP006,6,18,Khalti  ,Completed
 TXN003057 ,2025-10-17,CUST0038,PROD0020,ST005,EMP015,3,12,Cash,Completed
TXN001462,2025-02-26,CUST0042,PROD0026,ST002,EMP002,7,13,Card,Completed
TXN002393,2025-11-02,CUST0039,PROD0016,ST004,EMP019,5,14,Bank Transfer,Returned
TXN000422,2025-02-26,CUST0057,PROD0052,ST002,EMP002,2,27,CASH,Returned
TXN002334,2025-10-27,CUST0076,PROD0012,ST005,EMP010,2,9,Card,Returned
TXN001636,2025-08-26,CUST0003,PROD0009,ST005,EMP010,1,17,Cash,Completed
 TXN003217 ,2025-07-09,CUST0010,PROD0002,ST002,EMP007,1,16,Bank Transfer,completed
TXN000628,2025-09-01,CUST0059,PROD0012,ST001,EMP001,8,17,Cash,Completed
  TXN001049 ,2025-03-16,CUST0012,PROD0057,ST005,EMP015,6,18,Card,Completed
TXN001987,2025-02-20,CUST0085,PROD0009,ST004,EMP009,7,30,Card,Completed
TXN004895,2025-12-07,CUST0021,PROD0055,ST001,EMP016,1,22,Card,Completed
TXN004300,2025-12-28,CUST0026,PROD0007,ST001,EMP011,6,9,  Cash ,Returned
TXN001472,2025-09-25,CUST0029,PROD0030,ST005,EMP010,5,12,Khalti,Completed
TXN001459,2025-01-21,CUST0022,PROD0054,ST003,EMP013,3,,eSewa,Completed
TXN004170,2025-12-26,CUST0004,PROD0060,ST002,EMP012,7,5,Khalti,Completed
TXN000715,2025-06-19,CUST0089,PROD0007,ST002,EMP007,2,5,Cash ,Completed
TXN001548,2025-08-08,CUST0098,PROD0024,ST001,EMP016,8,29,Cash,COMPLETED
TXN004792,2025-01-15,CUST0090,PROD0001,ST004,EMP009,4,14,Cash,Completed
TXN001195,2025-10-15,CUST0006,PROD0010,ST001,EMP011,7,14,eSewa,Completed
TXN003676,2025-08-03,CUST0089,PROD0010,ST001,EMP011,3,14,Bank Transfer,Completed
TXN000084,2025-03-13,CUST0081,PROD0028,ST005,EMP020,4,18,eSewa,Returned
TXN003193,2025-12-20,CUST0031,PROD0002,ST005,EMP010,3,0,Cash,Completed
TXN000068,2025-05-22,CUST0019,PROD0005,ST001,EMP016,7,11,eSewa,Completed
TXN004805,2025-09-25,CUST0019,PROD0001,ST004,EMP019,6,4,eSewa,Completed
TXN002041 ,2025-01-09,CUST0055,PROD0057,ST005,EMP005,3,1,Bank Transfer,Completed
TXN002510,2025-05-17,CUST0002,PROD0028,ST001,EMP011,8,3,Cash,Completed
TXN002634,2025-04-27,CUST0048,PROD0013,ST001,EMP011,1,14,Khalti,Completed
TXN001191,2025-01-23,CUST0041,PROD0012,ST003,EMP003,6,25,Khalti,Completed
TXN003460,2025-10-17,CUST0027,PROD0006,ST003,EMP018,8,3,Khalti,Completed
TXN002726,2025-09-22,CUST0052,PROD0023,ST005,EMP005,3,0,eSewa,Returned
TXN000738,2025-07-11,CUST0020,PROD0044,ST003,EMP008,1,15,Bank Transfer,Cancelled
TXN004462,2025-02-30,CUST0043,PROD0025,ST002,EMP002,3,7,Card,Cancelled
TXN002495,2025-03-18,CUST0042,PROD0056,ST005,EMP005,1,18,Card,Returned
TXN000707,2025-10-01,CUST0062,PROD0019,ST004,EMP009,4,23,Khalti,Completed
TXN001607,2025-09-04,CUST0009,PROD0017,ST003,EMP003,7,25,Cash,Completed
TXN002544,2025-04-02,CUST0063,PROD0023,ST001,EMP006,4,24,Khalti,Completed
TXN003480,2025-08-07,CUST0010,PROD0043,ST005,EMP010,8,12,Bank Transfer,Cancelled
TXN002579,2025-10-13,CUST0098,PROD0050,ST003,EMP008,8,12,Khalti,Completed
TXN003322,2025-02-26,CUST0043,PROD0058,ST004,EMP019,2,14,Card,Completed
TXN000193,2025-11-21,CUST0014,PROD0046,ST001,EMP011,5,17,Bank Transfer,Completed
TXN003809,2025-04-17,CUST0063,PROD0033,ST001,EMP016,5,4,eSewa,Completed
TXN000270,2025-02-28,CUST0092,PROD0047,ST001,EMP006,8,22,Khalti,Cancelled
TXN001307,2025-05-06,CUST0042,PROD0052,ST002,EMP002,4,,eSewa,Returned
  TXN004932,2025-08-15,CUST0086,PROD0059,ST003,EMP008,7,,Khalti,Completed
TXN000526,2025-04-22,CUST0038,PROD0058,ST001,EMP016,4,,Bank Transfer,Completed
  TXN002753 ,2025-08-09,CUST0026,PROD0010,ST003,EMP018,3,8,Cash,Cancelled
TXN000177,2025-11-17,CUST0042,PROD0039,ST005,EMP005,5,11,Cash,Cancelled
TXN003337,2025-03-29,CUST0005,PROD0051,ST001,EMP001,1,12,Cash,Completed
TXN003494,2025-08-12,CUST0051,PROD0056,ST004,EMP014,3,5,Bank Transfer,Completed
TXN000710,2025-11-03,CUST0005,PROD0021,ST005,EMP005,7,6,Bank Transfer,Completed
TXN001692,2025-09-02,CUST0036,PROD0033,ST004,EMP004,5,1,Card,completed
TXN002149,2025-07-10,CUST0045,PROD0011,ST004,EMP009,8,,Cash,Completed
TXN000488,2025-06-17,CUST0015,PROD0046,ST004,EMP009,8,17,Card,Cancelled
 TXN003855  ,2025-11-12,CUST0033,PROD0037,ST003,EMP003,1,26,eSewa,Completed
TXN000637,2025-12-14,CUST0068,PROD0012,ST005,EMP015,6,13,eSewa,Completed
TXN002253,2025-11-26,CUST0032,PROD0002,ST001,EMP001,2,25,Cash,Completed
TXN004036,2025-12-16,CUST0035,PROD0037,ST001,EMP006,4,8,Cash,Completed
TXN003543,2025-01-22,CUST0047,PROD0027,ST003,EMP013,7,27,Card,Returned
TXN004390,2025-05-26,CUST0008,PROD0008,ST002,EMP017,-8,8,eSewa,Cancelled
TXN004444,2025-02-12,CUST0027,PROD0058,ST003,EMP013,1,16,eSewa,Completed
  TXN001546 ,2025-09-02,CUST0051,PROD0026,ST002,EMP002,1,6,Bank Transfer,Completed
TXN000594,2025-01-12,CUST0028,PROD0004,ST001,EMP016,7,2,Card,Completed
TXN000916,2025-07-14,CUST0088,PROD0032,ST002,EMP012,1,2,Khalti,Completed
TXN004213,2025-09-15,CUST0051,PROD0022,ST004,EMP004,1,12,KHALtI,Cancelled
TXN001306,2025-04-12,CUST0084,PROD0011,ST004,EMP004,2,,Card,coMPLETeD
TXN001831,2025-02-02,CUST0095,PROD0060,ST004,EMP019,6,9,Cash,Completed
TXN004821,2025-08-22,CUST0008,PROD0058,ST003,EMP003,2,19,eSewa,Returned
TXN004194,2025-08-21,CUST0095,PROD0052,ST002,EMP012,4,20,Khalti,Cancelled
TXN001919,2025-08-27,CUST0052,PROD0027,ST004,EMP009,6,,Cash,Completed
TXN002347,2025-02-11,CUST0075,PROD0016,ST002,EMP012,7,21,Cash,Cancelled
TXN001026,2025-09-27,CUST0099,PROD0040,ST001,EMP001,3,25,Cash,Completed
TXN004479,2025-11-27,CUST0053,PROD0001,ST001,EMP001,3,9,Khalti,Completed
TXN000457,2025-05-02,CUST0007,PROD0053,ST001,EMP011,2,24,Cash,Cancelled
TXN002277,2025-06-09,CUST0035,PROD0040,ST005,EMP010,7,9,eSewa,Completed
TXN004027,2025-04-18,CUST0048,PROD0059,ST005,EMP010,6,4,Cash,Completed
TXN001380,2025-09-28,CUST0021,PROD0008,ST002,EMP017,7,4,Cash,Completed
TXN004040,2025-12-09,CUST0051,PROD0049,ST005,EMP005,2,21,Cash,Cancelled
TXN003299,2025-09-17,CUST0087,PROD0024,ST005,EMP020,6,12,baNK traNsfeR,Cancelled
TXN004588,2025-11-02,CUST0070,PROD0047,ST005,EMP010,2,28,Card,Completed
TXN004189,2025-08-27,CUST0038,PROD0042,ST003,EMP008,5,13,Cash,Completed
TXN004786,2025-10-19,CUST0004,PROD0052,ST003,EMP003,7,24, Khalti ,Completed
TXN003572,2025-10-10,CUST0055,PROD0036,ST005,EMP015,7,4,eSewa,Returned
TXN000761,2025-12-17,CUST0074,PROD0030,ST002,EMP007,8,14,Bank Transfer,Cancelled
TXN002241,2025-01-28,CUST0015,PROD0022,ST004,EMP009,5,28,Cash,Completed
TXN003361,2025-02-05,CUST0044,PROD0053,ST003,EMP013,-7,24,eSewa,Returned
TXN003404,2025-09-04,CUST0004,PROD0025,ST003,EMP003,4,5,Khalti,Completed
TXN000608,2025-03-15,CUST0085,PROD0004,ST004,EMP009,1,3,Cash,Completed
TXN004199,2025-04-04,CUST0013,PROD0057,ST004,EMP019,7,13,Khalti,Completed
 TXN004901  ,2025-04-23,CUST0063,PROD0056,ST002,EMP017,2,15,eSewa,Completed
TXN003298,2025-11-17,CUST0048,PROD0013,ST002,EMP007,1,18,Cash,Cancelled
TXN002727,2025-10-27,CUST0059,PROD0029,ST003,EMP003,8,10,Bank Transfer,Completed
TXN002607,2025-01-04,CUST0024,PROD0056,ST002,EMP002,5,,Cash,Completed
TXN004537,2025-12-14,CUST0089,PROD0046,ST004,EMP009,6,16,Card,Cancelled
TXN003788,2025-05-07,CUST0011,PROD0006,ST001,EMP001,3,17,Cash,Returned
TXN002438,2025-12-17,CUST0076,PROD0013,ST001,EMP006,5,11,Cash,Completed
TXN000249,2025-06-21,CUST0100,PROD0004,ST003,EMP003,6,29,Cash,Completed
TXN003767,2025-03-03,CUST0053,PROD0040,ST004,EMP009,5,0,Cash,Completed
TXN000644,2025-06-04,CUST0012,PROD0049,ST004,EMP014,4,19,Bank Transfer,Returned
TXN001840,2025-01-23,CUST0052,PROD0002,ST002,EMP017,5,29,card,Completed
TXN003912,2025-03-20,CUST0042,PROD0052,ST004,EMP009,5,0,Bank Transfer,COMPLETED
TXN001618,2025-11-24,CUST0021,PROD0024,ST003,EMP013,1,9,Cash,Completed
TXN002597,2025-10-24,CUST0024,PROD0023,ST003,EMP013,5,16,eSewa,Completed
TXN002050,2025-09-21,CUST0012,PROD0010,ST004,EMP014,8,9,Card,Completed
TXN001370,2025-11-12,CUST0004,PROD0052,ST001,EMP001,8,1,Khalti,Completed
TXN002513,2025-08-20,CUST0080,PROD0039,ST003,EMP013,5,20,Cash,Completed
TXN002027,2025-11-25,CUST0036,PROD0021,ST005,EMP010,5,3,Cash,Completed
TXN003088,2025-08-18,CUST0084,PROD0052,ST003,EMP003,4,26,  eSewa ,Completed
TXN003934,2025-01-01,CUST0018,PROD0015,ST004,EMP019,1,3,Bank Transfer,Completed
TXN004940,2025-05-27,CUST0100,PROD0044,ST005,EMP020,2,27,Card,Completed
TXN001296,2025-06-28,CUST0054,PROD0006,ST001,EMP001,2,0,eSewa,Returned
TXN002751,2025-03-26,CUST0051,PROD0060,ST005,EMP020,5,21,Khalti,Completed
TXN002368,2025-04-27,CUST0033,PROD0002,ST001,EMP011,6,0,Card,Completed
TXN000225,2025-12-24,CUST0035,PROD0036,ST003,EMP018,3,23,Bank Transfer,Completed
TXN000552,2025-08-08,CUST0034,PROD0045,ST004,EMP004,4,3,Bank Transfer,Returned
TXN001681,2025-08-18,CUST0054,PROD0050,ST002,EMP002,7,30,Card,cancelled
TXN004473,2025-07-28,CUST0067,PROD0009,ST003,EMP018,5,4,CASH,Cancelled
TXN002212,2025-11-04,CUST0029,PROD0019,ST005,EMP010,8,22,eSewa,Returned
TXN001152,2025-12-16,CUST0010,PROD0031,ST004,EMP004,1,24,Bank Transfer,Completed
TXN002424,2025-09-15,CUST0014,PROD0047,ST004,EMP009,8,8,Bank Transfer,Completed
TXN003584,2025-12-12,CUST0040,PROD0056,ST004,EMP014,2,7,card,completed
TXN001137,2025-02-17,CUST0061,PROD0021,ST004,EMP014,3,2,eSewa,Returned
TXN001444,2025-04-10,CUST0089,PROD0051,ST005,EMP010,4,27,Card,Completed
TXN001557,2025-09-21,CUST0004,PROD0049,ST003,EMP013,7,18,Khalti,Completed
TXN003033,2025-04-08,CUST0009,PROD0044,ST004,EMP009,1,20,Card,Completed
TXN004231,2025-10-12,CUST0033,PROD0003,ST004,EMP009,6,0,Bank Transfer,Returned
TXN000415,2025-07-20,CUST0032,PROD0013,ST004,EMP019,1,27,Khalti,Completed
TXN002305,2025-07-15,CUST0060,PROD0002,ST002,EMP012,-6,5,Cash,Completed
TXN004848,2025-01-18,CUST0084,PROD0052,ST005,EMP015,1,13,Bank Transfer,Returned
TXN002925,2025-04-03,CUST0001,PROD0059,ST001,EMP006,3,18,Bank Transfer,Completed
TXN003194,2025-02-01,CUST0034,PROD0043,ST001,EMP006,8,7,eSewa,Completed
TXN003746,2025-06-19,CUST0055,PROD0019,ST005,EMP005,8,24,eSewa,Completed
TXN002307,2025-11-07,CUST0095,PROD0008,ST001,EMP001,4,,Cash,Returned
TXN004442,2025-05-29,CUST0025,PROD0053,ST002,EMP007,4,15,Card,Cancelled
TXN001194,2025-09-21,CUST0094,PROD0006,ST004,EMP014,3,9,Bank Transfer,Completed
TXN002606,2025-02-23,CUST0046,PROD0005,ST004,EMP019,1,2,Cash,Completed
TXN001866,2025-02-22,CUST0069,PROD0031,ST004,EMP014,6,5,CarD,Cancelled
TXN002562,2025-11-03,CUST0010,PROD0033,ST005,EMP020,4,29,Cash,Cancelled
TXN004977,2025-05-23,CUST0024,PROD0008,ST005,EMP015,6,7,Card,Cancelled
TXN000182,2025-04-27,CUST0072,PROD0005,ST004,EMP009,5,12,KHaLtI,Completed
TXN004348,2025-10-11,CUST0002,PROD0022,ST005,EMP005,5,29, Khalti  ,Completed
TXN001302,2025-10-19,CUST0006,PROD0051,ST001,EMP001,8,7,eSewa,Returned
TXN004223,2025-02-06,CUST0069,PROD0049,ST005,EMP020,2,2,Card,Completed
TXN004149,2025-01-21,CUST0016,PROD0025,ST003,EMP008,3,23,eSewa,Returned
TXN001324,2025-05-31,CUST0070,PROD0043,ST005,EMP015,7,24,Khalti,Cancelled
TXN004299,2025-02-17,CUST0007,PROD0058,ST004,EMP014,5,5,Card,Cancelled
TXN001946,2025-12-03,CUST0086,PROD0043,ST003,EMP003,6,7,ESEWA,Completed
TXN003500,2025-07-18,CUST0093,PROD0016,ST001,EMP011,7,4,Bank Transfer,Returned
TXN001154,2025-05-31,CUST0075,PROD0017,ST002,EMP017,7,8,Bank Transfer,Returned
TXN002741,2025-04-24,CUST0063,PROD0003,ST004,EMP004,4,24,eSewa,Cancelled
TXN002217,2025-04-19,CUST0016,PROD0038,ST005,EMP005,7,15,Bank Transfer,Completed
TXN003306,2025-02-15,CUST0092,PROD0037,ST004,EMP014,-1,22,Card,completed
TXN001072,2025-11-01,CUST0073,PROD0026,ST001,EMP011,1,21,eSewa,Completed
TXN000999,2025-05-21,CUST0049,PROD0043,ST004,EMP014,8,4,Card,Completed
TXN004663,2025-09-06,CUST0029,PROD0048,ST003,EMP013,4,28,eSewa,Completed
TXN003499,2025-10-16,CUST0030,PROD0025,ST005,EMP010,5,17,Bank Transfer,Completed
TXN004357,2025-12-08,CUST0032,PROD0038,ST004,EMP019,7,27,Khalti,Completed
TXN000338,2025-02-28,CUST0018,PROD0022,ST002,EMP007,8,27,Card,Cancelled
TXN001686,2025-01-26,CUST0004,PROD0053,ST005,EMP005,5,12,eSewa,Returned
TXN002492,2025-03-05,CUST0016,PROD0037,ST002,EMP017,2,8,eSewa,Cancelled
TXN004787,2025-05-08,CUST0098,PROD0029,ST003,EMP013,8,19,Khalti,Completed
TXN000289,2025-12-25,CUST0076,PROD0041,ST005,EMP020,8,26,Card,Cancelled
TXN001409,2025-08-30,CUST0022,PROD0046,ST002,EMP017,3,26,Khalti,Returned
TXN001101,2025-06-17,CUST0022,PROD0007,ST004,EMP014,2,17,Card,Completed
TXN001044,2025-09-18,CUST0046,PROD0004,ST001,EMP011,3,20,Khalti,Completed
TXN003308,2025-09-07,CUST0023,PROD0052,ST001,EMP006,5,10,Card,Returned
TXN001193,2025-09-25,CUST0083,PROD0010,ST003,EMP008,8,6,Khalti,Completed
TXN004285,2025-01-13,CUST0078,PROD0005,ST003,EMP018,1,5, Cash,Completed
TXN003578,2025-05-24,CUST0091,PROD0016,ST002,EMP002,8,3,Bank Transfer,Returned
TXN001769,2025-04-22,CUST0023,PROD0032,ST003,EMP013,1,2,Khalti,Completed
TXN000451,2025-06-05,CUST0012,PROD0053,ST002,EMP007,4,11,  Cash ,Completed
TXN000035,2025-01-20,CUST0084,PROD0037,ST003,EMP003,3,29,Cash,Completed
TXN001839,2025-06-01,CUST0019,PROD0040,ST004,EMP004,6,1,eSewa  ,Cancelled
TXN002196,2025-11-20,CUST0052,PROD0057,ST004,EMP009,7,12,eSewa,Completed
TXN002449,2025-08-12,CUST0082,PROD0016,ST003,EMP008,3,17,Bank Transfer,Cancelled
TXN002894,2025-10-02,CUST0002,PROD0024,ST001,EMP006,6,28,Cash,Completed
TXN002112,2025-12-10,CUST0094,PROD0005,ST002,EMP017,1,24,Khalti,Completed
TXN000351,2025-10-30,CUST0043,PROD0005,ST002,EMP017,7,29,eSewa,Completed
TXN004285,2025-01-13,CUST0078,PROD0005,ST003,EMP018,1,5, Cash,Completed
TXN000651,2025-07-01,CUST0057,PROD0003,ST005,EMP020,3,8,Cash,Completed
TXN003458,2025-10-04,CUST0022,PROD0024,ST003,EMP003,7,1,Card,Completed
TXN004354,2025-03-29,CUST0034,PROD0011,ST004,EMP019,3,16,Cash,Completed
TXN004353,2025-07-23,CUST0096,PROD0012,ST003,EMP013,4,10,ESEwa,Completed
TXN002997,2025-03-30,CUST0100,PROD0008,ST005,EMP005,7,15,Khalti,Completed
TXN004174,2025-12-27,CUST0010,PROD0054,ST002,EMP007,8,9,Khalti,Completed
TXN000392,2025-07-08,CUST0037,PROD0013,ST001,EMP011,3,26,BANK TRANSFER,Completed
TXN002994,2025-08-01,CUST0043,PROD0042,ST005,EMP020,3,18,Khalti,Returned
TXN000290,2025-12-24,CUST0073,PROD0009,ST005,EMP015,8,20,Khalti,Completed
TXN001009,2025-05-04,CUST0077,PROD0035,ST004,EMP009,1,5,Cash,Completed
TXN004002,2025-01-12,CUST0089,PROD0019,ST003,EMP003,4,15,Khalti,Returned
TXN003232,2025-09-28,CUST0028,PROD0049,ST001,EMP016,7,6,Bank Transfer,Returned
TXN002366,2025-02-24,CUST0032,PROD0041,ST002,EMP002,6,16,eSewa,Returned
TXN003318 ,2025-11-13,CUST0089,PROD0028,ST005,EMP015,7,22,Khalti,Completed
TXN004523,2025-08-20,CUST0064,PROD0036,ST003,EMP013,4,21,eSewa,Completed
TXN004598,2025-10-24,CUST0086,PROD0046,ST005,EMP015,3,18,Cash,Completed
TXN001316,2025-12-10,CUST0042,PROD0015,ST001,EMP011,7,, Khalti  ,Cancelled
 TXN001558 ,2025-03-03,CUST0020,PROD0013,ST005,EMP015,1,28,Card,Completed
TXN004626,2025-01-19,CUST0061,PROD0008,ST004,EMP009,8,12,Bank Transfer,Completed
TXN002020,2025-08-18,CUST0014,PROD0044,ST003,EMP003,4,10,Khalti,Completed
TXN001470,2025-09-14,CUST0001,PROD0039,ST001,EMP001,6,23,eSewa,Completed
TXN002980 ,2025-07-04,CUST0023,PROD0016,ST002,EMP017,6,8,Bank Transfer,Completed
TXN004847,2025-12-21,CUST0008,PROD0006,ST001,EMP016,5,4,Khalti,Completed
TXN001775,2025-11-11,CUST0062,PROD0058,ST004,EMP019,8,5,Card,Completed
TXN003146,2025-07-19,CUST0013,PROD0039,ST004,EMP009,6,4,Bank Transfer,Completed
TXN000078,2025-06-30,CUST0051,PROD0038,ST005,EMP020,8,22,eSewa,Returned
TXN000492,2025-06-17,CUST0006,PROD0027,ST001,EMP006,6,6,Bank Transfer,Completed
TXN003083,2025-05-04,CUST0027,PROD0051,ST003,EMP013,1,25,Khalti,Completed
TXN002976,2025-12-26,CUST0092,PROD0044,ST001,EMP016,6,0,Cash,Completed
TXN001901,2025-04-26,CUST0098,PROD0016,ST001,EMP016,3,23,Khalti,Completed
TXN000074,2025-12-14,CUST0048,PROD0026,ST005,EMP015,3,3,eSewa,Completed
TXN004685,2025-01-23,CUST0093,PROD0023,ST004,EMP009,1,13,CarD,Completed
TXN001150,2025-07-22,CUST0032,PROD0045,ST005,EMP020,8,18,eSewa,Cancelled
TXN003868,2025-02-23,CUST0097,PROD0024,ST005,EMP005,4,9,Cash,Cancelled
 TXN001263 ,2025-10-24,CUST0004,PROD0033,ST002,EMP007,6,1,Card,Completed
TXN004119,2025-11-28,CUST0021,PROD0038,ST004,EMP019,7,20,Cash,Completed
TXN000071,2025-04-03,CUST0026,PROD0038,ST004,EMP019,1,22,Card,Completed
TXN001675,2025-12-26,CUST0090,PROD0010,ST004,EMP019,2,11,Bank Transfer,Cancelled
TXN000906,2025-10-16,CUST0001,PROD0042,ST005,EMP015,7,25,Card,cancelled
TXN004550,2025-07-10,CUST0037,PROD0028,ST001,EMP006,3,21,Card,Completed
TXN004536,2025-03-27,CUST0015,PROD0041,ST004,EMP004,5,11,eSewa,Completed
TXN001195,2025-10-15,CUST0006,PROD0010,ST001,EMP011,7,14,eSewa,Completed
TXN000729,2025-05-07,CUST0059,PROD0006,ST002,EMP012,5,28,Card,Cancelled
TXN003900,2025-08-06,CUST0085,PROD0014,ST001,EMP006,2,24,Cash,Completed
TXN003821,2025-04-13,CUST0033,PROD0011,ST005,EMP005,8,6,Khalti,Returned
TXN004967,2025-11-02,CUST0056,PROD0052,ST004,EMP014,8,23,Card,Completed
TXN002642,2025-01-01,CUST0046,PROD0010,ST005,EMP015,8,14,Bank Transfer,Cancelled
TXN002239,2025-03-14,CUST0004,PROD0021,ST004,EMP009,7,17,Khalti,Cancelled
TXN001155,2025-06-09,CUST0021,PROD0001,ST004,EMP009,6,24,Khalti,completed
TXN004993,2025-08-05,CUST0093,PROD0043,ST002,EMP002,4,23,Cash,Completed
TXN003456,2025-04-11,CUST0038,PROD0010,ST001,EMP006,1,2,Khalti,Completed
TXN000319,2025-10-31,CUST0018,PROD0003,ST002,EMP007,4,17,eSewa,Completed
TXN002504,2025-11-09,CUST0035,PROD0049,ST004,EMP014,3,9,Card,Returned
TXN003820,NaT,CUST0077,PROD0032,ST005,EMP005,7,27,Khalti,Completed
TXN002022,2025-11-01,CUST0026,PROD0025,ST002,EMP007,7,6,eSewa,Completed
TXN001850,2025-05-24,CUST0029,PROD0031,ST003,EMP018,6,4,Cash,Completed
TXN004363,2025-03-29,CUST0034,PROD0045,ST002,EMP017,8,16,Cash,Completed
TXN000181,2025-12-26,CUST0014,PROD0014,ST004,EMP014,7,23,Card,Completed
TXN001321,2025-01-10,CUST0071,PROD0039,ST005,EMP010,3,11,Bank Transfer,cOmPLetEd
TXN000576,2025-03-13,CUST0047,PROD0055,ST002,EMP012,5,17,Khalti,Completed
TXN004784,2025-06-30,CUST0061,PROD0031,ST003,EMP003,4,3,Khalti,Completed
TXN001267,2025-11-22,CUST0057,PROD0006,ST005,EMP015,6,7,esewa,Completed
  TXN000047  ,2025-02-27,CUST0025,PROD0060,ST004,EMP009,1,24,Cash,Completed
TXN000130,2025-06-03,CUST0074,PROD0057,ST001,EMP016,2,1,Bank Transfer,Returned
TXN004281,2025-08-27,CUST0012,PROD0053,ST003,EMP018,7,5,Khalti,Completed
TXN003810,2025-10-20,CUST0028,PROD0023,ST001,EMP011,1,11,Cash,Returned
  TXN001910 ,2025-12-29,CUST0049,PROD0002,ST004,EMP009,1,12,Bank Transfer,Completed
TXN001225,2025-08-14,CUST0092,PROD0051,ST002,EMP012,8,18,Cash  ,Returned
TXN000086,2025-07-21,CUST0032,PROD0049,ST001,EMP011,8,20,Khalti,Completed
 TXN001285  ,2025-03-09,CUST0004,PROD0014,ST003,EMP008,1,2,Bank Transfer,Cancelled
TXN002311,2025-03-03,CUST0020,PROD0003,ST001,EMP006,4,29,Bank Transfer,Cancelled
TXN001812,2025-05-24,CUST0016,PROD0057,ST003,EMP008,6,5,Khalti,Completed
TXN002918,2025-08-07,CUST0066,PROD0043,ST001,EMP016,6,10,eSewa,Completed
TXN002090,2025-05-16,CUST0036,PROD0033,ST005,EMP010,7,5,Card,Returned
TXN003860,2025-11-07,CUST0054,PROD0011,ST004,EMP014,4,0,Cash,Completed
TXN004643,2025-02-09,CUST0030,PROD0039,ST003,EMP003,2,10,Card,Completed
TXN001793,2025-04-02,CUST0008,PROD0033,ST005,EMP020,7,26,Cash,Completed
TXN000324,2025-09-07,CUST0100,PROD0011,ST003,EMP013,-2,2,Bank Transfer,Completed
TXN002457,2025-12-31,CUST0082,PROD0014,ST004,EMP014,5,25,Khalti,Returned
TXN003882,2025-05-25,CUST0017,PROD0029,ST003,EMP018,7,6,Bank Transfer,Completed
TXN004034,2025-04-24,CUST0022,PROD0053,ST004,EMP014,5,27,eSewa,Completed
TXN001297,2025-03-19,CUST0099,PROD0027,ST001,EMP011,6,18,Khalti,Completed
TXN002804,2025-03-19,CUST0087,PROD0058,ST004,EMP004,1,14,Bank Transfer,Completed
TXN000699,2025-09-05,CUST0091,PROD0009,ST003,EMP013,8,0,eSewa,Completed
TXN001446,2025-11-10,CUST0051,PROD0021,ST005,EMP020,3,7,Khalti,Completed
TXN000275,2025-07-04,CUST0023,PROD0030,ST003,EMP018,1,11,Khalti,Completed
TXN001604,2025-07-13,CUST0033,PROD0060,ST003,EMP003,2,18,Card,Completed
TXN003285,2025-04-09,CUST0053,PROD0056,ST005,EMP005,3,22,Cash,Completed
  TXN004093,2025-12-11,CUST0038,PROD0019,ST001,EMP016,8,8,Cash,Completed
 TXN003160  ,2025-11-22,CUST0090,PROD0049,ST002,EMP012,7,17,eSewa,Completed
TXN000684,2025-02-11,CUST0037,PROD0022,ST004,EMP009,7,18,Khalti,Cancelled
TXN000711,2025-02-11,CUST0066,PROD0036,ST001,EMP016,2,4,Cash,Completed
TXN003968,2025-06-03,CUST0009,PROD0006,ST002,EMP012,7,29,BaNk TRaNsFEr,Cancelled
TXN002734,2025-06-17,CUST0095,PROD0059,ST003,EMP008,5,,Khalti,Completed
TXN003138,2025-11-19,CUST0048,PROD0045,ST003,EMP008,5,0,eSewa,Completed
TXN003312,2025-02-19,CUST0081,PROD0021,ST003,EMP008,8,4,eSewa,Returned
TXN003954,2025-02-08,CUST0015,PROD0024,ST003,EMP018,1,5,Card,Cancelled
TXN000432,2025-02-11,CUST0092,PROD0028,ST005,EMP005,2,15,Card,Completed
TXN002203,2025-03-25,CUST0050,PROD0010,ST004,EMP019,7,24,Bank Transfer,Completed
TXN004624,2025-10-06,CUST0009,PROD0059,ST004,EMP009,2,2,Khalti,Returned
TXN001322,2025-05-02,CUST0071,PROD0023,ST004,EMP004,1,25,ESEWA,completed
TXN003744,2025-05-20,CUST0059,PROD0058,ST004,EMP019,6,28,Card,Completed
TXN004329,2025-06-09,CUST0056,PROD0043,ST003,EMP008,3,,Cash,Completed
TXN003003,2025-01-05,CUST0071,PROD0057,ST003,EMP003,6,0,Cash,Completed
TXN000286,2025-12-04,CUST0006,PROD0007,ST005,EMP015,5,20,Card,Completed
TXN004079,2025-02-27,CUST0092,PROD0020,ST003,EMP008,3,21,eSewa,Completed
TXN002849,2025-02-24,CUST0033,PROD0009,ST002,EMP017,7,2,Bank Transfer,Completed
TXN004922,2025-12-16,CUST0002,PROD0019,ST002,EMP002,8,4,Bank Transfer,Completed
TXN000536,2025-05-19,CUST0004,PROD0039,ST003,EMP013,2,13,Cash,Completed
TXN000087,2025-07-08,CUST0096,PROD0018,ST002,EMP017,8,0,Cash,Cancelled
TXN004055,2025-07-26,CUST0070,PROD0002,ST003,EMP018,2,26,Khalti,Completed
TXN001309,2025-12-11,CUST0065,PROD0040,ST002,EMP007,4,28,Cash,Returned
TXN002072,2025-06-18,CUST0061,PROD0022,ST005,EMP015,5,30,Cash,Completed
TXN003707,2025-07-29,CUST0081,PROD0038,ST001,EMP016,3,4,eSewa,Completed
TXN001559,2025-07-28,CUST0094,PROD0029,ST001,EMP011,5,16,Khalti,Completed
TXN002197,2025-09-12,CUST0021,PROD0005,ST002,EMP002,3,4,eSewa,Completed
TXN002542,2025-12-20,CUST0065,PROD0045,ST005,EMP005,5,28,Cash,Cancelled
TXN003617,2025-01-20,CUST0043,PROD0008,ST005,EMP005,6,18,Card,Completed
TXN004324,2025-10-15,CUST0094,PROD0012,ST004,EMP014,5,5,Cash,Completed
TXN000811,2025-11-10,CUST0086,PROD0020,ST003,EMP018,2,4,Khalti,Completed
TXN001319,2025-06-25,CUST0059,PROD0034,ST005,EMP010,4,25, Bank Transfer ,Completed
TXN002951,2025-09-12,CUST0091,PROD0056,ST001,EMP006,5,24,Card,Completed
TXN002558,2025-02-07,CUST0039,PROD0031,ST005,EMP020,4,10,Bank Transfer,RETURNED
TXN000129,2025-10-05,CUST0011,PROD0043,ST004,EMP004,7,17,Cash,Completed
TXN001706,2025-08-23,CUST0088,PROD0046,ST003,EMP013,4,26,Cash,Returned
TXN002910,2025-02-01,CUST0028,PROD0008,ST001,EMP001,4,19,Bank Transfer,Completed
TXN000250,2025-06-13,CUST0007,PROD0020,ST003,EMP013,3,4,Cash,Cancelled
TXN002722,2025-03-22,CUST0003,PROD0037,ST003,EMP018,3,12,Cash,Returned
TXN001480,2025-12-13,CUST0052,PROD0049,ST003,EMP003,1,18,Bank Transfer,Completed
TXN004437,2025-11-24,CUST0023,PROD0011,ST001,EMP001,6,13,Cash,Completed
TXN002225,2025-09-09,CUST0039,PROD0012,ST003,EMP018,3,0,Khalti,Completed
TXN001885,2025-12-18,CUST0025,PROD0033,ST005,EMP015,6,26,Bank Transfer,Completed
TXN004421,2025-06-22,CUST0062,PROD0009,ST002,EMP002,5,12,eSewa,Returned
TXN003259,2025-11-12,CUST0056,PROD0048,ST003,EMP003,6,20,eSewa,Returned
TXN001139,2025-01-23,CUST0086,PROD0041,ST001,EMP016,6,28,Cash,Returned
TXN001711,2025-09-11,CUST0027,PROD0006,ST001,EMP001,3,11,Card,Returned
TXN000393,2025-03-28,CUST0060,PROD0013,ST003,EMP003,1,8,  Card ,Completed
TXN003287,2025-09-03,CUST0075,PROD0048,ST004,EMP019,3,29,Cash,Completed
TXN000001,2025-01-14,CUST0058,PROD0057,ST003,EMP008,7,7,Khalti,COMPLETED
TXN003249,2025-02-10,CUST0052,PROD0047,ST005,EMP010,6,30,  Card  ,Completed
TXN003186,2025-03-20,CUST0072,PROD0005,ST004,EMP019,5,24,Khalti,Completed
TXN001036,2025-06-17,CUST0098,PROD0033,ST005,EMP020,7,27,Khalti,Returned
TXN002790,2025-09-28,CUST0056,PROD0010,ST003,EMP013,3,1,Khalti,Completed
TXN002812,2025-10-06,CUST0030,PROD0005,ST005,EMP020,5,17,card,Returned
TXN000824,2025-04-02,CUST0038,PROD0049,ST003,EMP018,7,2,Cash,Cancelled
TXN000954,2025-09-20,CUST0010,PROD0039,ST004,EMP014,8,27,Khalti,Completed
TXN002622,2025-03-20,CUST0077,PROD0014,ST002,EMP017,6,17,Bank Transfer,Cancelled
TXN004562,2025-03-05,CUST0043,PROD0044,ST005,EMP010,8,6,Bank Transfer,Completed
TXN003784,2025-11-08,CUST0031,PROD0059,ST003,EMP018,3,29,Khalti,Completed
TXN000173,2025-04-15,CUST0008,PROD0045,ST005,EMP005,1,19,Bank Transfer,Completed
TXN001235,2025-05-17,CUST0064,PROD0026,ST002,EMP017,6,12,Bank Transfer,Cancelled
TXN004730,2025-04-03,CUST0047,PROD0019,ST002,EMP007,6,10,Khalti,Completed
TXN003808,2025-07-07,CUST0009,PROD0037,ST001,EMP001,4,25,Khalti,Cancelled
TXN001008,2025-07-29,CUST0033,PROD0001,ST002,EMP002,2,28,Khalti,Completed
TXN003382,2025-03-18,CUST0025,PROD0008,ST001,EMP006,7,26,eSewa,Completed
TXN001855,2025-03-06,CUST0023,PROD0060,ST005,EMP005,5,6,eSewa,Cancelled
TXN000949,2025-02-04,CUST0082,PROD0039,ST001,EMP006,7,16,Khalti,Cancelled
TXN000128,2025-07-15,CUST0050,PROD0012,ST003,EMP018,6,14,Khalti,Completed
TXN003319,2025-06-10,CUST0079,PROD0056,ST004,EMP004,1,20,CARD,Completed
TXN000642,2025-05-09,CUST0018,PROD0044,ST004,EMP019,3,9,Cash,Completed
TXN000735,2025-07-11,CUST0061,PROD0054,ST003,EMP013,6,1,Card,Returned
TXN000092,2025-02-15,CUST0062,PROD0005,ST005,EMP005,2,9,Card,Completed
TXN003830,2025-03-11,CUST0062,PROD0039,ST001,EMP006,6,25,Bank Transfer,Returned
TXN004679,2025-11-29,CUST0005,PROD0018,ST001,EMP016,2,4,Card,Returned
TXN004789,2025-05-20,CUST0008,PROD0016,ST004,EMP009,2,5,Card,Completed
TXN004432,2025-10-10,CUST0082,PROD0017,ST005,EMP005,1,17,Bank Transfer,Returned
TXN004543,2025-11-25,CUST0005,PROD0054,ST004,EMP009,1,7,eSewa,Cancelled
TXN000625,2025-09-11,CUST0089,PROD0005,ST002,EMP007,1,14,Khalti,Completed
TXN004711,2025-04-28,CUST0025,PROD0017,ST002,EMP002,7,12,Khalti,Cancelled
TXN001872,2025-07-25,CUST0003,PROD0030,ST005,EMP010,8,23,Khalti,Cancelled
TXN002114,2025-08-25,CUST0099,PROD0016,ST005,EMP005,1,21,eSewa,Returned
TXN001317,2025-08-05,CUST0019,PROD0049,ST001,EMP016,5,19,KHALTI,Completed
TXN003297,2025-04-18,CUST0013,PROD0044,ST002,EMP012,3,10,Khalti,Cancelled
TXN004734,2025-08-27,CUST0064,PROD0021,ST001,EMP006,4,27,CARD,Completed
TXN004239,2025-04-15,CUST0069,PROD0042,ST001,EMP011,3,10,Bank Transfer,Cancelled
TXN000251,2025-07-21,CUST0012,PROD0015,ST002,EMP017,3,18,Cash,Returned
TXN003881,2025-10-28,CUST0060,PROD0009,ST002,EMP012,2,1,Khalti,Completed
TXN004341,2025-07-08,CUST0046,PROD0037,ST004,EMP019,3,22,Khalti,Completed
TXN000206,2025-05-27,CUST0052,PROD0040,ST003,EMP013,1,20,khAlti,Completed
TXN004046,2025-12-18,CUST0095,PROD0038,ST005,EMP005,8,10,esewa,Cancelled
TXN001164,2025-04-10,CUST0010,PROD0008,ST002,EMP007,3,9,Bank Transfer,Returned
TXN002223,2025-06-22,CUST0025,PROD0059,ST004,EMP014,8,13,Bank Transfer,Completed
TXN004576,2025-02-19,CUST0094,PROD0023,ST001,EMP016,8,21,Card,Completed
TXN004414,2025-11-26,CUST0086,PROD0022,ST004,EMP004,-4,30, Cash ,Returned
TXN000615,2025-09-19,CUST0058,PROD0011,ST003,EMP003,5,26,Bank Transfer,Completed
TXN001464,2025-11-13,CUST0053,PROD0008,ST002,EMP007,5,13,eSewa,Completed
TXN000070,2025-07-23,CUST0062,PROD0021,ST002,EMP007,6,15,Bank Transfer,Completed
TXN002375,2025-04-25,CUST0089,PROD0019,ST002,EMP002,1,26,Khalti,Cancelled
TXN004454,2025-10-25,CUST0088,PROD0029,ST003,EMP013,3,29,  Card  ,cOmPlEted
TXN004952,2025-10-13,CUST0006,PROD0040,ST001,EMP001,8,13,Card,Completed
TXN002238,2025-01-15,CUST0090,PROD0059,ST002,EMP002,8,30,eSewa,Completed
TXN001127,2025-05-17,CUST0003,PROD0003,ST001,EMP016,7,30,eSewa,Cancelled
TXN001233,2025-10-20,CUST0092,PROD0006,ST005,EMP010,7,10,Card,Completed
TXN002178,2025-02-24,CUST0025,PROD0051,ST001,EMP016,1,25,eSewa,Completed
TXN003781,2025-11-28,CUST0016,PROD0043,ST003,EMP013,7,28,eSewa,Cancelled
TXN004186,2025-12-08,CUST0021,PROD0053,ST002,EMP002,3,8,Bank Transfer,Returned
TXN003482,2025-09-01,CUST0076,PROD0004,ST005,EMP015,4,3,Khalti,Returned
TXN002222,2025-10-10,CUST0075,PROD0023,ST001,EMP011,6,2,Bank Transfer,Completed
TXN002940,2025-04-04,CUST0082,PROD0007,ST003,EMP003,7,21,Bank Transfer,Completed
TXN004098,2025-10-06,CUST0098,PROD0059,ST002,EMP007,8,27,Card,Completed
TXN001918,2025-07-04,CUST0011,PROD0047,ST001,EMP001,5,12,eSewa,Returned
TXN000823,2025-06-29,CUST0034,PROD0055,ST002,EMP007,6,24,Card,Completed
TXN001980,2025-12-15,CUST0073,PROD0007,ST003,EMP008,1,11,Card,Completed
TXN001933,2025-10-03,CUST0040,PROD0011,ST005,EMP015,4,20,eSewa,Returned
TXN003515,2025-04-16,CUST0082,PROD0024,ST001,EMP006,8,23,Card,Completed
TXN002672,2025-11-25,CUST0036,PROD0007,ST002,EMP007,5,0,Card,Completed
TXN001414,2025-05-13,CUST0071,PROD0023,ST003,EMP013,7,,Khalti,Cancelled
TXN000395,2025-04-03,CUST0094,PROD0044,ST005,EMP010,7,8,Card,Returned
TXN004163,2025-05-09,CUST0011,PROD0011,ST002,EMP002,4,13,Bank Transfer,Completed
TXN003349,2025-03-01,CUST0063,PROD0039,ST003,EMP013,2,3,Card,Completed
TXN003501,2025-03-18,CUST0039,PROD0039,ST002,EMP012,1,26,BANK TRANSFER,Returned
TXN004350,2025-07-08,CUST0058,PROD0043,ST001,EMP001,3,16,Card,Returned
TXN000794,2025-04-18,CUST0093,PROD0034,ST004,EMP019,2,11,eSewa,Completed
TXN004613,2025-06-10,CUST0049,PROD0047,ST004,EMP014,8,26,Bank Transfer,Completed
TXN004774,2025-01-04,CUST0090,PROD0056,ST005,EMP020,6,29,Cash,Returned
TXN003928,2025-09-17,CUST0062,PROD0049,ST003,EMP013,6,15,Cash,Cancelled
TXN002458,2025-08-27,CUST0095,PROD0013,ST004,EMP014,6,24,Cash,Returned
TXN003295,2025-11-19,CUST0048,PROD0013,ST004,EMP004,1,24,eSewa,Completed
TXN003909,2025-04-15,CUST0082,PROD0016,ST004,EMP014,3,,Cash,Completed
TXN003365,2025-10-25,CUST0046,PROD0040,ST002,EMP012,2,26,Khalti,Returned
 TXN004289,2025-05-01,CUST0082,PROD0010,ST003,EMP003,3,2,eSewa,Completed
TXN002533,2025-05-01,CUST0074,PROD0021,ST002,EMP007,1,4,Card,Cancelled
TXN001991,2025-12-12,CUST0052,PROD0031,ST003,EMP018,4,8,Bank Transfer,Completed
TXN004644,2025-08-15,CUST0049,PROD0029,ST005,EMP020,1,27,Khalti,Completed
TXN004283,2025-09-27,CUST0085,PROD0038,ST001,EMP011,6,11,Card,Completed
TXN001013,2025-12-17,CUST0048,PROD0003,ST001,EMP006,7,6,Cash,Completed
TXN000253,2025-08-05,CUST0012,PROD0008,ST004,EMP019,6,19,Cash,Completed
TXN001931,2025-12-14,CUST0081,PROD0004,ST004,EMP009,6,30,Cash,Completed
TXN004727,2025-03-15,CUST0099,PROD0029,ST003,EMP018,8,14,Bank Transfer,Completed
TXN000663,2025-11-03,CUST0045,PROD0005,ST002,EMP002,2,4,ESEWA,Cancelled
TXN003823,2025-10-28,CUST0010,PROD0001,ST004,EMP009,5,22,eSewa,Completed
TXN000499,2025-03-14,CUST0009,PROD0013,ST001,EMP016,4,17,Card,Completed
TXN003443,2025-02-12,CUST0076,PROD0009,ST001,EMP001,5,18,eSewa,Completed
TXN003876,2025-04-20,CUST0002,PROD0011,ST005,EMP020,3,17,Cash,Completed
TXN001669,2025-05-28,CUST0043,PROD0025,ST005,EMP010,4,3,Bank Transfer,Completed
TXN004161,2025-08-17,CUST0082,PROD0051,ST005,EMP010,4,9, Cash,Completed
TXN004380,2025-12-18,CUST0071,PROD0037,ST002,EMP002,8,27,Card,Completed
TXN002439,2025-01-03,CUST0007,PROD0006,ST005,EMP020,3,27,Khalti,Completed
TXN001478,2025-01-13,CUST0097,PROD0031,ST002,EMP017,6,27,Cash,Cancelled
TXN003353,2025-04-04,CUST0046,PROD0054,ST004,EMP004,7,20, Bank Transfer,COMPlETed
TXN002342,2025-12-28,CUST0097,PROD0035,ST004,EMP019,7,9,Cash,Returned
TXN003235,2025-02-17,CUST0079,PROD0003,ST004,EMP019,2,23,eSewa,Returned
TXN003727,2025-09-02,CUST0016,PROD0048,ST001,EMP001,7,30,KHALTI,Completed
TXN004391,2025-02-15,CUST0045,PROD0026,ST005,EMP005,2,2,Cash,Completed
TXN003168,2025-09-18,CUST0075,PROD0017,ST005,EMP005,5,,Cash,Cancelled
TXN003452,2025-03-23,CUST0023,PROD0027,ST003,EMP018,2,24,eSewa,Completed
TXN000974,2025-03-17,CUST0063,PROD0057,ST003,EMP003,1,19,Khalti,Completed
TXN003402,2025-09-15,CUST0003,PROD0043,ST005,EMP010,5,7,Cash  ,Completed
TXN003135,2025-03-21,CUST0040,PROD0023,ST003,EMP018,7,6,Card,Completed
TXN002772,2025-05-30,CUST0063,PROD0050,ST005,EMP010,4,12,eSewa,Completed
TXN003110,2025-04-09,CUST0032,PROD0007,ST003,EMP018,1,12,Cash,Cancelled
TXN004866,2025-09-10,CUST0014,PROD0038,ST004,EMP019,8,18,Khalti,Completed
TXN000449,2025-07-21,CUST0090,PROD0046,ST003,EMP018,2,2,Bank Transfer,Completed
TXN002506,2025-04-23,CUST0084,PROD0005,ST002,EMP012,5,29,Card,Completed
TXN002404,2025-07-11,CUST0088,PROD0045,ST001,EMP006,1,22,Cash,Completed
TXN003535,2025-09-08,CUST0042,PROD0009,ST003,EMP008,7,11,eSewa,Returned
TXN003555,2025-06-05,CUST0081,PROD0013,ST002,EMP017,6,5,Cash,Completed
TXN001535,2025-04-02,CUST0074,PROD0004,ST005,EMP015,5,18,eSewa,Completed
TXN003409,2025-01-27,CUST0089,PROD0018,ST001,EMP001,4,24,Cash,Completed
TXN003117,2025-07-25,CUST0068,PROD0019,ST001,EMP016,6,17,Cash,Completed
TXN000645,2025-09-23,CUST0060,PROD0052,ST001,EMP001,8,8,Cash,Completed
TXN001611,2025-02-22,CUST0052,PROD0027,ST001,EMP001,6,18,bank transfer,Completed
TXN002720,2025-04-05,CUST0029,PROD0018,ST004,EMP019,5,23,Khalti,Completed
TXN003553,2025-06-12,CUST0062,PROD0004,ST004,EMP019,4,14,Khalti,Completed
TXN000183,2025-05-25,CUST0088,PROD0020,ST005,EMP010,8,0,Khalti,Completed
TXN003582,2025-02-03,CUST0089,PROD0002,ST001,EMP011,5,24,Khalti,Cancelled
TXN003662,2025-06-26,CUST0060,PROD0049,ST003,EMP008,8,14,Cash,Completed
TXN003811,2025-07-26,CUST0077,PROD0046,ST005,EMP005,6,4,khalti,Completed
TXN004615,2025-03-10,CUST0078,PROD0030,ST002,EMP017,5,2,Bank Transfer,Cancelled
TXN001633,2025-01-17,CUST0052,PROD0059,ST004,EMP004,2,7,eSewa,Completed
TXN002621,2025-07-13,CUST0057,PROD0009,ST001,EMP001,1,25,Khalti,COMPLETED
TXN000690,2025-08-13,CUST0016,PROD0019,ST001,EMP006,4,29,eSewa,Returned
TXN001096,2025-02-02,CUST0095,PROD0009,ST004,EMP004,3,26,Cash  ,Cancelled
TXN004006,2025-05-18,CUST0068,PROD0060,ST001,EMP011,5,18,Bank Transfer,Cancelled
TXN002481,2025-06-29,CUST0070,PROD0015,ST003,EMP003,3,11,Card,Cancelled
TXN000902,2025-02-19,CUST0094,PROD0037,ST003,EMP013,1,13,eSewa,Completed
TXN003467,2025-01-28,CUST0046,PROD0058,ST002,EMP012,4,23,eSewa,Completed
TXN002434,2025-05-29,CUST0041,PROD0024,ST001,EMP016,6,10,Cash,Completed
TXN003949,2025-11-16,CUST0008,PROD0047,ST001,EMP011,4,5,Khalti,Completed
TXN001818,2025-08-09,CUST0087,PROD0009,ST002,EMP007,1,21,Cash,cOmpleTED
TXN003827,2025-10-09,CUST0001,PROD0021,ST003,EMP008,3,17,Cash,Returned
TXN003589,2025-10-22,CUST0080,PROD0052,ST002,EMP007,6,12,Bank Transfer,Returned
TXN004181,2025-04-09,CUST0096,PROD0010,ST001,EMP001,7,12,eSewa,Completed
TXN004010,2025-02-05,CUST0007,PROD0024,ST003,EMP013,2,15,khalti,Returned
TXN002139,2025-09-08,CUST0023,PROD0047,ST005,EMP010,4,21,Bank Transfer,Returned
TXN002066,2025-09-19,CUST0053,PROD0044,ST004,EMP009,6,2,Card,Completed
TXN002493,2025-05-18,CUST0075,PROD0056,ST003,EMP003,7,1,Bank Transfer,Completed
TXN003616,2025-09-07,CUST0074,PROD0041,ST005,EMP005,6,18,Bank Transfer,Completed
TXN001390,2025-11-14,CUST0002,PROD0019,ST001,EMP001,2,4,Bank Transfer,Cancelled
TXN000751,2025-08-01,CUST0001,PROD0027,ST004,EMP009,3,25,eSewa,completed
TXN003739,2025-07-11,CUST0034,PROD0025,ST005,EMP005,6,23,Bank Transfer,Completed
TXN003258,2025-07-20,CUST0092,PROD0004,ST003,EMP013,8,2,eSewa,Completed
TXN000858,2025-07-24,CUST0047,PROD0022,ST005,EMP015,3,6,Card,Returned
TXN003095,2025-01-23,CUST0095,PROD0049,ST003,EMP008,8,16,eSewa,Completed
TXN004074,2025-07-11,CUST0036,PROD0027,ST002,EMP012,1,18,eSewa,Cancelled
TXN004196,2025-11-14,CUST0051,PROD0046,ST003,EMP003,5,24,Bank Transfer,Completed
TXN000587,2025-11-07,CUST0031,PROD0014,ST003,EMP013,2,15,Cash,Completed
TXN003607,2025-09-24,CUST0037,PROD0057,ST004,EMP004,2,20,Cash,Completed
TXN001063,2025-03-25,CUST0087,PROD0007,ST001,EMP006,1,13,Card,Returned
TXN003613,2025-04-07,CUST0063,PROD0033,ST001,EMP006,5,18,Card,Completed
TXN002996,2025-07-31,CUST0004,PROD0016,ST003,EMP013,1,17,Bank Transfer,Completed
TXN003504,2025-08-18,CUST0049,PROD0013,ST003,EMP003,6,26,Bank Transfer,Completed
TXN003271,2025-07-25,CUST0006,PROD0035,ST005,EMP020,4,30,Card,Completed
TXN004312,2025-01-21,CUST0057,PROD0052,ST005,EMP005,7,8,BaNK tRanSfeR,Cancelled
TXN001247,2025-11-15,CUST0026,PROD0008,ST002,EMP002,6,24,Khalti,CompLetEd
TXN004519,2025-07-05,CUST0090,PROD0044,ST004,EMP014,7,13,Cash,Completed
TXN004308,2025-11-10,CUST0088,PROD0025,ST001,EMP006,7,3,Card,Cancelled
TXN000094,2025-07-16,CUST0097,PROD0008,ST005,EMP005,6,4,Card,Completed
TXN003929,2025-09-13,CUST0043,PROD0015,ST003,EMP008,1,29,Bank Transfer,Completed
TXN003477,2025-11-12,CUST0083,PROD0046,ST003,EMP003,3,14,Cash,Completed
TXN004258,2025-07-27,CUST0091,PROD0020,ST003,EMP018,7,9,Bank Transfer,Completed
TXN002620,2025-09-29,CUST0089,PROD0018,ST002,EMP017,7,24,Card,Completed
TXN003350,2025-03-13,CUST0010,PROD0026,ST004,EMP019,3,4,eSewa,Completed
TXN003002,2025-06-12,CUST0012,PROD0056,ST003,EMP018,3,27,eSewa,Completed
TXN000752,2025-11-01,CUST0059,PROD0038,ST005,EMP020,6,17,Cash,Completed
TXN000829,2025-09-17,CUST0013,PROD0059,ST005,EMP005,8,26,Bank Transfer,Completed
TXN000313,2025-06-15,CUST0089,PROD0058,ST004,EMP014,5,24,Cash,Completed
TXN004154,2025-05-04,CUST0050,PROD0037,ST002,EMP002,8,19,Bank Transfer,Returned
TXN002444,2025-11-04,CUST0002,PROD0049,ST002,EMP012,4,5,Bank Transfer,Completed
TXN001378,2025-09-09,CUST0073,PROD0008,ST003,EMP003,5,2,khalti,Completed
TXN000918,2025-04-03,CUST0065,PROD0029,ST001,EMP001,8,25,Bank Transfer,Cancelled
 TXN001873,2025-06-13,CUST0016,PROD0036,ST005,EMP010,6,6,Khalti,Completed
TXN002882,2025-05-27,CUST0075,PROD0052,ST004,EMP019,8,18,BANK TRANSFER,Returned
TXN004554,2025-08-30,CUST0080,PROD0007,ST003,EMP013,2,10,Bank Transfer,Completed
TXN000176,2025-07-13,CUST0023,PROD0048,ST001,EMP006,1,4,Card,returned
TXN003840,2025-01-29,CUST0086,PROD0015,ST004,EMP009,7,4,Cash,Completed
TXN000404,2025-01-03,CUST0081,PROD0018,ST005,EMP015,6,30,Khalti,Completed
TXN000556,2025-03-08,CUST0086,PROD0001,ST004,EMP004,6,23,Bank Transfer,Returned
TXN004182,2025-04-14,CUST0050,PROD0045,ST001,EMP011,6,20,Cash,completed
TXN003246,2025-07-30,CUST0070,PROD0019,ST003,EMP008,2,8,Card,Cancelled
TXN003837,2025-12-11,CUST0089,PROD0049,ST004,EMP019,6,18,eSewa,Completed
TXN001564,2025-10-01,CUST0094,PROD0004,ST001,EMP011,4,27,eSewa,Cancelled
TXN002207,2025-10-04,CUST0091,PROD0003,ST003,EMP013,8,26,Bank Transfer,Completed
 TXN000632 ,2025-06-06,CUST0090,PROD0040,ST002,EMP017,4,5,Card,Completed
TXN004583,2025-02-18,CUST0045,PROD0009,ST004,EMP014,1,20,eSewa,Completed
TXN000202,2025-01-04,CUST0074,PROD0034,ST001,EMP001,7,10,Khalti,Completed
TXN000423,2025-08-15,CUST0021,PROD0047,ST002,EMP012,8,20,eSewa,Completed
TXN000658,2025-10-18,CUST0001,PROD0024,ST005,EMP005,2,30,Bank Transfer,Completed
TXN003750,2025-03-24,CUST0066,PROD0048,ST005,EMP015,7,17,eSewa,Completed
TXN002581,2025-04-10,CUST0038,PROD0043,ST005,EMP010,1,13,Card,Completed
TXN003642,2025-12-14,CUST0099,PROD0054,ST002,EMP002,2,3,Card,Completed
  TXN003024  ,2025-06-06,CUST0096,PROD0044,ST002,EMP002,4,18,Bank Transfer,Returned
TXN000910,2025-09-14,CUST0054,PROD0057,ST003,EMP003,1,8,Bank Transfer,Cancelled
TXN002914,2025-09-27,CUST0054,PROD0048,ST005,EMP005,8,2,eSewa,Completed
TXN003130,2025-01-09,CUST0088,PROD0059,ST004,EMP019,7,16,Cash,Completed
TXN002394,2025-08-01,CUST0076,PROD0059,ST001,EMP016,5,19,eSewa,Cancelled
TXN000584,2025-07-20,CUST0065,PROD0013,ST003,EMP013,6,3,eSewa,Completed
TXN001368,2025-01-29,CUST0058,PROD0045,ST003,EMP013,3,10,Card,Completed
TXN002387,2025-05-31,CUST0047,PROD0017,ST002,EMP007,3,22,Khalti,Completed
TXN003108,2025-12-15,CUST0063,PROD0059,ST003,EMP013,2,20,eSewa,Completed
TXN003927,2025-01-27,CUST0029,PROD0010,ST004,EMP009,7,25,bank transfer,Completed
TXN002384,2025-03-07,CUST0069,PROD0010,ST001,EMP011,6,27,Bank Transfer,Returned
TXN000639,2025-05-31,CUST0039,PROD0032,ST001,EMP006,1,26,Bank Transfer,Completed
TXN000646,2025-09-19,CUST0016,PROD0048,ST002,EMP002,1,17,Khalti,Completed
TXN000310  ,2025-04-10,CUST0094,PROD0044,ST003,EMP008,6,10,Bank Transfer,Completed
TXN002582,2025-07-15,CUST0091,PROD0001,ST005,EMP015,4,15,Cash,Completed
TXN001454,2025-10-05,CUST0008,PROD0011,ST005,EMP020,5,28,Bank Transfer,Completed
TXN002421,2025-01-17,CUST0031,PROD0016,ST004,EMP009,1,2,Khalti,Completed
TXN003991,2025-07-15,CUST0003,PROD0023,ST003,EMP003,8,19,Card,Cancelled
TXN004600,2025-07-09,CUST0024,PROD0053,ST001,EMP001,3,24,Bank Transfer,Completed
TXN002660,2025-12-30,CUST0044,PROD0025,ST002,EMP002,4,23,Khalti,Returned
TXN001278,2025-05-16,CUST0040,PROD0030,ST002,EMP007,7,9,Card,Cancelled
TXN003848,2025-06-16,CUST0003,PROD0052,ST004,EMP004,3,12,eSewa,Completed
TXN003639,2025-02-22,CUST0003,PROD0011,ST002,EMP007,3,11,Cash,Completed
TXN001273,2025-09-23,CUST0062,PROD0021,ST002,EMP002,6,25,Khalti,Completed
TXN002916,2025-03-23,CUST0015,PROD0032,ST002,EMP007,8,11,Bank Transfer,Completed
TXN003793,2025-08-20,CUST0094,PROD0046,ST001,EMP006,1,20,Khalti,Cancelled
TXN001483,2025-11-24,CUST0042,PROD0020,ST003,EMP008,1,18,Bank Transfer,Completed
TXN003231,2025-10-11,CUST0012,PROD0055,ST004,EMP004,-5,0,Bank Transfer,Completed
TXN001260,2025-08-09,CUST0074,PROD0016,ST002,EMP007,7,14,Khalti,Completed
TXN003341,2025-12-20,CUST0100,PROD0026,ST001,EMP016,8,30,Card,Returned
TXN003875,2025-07-03,CUST0026,PROD0036,ST001,EMP001,4,4,Khalti,Cancelled
TXN000764,2025-03-16,CUST0055,PROD0051,ST005,EMP015,5,25,Cash,Cancelled
TXN002930,2025-07-03,CUST0069,PROD0047,ST003,EMP018,8,23,Card,Completed
TXN000967,2025-04-09,CUST0011,PROD0003,ST004,EMP019,3,15,Cash,Completed
TXN004405,2025-02-16,CUST0013,PROD0026,ST005,EMP010,7,24,Khalti,Completed
TXN003790,2025-07-23,CUST0096,PROD0054,ST003,EMP018,6,15,Cash,Cancelled
TXN002085,2025-04-27,CUST0053,PROD0012,ST001,EMP001,4,26,eSewa,Completed
TXN003056,2025-11-09,CUST0047,PROD0037,ST002,EMP017,5,13,Cash,Returned
TXN002896,2025-05-29,CUST0046,PROD0048,ST001,EMP001,2,29,Cash,Completed
TXN000327,2025-03-18,CUST0036,PROD0004,ST002,EMP007,8,29,Cash,Completed
TXN002088,2025-07-30,CUST0043,PROD0022,ST005,EMP005,4,28,KHALTI,Cancelled
TXN002354,2025-12-14,CUST0006,PROD0046,ST005,EMP015,3,3,Card,Returned
TXN002295,2025-10-24,CUST0071,PROD0032,ST004,EMP014,1,24,Cash,Completed
TXN003304,2025-01-30,CUST0070,PROD0029,ST004,EMP019,4,4,Bank Transfer,Completed
TXN003846,2025-01-18,CUST0006,PROD0039,ST002,EMP017,1,19,Bank Transfer,Completed
TXN004942,2025-10-15,CUST0099,PROD0034,ST003,EMP008,8,25,Khalti,Completed
TXN003257,2025-08-15,CUST0084,PROD0046,ST002,EMP002,7,10,Cash,Completed
TXN002349,2025-04-12,CUST0079,PROD0051,ST005,EMP020,6,22,Khalti,Completed
TXN004159,2025-06-29,CUST0040,PROD0042,ST004,EMP009,1,13,Cash,Completed
TXN002517,2025-10-10,CUST0018,PROD0034,ST001,EMP001,7,13,Cash,Returned
TXN000283,2025-01-17,CUST0091,PROD0055,ST005,EMP010,5,7,eSewa,Completed
TXN000030,2025-10-15,CUST0091,PROD0009,ST002,EMP002,6,12,eSewa,Completed
TXN004740,2025-02-17,CUST0063,PROD0034,ST004,EMP014,8,10,eSewa,Returned
  TXN002766 ,2025-09-03,CUST0005,PROD0005,ST005,EMP010,8,,Card,Cancelled
TXN002789,2025-05-24,CUST0010,PROD0008,ST005,EMP010,4,9,Cash,Completed
TXN003288,2025-01-02,CUST0006,PROD0007,ST005,EMP020,6,15,Khalti,Completed
TXN003036 ,2025-10-15,CUST0092,PROD0008,ST001,EMP016,3,23,eSewa,Completed
TXN004606,2025-12-14,CUST0023,PROD0004,ST003,EMP013,7,22,Khalti,Completed
TXN000088,2025-04-19,CUST0051,PROD0014,ST003,EMP018,8,10,Bank Transfer,Returned
TXN002383,2025-11-15,CUST0014,PROD0044,ST004,EMP014,5,25,Cash,Returned
TXN002346,2025-04-09,CUST0025,PROD0059,ST004,EMP019,3,20,kHaLtI,Returned
TXN001344,2025-04-07,CUST0018,PROD0020,ST003,EMP003,8,29,eSewa,Returned
TXN000753,2025-12-11,CUST0027,PROD0035,ST001,EMP016,7,27,Bank Transfer,Completed
TXN002933,2025-12-29,CUST0089,PROD0042,ST001,EMP016,1,15,Khalti,Completed
TXN003113,2025-08-09,CUST0007,PROD0051,ST003,EMP013,8,29,Khalti,Returned
TXN001067,2025-09-23,CUST0014,PROD0041,ST001,EMP006,7,23,Khalti,Cancelled
TXN004356,2025-03-21,CUST0080,PROD0055,ST001,EMP006,5,4,Card,Completed
TXN004810,2025-09-01,CUST0057,PROD0037,ST002,EMP007,3,13,Khalti,Completed
TXN002816,2025-07-01,CUST0044,PROD0033,ST001,EMP006,4,13,eSewa,Completed
TXN003100,2025-07-18,CUST0024,PROD0048,ST002,EMP007,3,11,eSewa,Cancelled
TXN000779,2025-06-16,CUST0021,PROD0040,ST001,EMP006,8,24,eSewa,Completed
TXN004394,2025-02-10,CUST0075,PROD0047,ST004,EMP014,5,17,Bank Transfer,Completed
 TXN003387 ,2025-12-27,CUST0011,PROD0020,ST003,EMP008,2,11,eSewa,Completed
TXN003950,2025-03-24,CUST0099,PROD0019,ST005,EMP010,8,19,Card,Completed
TXN001668,2025-06-26,CUST0001,PROD0019,ST003,EMP008,4,30,Khalti,Cancelled
TXN002975,2025-01-16,CUST0061,PROD0004,ST004,EMP014,6,11,Bank Transfer,Completed
TXN002762,2025-12-21,CUST0077,PROD0015,ST004,EMP004,6,11,eSewa,Cancelled
TXN004630,2025-05-16,CUST0078,PROD0014,ST004,EMP014,8,24,Khalti,COMpLETED
TXN000613,2025-05-09,CUST0066,PROD0026,ST004,EMP014,3,22,eSewa,Completed
TXN004139,2025-04-14,CUST0094,PROD0049,ST005,EMP015,4,,Cash,Completed
TXN003343,2025-11-19,CUST0004,PROD0026,ST002,EMP017,3,19,Khalti,RETURNED
TXN002641,2025-03-22,CUST0033,PROD0004,ST001,EMP001,6,1,eSewa,Completed
TXN000948,2025-03-21,CUST0018,PROD0011,ST003,EMP013,3,11,Bank Transfer,Completed
TXN003817,2025-04-18,CUST0073,PROD0008,ST001,EMP011,6,7,eSewa,Completed
TXN003803,2025-08-26,CUST0010,PROD0033,ST005,EMP020,-2,22,Bank Transfer,Returned
TXN002852,2025-10-21,CUST0023,PROD0054,ST003,EMP008,3,9,CaSh,Returned
TXN001455,2025-06-14,CUST0095,PROD0035,ST002,EMP007,7,12,Card,Completed
TXN004591,2025-01-30,CUST0017,PROD0059,ST004,EMP014,7,5,CASH,Completed
TXN001575,2025-03-29,CUST0075,PROD0002,ST002,EMP017,4,1,Cash,Cancelled
TXN002869,2025-09-04,CUST0008,PROD0054,ST004,EMP014,7,28,eSewa,Completed
TXN000482,2025-03-08,CUST0050,PROD0058,ST003,EMP003,4,21,Khalti,Completed
TXN003878,2025-08-21,CUST0044,PROD0044,ST005,EMP010,5,27,Cash,Completed
TXN002338,2025-11-07,CUST0059,PROD0057,ST003,EMP013,2,8,Bank Transfer,Completed
TXN002783,2025-05-08,CUST0052,PROD0053,ST004,EMP004,2,27,Cash,Completed
TXN004438,2025-06-04,CUST0047,PROD0002,ST004,EMP019,5,,eSewa,Returned
TXN001471,2025-10-25,CUST0003,PROD0054,ST005,EMP020,4,21,Khalti,Completed
TXN003191,2025-10-30,CUST0049,PROD0049,ST003,EMP008,2,2,eSewa,CANCELLED
TXN000766,2025-03-13,CUST0073,PROD0018,ST004,EMP009,3,28,eSewa,Returned
TXN000812,2025-04-10,CUST0083,PROD0027,ST001,EMP006,4,30,eSewa,Completed
TXN003050,2025-12-11,CUST0044,PROD0028,ST003,EMP003,3,22,Khalti,Completed
TXN002137,2025-08-28,CUST0068,PROD0056,ST003,EMP003,1,19,eSewa,Completed
TXN003171,2025-08-25,CUST0086,PROD0040,ST005,EMP020,2,,Cash,Cancelled
TXN000402,2025-10-27,CUST0035,PROD0037,ST002,EMP017,4,16,Bank Transfer,Completed
TXN003814,2025-02-26,CUST0063,PROD0048,ST002,EMP012,3,23,Cash ,Completed
TXN001598,2025-01-21,CUST0035,PROD0040,ST003,EMP008,2,14,Khalti,Returned
TXN001849,2025-10-02,CUST0021,PROD0034,ST001,EMP006,1,6,Card,cOmplETED
TXN003274,2025-12-12,CUST0055,PROD0011,ST004,EMP004,7,23,Bank Transfer,Cancelled
TXN003538,2025-11-27,CUST0057,PROD0021,ST002,EMP017,5,22,eSewa,Returned
TXN003618,2025/31/12,CUST0071,PROD0017,ST005,EMP010,2,26,Khalti,Completed
TXN000896,2025-01-19,CUST0009,PROD0003,ST003,EMP018,4,11,Cash,Returned
TXN004926,2025-06-15,CUST0099,PROD0035,ST003,EMP003,8,28,eSewa,Completed
TXN002133,2025-12-16,CUST0063,PROD0046,ST005,EMP020,1,14,Bank Transfer,Completed
TXN001809,00/00/2025,CUST0084,PROD0014,ST005,EMP020,6,22,Khalti,Completed
TXN003009,2025-08-01,CUST0073,PROD0041,ST001,EMP011,6,7,Khalti,Completed
TXN000260,2025-12-14,CUST0012,PROD0047,ST005,EMP005,4,13,eSewa,Returned
TXN001129,2025-12-08,CUST0074,PROD0001,ST004,EMP009,2,8,Bank Transfer,Returned
TXN004808,2025-09-20,CUST0062,PROD0009,ST005,EMP005,6,2,Khalti,Returned
TXN004567,2025-07-23,CUST0028,PROD0030,ST005,EMP015,6,9,eSewa,Returned
TXN004601,2025-01-14,CUST0034,PROD0057,ST001,EMP001,3,13,Cash,Completed
TXN001354,2025-09-06,CUST0066,PROD0059,ST005,EMP005,3,17,Bank Transfer,Completed
TXN000754,2025-06-11,CUST0048,PROD0020,ST002,EMP017,8,19,Bank Transfer,Completed
TXN004497,2025-12-06,CUST0087,PROD0048,ST004,EMP014,6,28,Bank Transfer,Cancelled
TXN001202,2025-01-31,CUST0073,PROD0023,ST001,EMP011,1,25,Cash,Completed
TXN004321,2025-05-23,CUST0043,PROD0001,ST001,EMP006,8,26,Khalti,Completed
TXN003654,2025-06-26,CUST0022,PROD0048,ST001,EMP011,7,24,Cash,Returned
TXN002674,2025-06-01,CUST0011,PROD0043,ST004,EMP004,1,7,Khalti,RETURNED
TXN001315,2025-11-10,CUST0069,PROD0025,ST003,EMP013,6,10,Khalti,Completed
 TXN002220  ,2025-12-03,CUST0012,PROD0008,ST003,EMP018,5,11,Cash,Completed
TXN002817,2025-07-30,CUST0058,PROD0050,ST002,EMP002,7,20,Khalti,Completed
TXN001239,2025-05-27,CUST0024,PROD0025,ST004,EMP009,1,20,Bank Transfer,Returned
TXN000780,2025-06-11,CUST0040,PROD0022,ST005,EMP005,8,24,Khalti,Completed
TXN002746,2025-10-31,CUST0014,PROD0009,ST004,EMP014,8,5,Bank Transfer,Completed
TXN001520,2025-01-28,CUST0065,PROD0059,ST001,EMP001,7,30,Bank Transfer,Returned
TXN000861,2025-10-22,CUST0099,PROD0010,ST004,EMP019,4,7,Card,Completed
TXN002183,2025-04-20,CUST0006,PROD0043,ST004,EMP009,8,29,Khalti,Completed
TXN002842,2025-02-26,CUST0058,PROD0031,ST004,EMP009,5,27,Khalti ,Completed
TXN004332,2025-07-22,CUST0055,PROD0020,ST002,EMP012,4,16,Cash,Completed
TXN003081,2025-07-21,CUST0081,PROD0012,ST005,EMP020,8,15,eSewa,Cancelled
TXN003943,2025-03-28,CUST0021,PROD0008,ST002,EMP012,8,29,Card,Completed
TXN000026,2025-09-23,CUST0092,PROD0022,ST005,EMP005,8,4,eSewa,Returned
TXN001447,2025-04-04,CUST0009,PROD0059,ST001,EMP006,5,28,Khalti,Completed
TXN000288,2025-06-09,CUST0074,PROD0016,ST005,EMP010,6,0,Khalti,Cancelled
TXN000838,2025-08-14,CUST0077,PROD0024,ST005,EMP005,3,14,caSh,Returned
TXN003484,2025-10-06,CUST0049,PROD0048,ST003,EMP013,1,,eSewa,completed
TXN001449,2025-03-14,CUST0033,PROD0025,ST003,EMP013,1,14,CarD,Completed
TXN000362,2025-09-14,CUST0075,PROD0023,ST004,EMP009,4,26,Bank Transfer,Completed
TXN004666,2025-05-13,CUST0039,PROD0005,ST004,EMP014,5,28,Cash,Completed
TXN003755,2025-08-13,CUST0042,PROD0042,ST001,EMP016,2,11,Khalti,Returned
TXN002287,2025-09-01,CUST0091,PROD0037,ST001,EMP006,7,5,Khalti,Cancelled
TXN003585,2025-11-10,CUST0054,PROD0052,ST001,EMP016,8,22,Bank Transfer,Completed
TXN000840,2025-05-07,CUST0086,PROD0036,ST004,EMP004,6,15,CARD,Completed
TXN004041,2025-02-09,CUST0003,PROD0023,ST004,EMP009,2,18,Bank Transfer,Completed
TXN000230,2025-10-01,CUST0042,PROD0002,ST002,EMP007,1,8,Card,CANCELLED
TXN004125,2025-01-27,CUST0052,PROD0023,ST001,EMP006,5,16,Card,Completed
TXN001224,2025-01-22,CUST0032,PROD0024,ST004,EMP004,3,28,Cash,Completed
TXN004937,2025-07-22,CUST0078,PROD0046,ST001,EMP001,4,5,Card,Completed
TXN002950,2025-01-02,CUST0025,PROD0007,ST004,EMP014,6,26,Khalti,Returned
TXN003326,2025-01-27,CUST0027,PROD0026,ST005,EMP020,5,25,Khalti,Completed
TXN000315,2025-05-09,CUST0005,PROD0005,ST004,EMP004,8,20,Cash,Completed
TXN002147,2025-09-15,CUST0099,PROD0039,ST003,EMP003,2,15,Khalti,Returned
TXN000892,2025-09-12,CUST0093,PROD0046,ST002,EMP002,2,3,Bank Transfer,Completed
TXN000010,2025-12-05,CUST0042,PROD0007,ST005,EMP010,5,13,Card,Cancelled
TXN000034,2025-03-22,CUST0001,PROD0036,ST005,EMP005,7,15,Khalti,Cancelled
TXN001467,2025-04-07,CUST0064,PROD0040,ST003,EMP003,3,28,Card,Completed
TXN002025,2025-03-16,CUST0067,PROD0044,ST003,EMP018,6,17,Bank Transfer,Returned
TXN003061,2025-12-14,CUST0027,PROD0040,ST002,EMP017,2,1,Card,Cancelled
TXN004326,2025-09-09,CUST0096,PROD0008,ST003,EMP013,3,24,Khalti,Completed
TXN004530,2025-11-19,CUST0030,PROD0017,ST004,EMP014,2,15,Bank Transfer,Completed
TXN002324,2025-09-07,CUST0003,PROD0020,ST003,EMP003,8,8,Bank Transfer,Completed
TXN000269,2025-08-19,CUST0018,PROD0026,ST003,EMP018,1,22,Card,Completed
TXN003070,2025-06-19,CUST0036,PROD0055,ST002,EMP007,8,29,Cash,Completed
TXN001768,2025-01-24,CUST0096,PROD0019,ST001,EMP016,3,20,eSewa,Cancelled
TXN004067,2025-05-15,CUST0064,PROD0033,ST003,EMP003,8,6,Bank Transfer,Completed
TXN002618,2025-10-27,CUST0064,PROD0043,ST002,EMP017,1,4,Card,Completed
TXN003334,2025-12-18,CUST0021,PROD0046,ST001,EMP011,2,13,Cash,Returned
TXN003502,2025-12-11,CUST0079,PROD0005,ST003,EMP003,8,,eSewa,Completed
TXN001907,2025-08-14,CUST0080,PROD0050,ST002,EMP002,8,1,Card,Returned
TXN001642,2025-01-30,CUST0073,PROD0039,ST002,EMP017,1,20,eSewa,Completed
TXN000993  ,2025-05-07,CUST0076,PROD0036,ST001,EMP006,2,29,Bank Transfer,Cancelled
TXN003200,2025-06-22,CUST0023,PROD0047,ST001,EMP011,1,0,Bank Transfer,Cancelled
TXN004694,2025-09-24,CUST0037,PROD0025,ST001,EMP016,6,30,Bank Transfer,Completed
TXN004984,2025-03-23,CUST0070,PROD0044,ST001,EMP016,5,25,cash,Completed
TXN003166,2025-07-04,CUST0042,PROD0025,ST003,EMP018,1,12,eSewa,Returned
TXN002054,2025-10-23,CUST0052,PROD0051,ST003,EMP003,2,8,Bank Transfer,COmpLeTED
TXN001271,2025-05-19,CUST0037,PROD0015,ST005,EMP015,7,21,Bank Transfer,completed
TXN001800,2025-10-29,CUST0001,PROD0003,ST002,EMP007,6,30,Khalti,Completed
TXN001450,2025-06-19,CUST0009,PROD0023,ST004,EMP004,-6,6,Card,Completed
TXN001540,2025-12-16,CUST0090,PROD0031,ST005,EMP020,3,12,eSewa,Completed
TXN003981,2025-12-16,CUST0098,PROD0049,ST002,EMP002,1,29,eSewa,Completed
TXN002308,2025-03-11,CUST0007,PROD0004,ST005,EMP015,8,16,Cash,Completed
TXN002082,2025-10-04,CUST0087,PROD0011,ST003,EMP008,8,27,Card,Completed
TXN004112,2025-11-26,CUST0068,PROD0035,ST003,EMP003,3,1,Cash,Completed
TXN004506,2025-12-20,CUST0008,PROD0026,ST003,EMP013,3,30,Bank Transfer,Completed
TXN004485,2025-10-26,CUST0090,PROD0037,ST005,EMP015,5,5,Bank Transfer,Completed
TXN004358  ,2025-09-15,CUST0038,PROD0031,ST004,EMP019,8,25,eSewa,Completed
TXN000872,2025-12-07,CUST0081,PROD0056,ST005,EMP015,2,4,Card,Cancelled
TXN004667,2025-02-25,CUST0002,PROD0047,ST004,EMP014,3,8,Card,completed
TXN002881,2025-08-05,CUST0063,PROD0035,ST005,EMP020,8,22,Cash,Returned
TXN004520,2025-04-27,CUST0009,PROD0012,ST002,EMP007,7,9,Khalti,COMPLETED
TXN000162,2025-03-22,CUST0007,PROD0001,ST005,EMP020,8,2,Khalti,Completed
TXN003753,2025-07-07,CUST0020,PROD0023,ST003,EMP003,4,6,Cash,Completed
TXN004050,2025-05-24,CUST0021,PROD0054,ST004,EMP014,8,16,Khalti,Completed
TXN000537,2025-04-24,CUST0036,PROD0001,ST003,EMP008,7,3,Card,Returned
TXN004493,2025-02-13,CUST0051,PROD0008,ST002,EMP017,1,14,Bank Transfer,Completed
TXN003892,2025-04-14,CUST0088,PROD0026,ST002,EMP002,3,13,Khalti,Completed
TXN000864,2025-11-13,CUST0021,PROD0027,ST005,EMP005,7,15,eSewa,Cancelled
TXN002059,2025-08-05,CUST0082,PROD0015,ST001,EMP011,6,14,eSewa,Completed
TXN004325,2025-04-04,CUST0017,PROD0018,ST004,EMP019,6,0,eSewa,Completed
TXN001042,2025-01-24,CUST0055,PROD0028,ST003,EMP013,2,24,Cash,Completed
TXN004904,2025-07-19,CUST0048,PROD0015,ST005,EMP005,4,17,Khalti,Completed
TXN002099,2025-06-13,CUST0063,PROD0019,ST002,EMP012,3,25,Card,Completed
TXN000041,2025-04-22,CUST0097,PROD0035,ST001,EMP016,4,25,Cash,Returned
TXN003497,2025-04-21,CUST0067,PROD0059,ST001,EMP006,3,25,Khalti,Completed
TXN000778,2025-06-13,CUST0028,PROD0020,ST003,EMP008,8,19,Card,Returned
TXN000504,2025-10-17,CUST0005,PROD0059,ST004,EMP014,3,8,eSewa,Returned
TXN001932,2025-01-07,CUST0043,PROD0027,ST001,EMP016,1,4,Bank Transfer,Completed
TXN002067,2025-05-21,CUST0093,PROD0045,ST005,EMP015,1,4,Card,Cancelled
TXN003202,2025-12-24,CUST0029,PROD0037,ST004,EMP019,6,5,Bank Transfer,Cancelled
TXN004776,2025-09-03,CUST0021,PROD0018,ST001,EMP001,7,17,Bank Transfer,Completed
TXN004811,2025-02-15,CUST0095,PROD0024,ST003,EMP013,3,16,Card,Completed
TXN001906,2025-08-11,CUST0045,PROD0048,ST002,EMP017,7,5,Khalti,Completed
TXN003637,2025-09-08,CUST0023,PROD0005,ST001,EMP011,4,12,Khalti,Completed
TXN003797,2025-01-02,CUST0048,PROD0017,ST003,EMP018,6,28,Card,Completed
TXN004409,2025-12-23,CUST0041,PROD0057,ST005,EMP020,7,10,Cash,Completed
TXN001995,2025-12-04,CUST0092,PROD0037,ST003,EMP003,3,28,Bank Transfer,Completed
TXN001664,2025-01-03,CUST0027,PROD0031,ST005,EMP020,7,11,Cash,Completed
TXN002033,2025-03-12,CUST0029,PROD0006,ST001,EMP006,7,7,eSewa,Cancelled
TXN004659,2025-01-17,CUST0086,PROD0053,ST004,EMP014,1,6,Cash,Returned
TXN003241,2025-07-27,CUST0033,PROD0059,ST003,EMP008,1,18,Khalti,Completed
TXN003390,2025-11-27,CUST0063,PROD0021,ST005,EMP020,1,20,eSewa,Completed
TXN003157,2025-11-12,CUST0011,PROD0052,ST003,EMP018,2,8,eSewa,Returned
TXN003546,2025-07-23,CUST0011,PROD0043,ST002,EMP007,7,11,Cash,Returned
TXN004935,2025-09-02,CUST0097,PROD0037,ST003,EMP003,4,5,Cash,Cancelled
TXN001645,2025-12-25,CUST0024,PROD0017,ST004,EMP014,8,0,Cash,Cancelled
TXN002527,2025-04-07,CUST0077,PROD0032,ST002,EMP017,8,12,eSewa,Returned
TXN004669,2025-06-26,CUST0061,PROD0019,ST003,EMP018,2,26,Khalti,Cancelled
TXN000190,2025-07-20,CUST0084,PROD0050,ST001,EMP016,4,27,eSewa,Completed
TXN000622,2025-01-27,CUST0001,PROD0060,ST003,EMP018,5,1,eSewa,Completed
 TXN001820  ,2025-08-29,CUST0010,PROD0020,ST004,EMP014,8,20,Khalti,ReTurNed
TXN004920,2025-06-08,CUST0053,PROD0017,ST004,EMP019,2,11,Khalti,returned
TXN003434,2025-02-20,CUST0086,PROD0030,ST001,EMP001,3,19,Khalti,Completed
TXN002580,2025-02-06,CUST0041,PROD0058,ST004,EMP019,4,0,Card,Returned
TXN004176,2025-03-16,CUST0018,PROD0049,ST004,EMP004,7,26,Bank Transfer,Returned
TXN003496,2025-03-02,CUST0060,PROD0030,ST002,EMP012,4,14,Cash,Completed
TXN002227,2025-09-26,CUST0012,PROD0001,ST001,EMP001,7,24,eSewa,comPlEteD
TXN000265,2025-12-10,CUST0035,PROD0027,ST001,EMP001,4,29,Khalti,Returned
TXN002666,2025-12-28,CUST0006,PROD0034,ST002,EMP012,6,24,CARD,Completed
  TXN004621  ,2025-04-01,CUST0074,PROD0029,ST001,EMP006,3,30,Cash,Cancelled
TXN004794,2025-08-02,CUST0017,PROD0011,ST001,EMP006,5,4,Khalti,Completed
TXN002613,2025-01-25,CUST0046,PROD0051,ST003,EMP003,6,27,KHALTI,Returned
TXN003091,2025-07-05,CUST0082,PROD0028,ST004,EMP009,5,26,Cash,Completed
TXN000541,2025-06-06,CUST0040,PROD0041,ST003,EMP008,7,20,Cash,Completed
TXN002508,2025-11-22,CUST0040,PROD0014,ST001,EMP006,2,0,  Khalti  ,Completed
TXN001365,2025-09-05,CUST0083,PROD0005,ST003,EMP018,5,4,Card,Completed
TXN000153,2025-06-04,CUST0089,PROD0044,ST002,EMP007,7,8,Bank Transfer,Returned
TXN002835,2025-03-22,CUST0092,PROD0039,ST001,EMP016,8,18,Cash,Cancelled
TXN004102,2025-07-28,CUST0019,PROD0019,ST002,EMP007,3,13,Cash,Completed
TXN000557,2025-11-05,CUST0014,PROD0009,ST003,EMP003,2,28,Card,Completed
TXN002035,2025-06-26,CUST0091,PROD0023,ST003,EMP008,8,4,Cash,Completed
TXN004690  ,2025-08-13,CUST0071,PROD0038,ST004,EMP009,2,13,Khalti,Completed
TXN001335,2025-01-16,CUST0030,PROD0032,ST001,EMP011,4,13,Cash,Completed
TXN001298,2025-06-01,CUST0023,PROD0053,ST004,EMP014,3,10,eSewa,Returned
TXN001878,2025-04-08,CUST0079,PROD0001,ST002,EMP007,1,9,Card,Completed
TXN000868,2025-09-20,CUST0047,PROD0055,ST001,EMP006,5,0,Khalti,Completed
TXN001532,2025-09-10,CUST0088,PROD0024,ST005,EMP020,8,12,Cash,Completed
TXN004322,2025-02-13,CUST0007,PROD0027,ST005,EMP010,3,2,KHALTI,Cancelled
TXN004782,2025-01-14,CUST0091,PROD0015,ST002,EMP007,6,12,Bank Transfer,Completed
TXN000680,2025-12-03,CUST0049,PROD0054,ST002,EMP007,3,2,Cash,Completed
TXN002897,2025-11-06,CUST0009,PROD0022,ST002,EMP012,4,15,Khalti,Cancelled
TXN002585,2025-08-02,CUST0087,PROD0054,ST003,EMP008,1,15,Cash,Returned
TXN002264,2025-12-19,CUST0071,PROD0054,ST005,EMP010,7,23,Cash,Completed
TXN000859,2025-07-29,CUST0071,PROD0056,ST005,EMP015,6,4,Khalti,Completed
TXN003471,2025-05-01,CUST0045,PROD0025,ST004,EMP004,6,24,  eSewa ,Completed
TXN002800,2025-11-27,CUST0023,PROD0048,ST003,EMP013,1,23,Cash,Completed
TXN000605,2025-10-20,CUST0041,PROD0022,ST005,EMP020,7,6,Bank Transfer,Cancelled
TXN003121,2025-11-23,CUST0071,PROD0060,ST004,EMP009,1,22, Khalti  ,Cancelled
TXN003169,2025-08-07,CUST0098,PROD0013,ST002,EMP007,6,16,Cash,Returned
TXN003768,2025-05-19,CUST0034,PROD0013,ST005,EMP015,8,,Khalti,Completed
TXN000636,2025-10-23,CUST0046,PROD0032,ST005,EMP005,7,6,Khalti,Cancelled
TXN002978,2025-06-27,CUST0035,PROD0038,ST005,EMP020,4,19,Bank Transfer,Completed
TXN002130,2025-11-10,CUST0077,PROD0023,ST001,EMP006,7,4,Cash,Cancelled
TXN000959,2025-12-11,CUST0060,PROD0059,ST003,EMP008,8,25,eSewa,Returned
TXN003671,2025-11-18,CUST0017,PROD0025,ST002,EMP012,7,29,eSewa,Completed
 TXN000905,2025-12-03,CUST0002,PROD0037,ST001,EMP006,2,22,eSewa,Cancelled
TXN004564,2025-06-30,CUST0089,PROD0020,ST001,EMP011,4,29,Card,Completed
TXN001751,2025-02-26,CUST0024,PROD0039,ST005,EMP015,6,9,eSewa,Completed
TXN002512,2025-10-11,CUST0015,PROD0060,ST005,EMP005,7,22,Bank Transfer,Returned
TXN004531,2025-12-26,CUST0008,PROD0023,ST003,EMP018,5,18,Card,Completed
TXN003917,2025-01-01,CUST0018,PROD0036,ST002,EMP002,3,22,Card,Cancelled
TXN002599,2025-11-10,CUST0042,PROD0043,ST002,EMP007,1,26,Bank Transfer,Completed
TXN001727,NaT,CUST0100,PROD0003,ST002,EMP012,3,20,Card,Returned
TXN002576,2025-01-17,CUST0030,PROD0053,ST004,EMP019,5,16,eSewa,Returned
TXN000046,2025-01-02,CUST0017,PROD0047,ST002,EMP017,1,23,Bank Transfer,Completed
TXN002466,2025-04-18,CUST0088,PROD0037,ST001,EMP001,7,23,esewa,Cancelled
TXN001602,2025-01-14,CUST0012,PROD0020,ST004,EMP009,4,29,BANK TRANSFER,Completed
TXN003704,2025-05-09,CUST0028,PROD0054,ST004,EMP019,1,1,eSewa,Cancelled
TXN001053,2025-03-02,CUST0045,PROD0027,ST001,EMP001,3,13,eSewa,Completed
TXN003756,2025-11-04,CUST0050,PROD0052,ST001,EMP006,7,8,Khalti,Returned
TXN001577,2025-10-06,CUST0026,PROD0038,ST001,EMP011,1,14,Bank Transfer,Completed
TXN002752,2025-05-19,CUST0034,PROD0055,ST004,EMP014,1,3,Card,Completed
TXN004295,2025-01-29,CUST0052,PROD0035,ST001,EMP016,2,26,Card,Completed
TXN002627,2025-06-18,CUST0093,PROD0020,ST001,EMP016,5,27,kHaLTI,Completed
TXN003429,2025-03-11,CUST0080,PROD0055,ST004,EMP019,7,26,eSewa  ,Completed
TXN002134,2025-05-03,CUST0052,PROD0005,ST005,EMP015,1,24,Bank Transfer,Completed
TXN002515,2025-12-04,CUST0035,PROD0030,ST005,EMP020,8,24, Khalti ,Cancelled
TXN000791,2025-07-01,CUST0099,PROD0053,ST002,EMP007,3,9,cARD,Completed
TXN002549,2025-09-27,CUST0075,PROD0032,ST003,EMP013,8,20,Bank Transfer,Completed
TXN004047,2025-05-24,CUST0047,PROD0037,ST003,EMP008,8,2,Bank Transfer,Cancelled
TXN004715,2025-05-10,CUST0022,PROD0004,ST003,EMP003,6,16,Khalti,Returned
TXN002467,2025-04-05,CUST0022,PROD0037,ST004,EMP014,7,4,Card,Completed
TXN000486,2025-04-22,CUST0090,PROD0047,ST003,EMP003,8,3,eSewa,Completed
TXN002096,2025-06-25,CUST0046,PROD0032,ST005,EMP010,6,10,eSewa,Cancelled
TXN003702,,CUST0010,PROD0027,ST004,EMP019,5,30,Cash,Completed
TXN004376,2025-01-11,CUST0057,PROD0017,ST004,EMP019,8,21,eSewa,Completed
TXN004611,2025-03-01,CUST0034,PROD0037,ST003,EMP018,8,26,Khalti,Completed
TXN003606,2025-10-06,CUST0041,PROD0018,ST003,EMP003,6,20,Cash,Completed
TXN004330,2025-03-15,CUST0096,PROD0015,ST004,EMP004,5,28,eSewa,Cancelled
TXN002273,2025-09-23,CUST0070,PROD0036,ST003,EMP008,3,2,Bank Transfer,Returned
TXN001565,2025-09-01,CUST0082,PROD0005,ST004,EMP014,8,28,Bank Transfer,Completed
TXN002811,2025-10-11,CUST0055,PROD0053,ST004,EMP004,3,16,Cash,Returned
TXN000480,2025-10-11,CUST0012,PROD0011,ST005,EMP010,3,15,Cash,Completed
TXN000565,2025-07-22,CUST0027,PROD0038,ST004,EMP009,3,13,eSewa,Completed
TXN002465,2025-08-13,CUST0004,PROD0004,ST005,EMP020,3,12,Khalti,Returned
TXN001537,2025-06-03,CUST0069,PROD0026,ST004,EMP019,7,12,Cash,Returned
TXN002954,2025-03-14,CUST0074,PROD0060,ST001,EMP001,8,27,eSewa,Completed
TXN002470,2025-09-24,CUST0071,PROD0025,ST002,EMP017,8,5,eSewa,Completed
TXN001143,2025-04-24,CUST0001,PROD0033,ST005,EMP005,5,16,card,Returned
TXN000478,2025-07-01,CUST0064,PROD0052,ST001,EMP001,6,24,Khalti,Cancelled
TXN003940,2025-08-28,CUST0070,PROD0026,ST004,EMP009,7,23,Khalti,Completed
TXN002545,2025-09-24,CUST0055,PROD0059,ST002,EMP002,2,3,eSewa,Completed
TXN000189,2025-09-17,CUST0094,PROD0005,ST003,EMP003,1,24,Bank Transfer,Completed
TXN000219,2025-07-04,CUST0058,PROD0048,ST004,EMP004,6,8,eSewa,Completed
TXN004148,2025-03-12,CUST0099,PROD0018,ST002,EMP007,6,21,Card,Returned
TXN002459,2025-10-17,CUST0087,PROD0025,ST004,EMP019,6,25,khALtI,Completed
TXN000234,2025-05-01,CUST0086,PROD0014,ST002,EMP002,7,8,Bank Transfer,Completed
TXN004116,2025-09-14,CUST0075,PROD0057,ST003,EMP018,8,11,Khalti,Completed
TXN003277,2025-04-07,CUST0008,PROD0002,ST002,EMP017,5,14,Card,Completed
TXN004718,2025-04-26,CUST0064,PROD0057,ST005,EMP015,4,13,Cash,Completed
TXN002279,2025-05-18,CUST0072,PROD0037,ST001,EMP001,7,25,Bank Transfer,Completed
TXN000924,2025-10-27,CUST0015,PROD0034,ST001,EMP001,1,10,Card,Completed
TXN003510,2025-08-31,CUST0046,PROD0035,ST002,EMP002,5,9,Khalti,Completed
TXN004846,2025-05-22,CUST0081,PROD0029,ST002,EMP012,7,29,Bank Transfer,Cancelled
TXN003214,2025-08-24,CUST0060,PROD0043,ST002,EMP002,2,23,Cash,Completed
TXN003849,2025-09-26,CUST0026,PROD0039,ST003,EMP018,6,12,eSewa,Completed
TXN001972,2025-04-20,CUST0093,PROD0018,ST005,EMP015,8,18,Bank Transfer,Returned
 TXN004823,2025-05-02,CUST0054,PROD0055,ST002,EMP012,4,7,Cash,Completed
TXN003936,2025-10-20,CUST0014,PROD0010,ST003,EMP008,6,24,eSewa,Returned
TXN001777,2025-07-28,CUST0053,PROD0056,ST001,EMP011,4,14,eSewa,Completed
TXN002704,2025-10-13,CUST0086,PROD0059,ST004,EMP014,3,11,Card,Cancelled
TXN003530,2025-05-26,CUST0026,PROD0037,ST004,EMP009,4,12,  CASH ,Completed
TXN000463,2025-04-13,CUST0007,PROD0028,ST003,EMP018,4,21,Khalti,Cancelled
TXN001915,2025-12-05,CUST0027,PROD0038,ST004,EMP014,3,16,Khalti,Completed
TXN002073,2025-01-02,CUST0089,PROD0014,ST004,EMP019,6,22,Khalti,Completed
TXN001758,2025-11-29,CUST0098,PROD0026,ST005,EMP015,1,23,Card,Completed
TXN002108,2025-11-17,CUST0020,PROD0015,ST005,EMP015,7,29,Cash,Completed
  TXN001077,2025-03-20,CUST0065,PROD0032,ST004,EMP014,3,15,Cash,Cancelled
TXN002749,2025-06-26,CUST0056,PROD0017,ST001,EMP006,3,23,Bank Transfer,Completed
TXN000020,2025-10-23,CUST0011,PROD0003,ST001,EMP001,5,13,baNK TRaNSFER,Cancelled
TXN001046,2025-07-28,CUST0095,PROD0058,ST003,EMP018,1,19,Cash  ,Completed
TXN000510,2025-04-09,CUST0026,PROD0004,ST001,EMP006,5,14,Bank Transfer,Completed
TXN001651,2025-06-20,CUST0032,PROD0020,ST001,EMP011,3,29,Cash,Cancelled
TXN003204,2025-10-24,CUST0044,PROD0016,ST001,EMP001,5,18,eSewa,Completed
TXN001891,2025-09-07,CUST0073,PROD0047,ST002,EMP002,1,26,Cash,Cancelled
TXN000115,2025-02-01,CUST0053,PROD0057,ST001,EMP016,2,6,Bank Transfer,Completed
TXN001442,2025-06-28,CUST0029,PROD0012,ST004,EMP019,4,30,Card,completed
TXN004788,2025-04-12,CUST0009,PROD0028,ST002,EMP012,2,2,eSewa,Completed
TXN003338,2025-08-27,CUST0047,PROD0008,ST004,EMP004,6,18,Card,Returned
TXN003021,2025-07-09,CUST0039,PROD0060,ST002,EMP012,5,7,KHALTi,Returned
TXN002590,2025-09-16,CUST0002,PROD0039,ST003,EMP018,4,7,eSewa,Completed
TXN002442,2025-04-07,CUST0005,PROD0034,ST002,EMP012,3,21,Bank Transfer,COMPLETED
TXN004486,2025-11-04,CUST0038,PROD0010,ST005,EMP015,7,,eSewa,Returned
TXN001291,2025-03-14,CUST0064,PROD0007,ST004,EMP004,8,7,Card,Returned
TXN000011,2025-01-30,CUST0056,PROD0018,ST005,EMP020,2,16,Card,Completed
TXN000441,2025-02-20,CUST0033,PROD0006,ST003,EMP013,3,24,Cash,Completed
TXN000884,2025-06-10,CUST0089,PROD0015,ST001,EMP011,8,18,eSewa,Cancelled
TXN001625,2025-05-21,CUST0072,PROD0058,ST001,EMP001,4,9,Khalti,Completed
TXN000043,2025-08-22,CUST0059,PROD0009,ST002,EMP002,1,9,Cash,COMPLETED
TXN004561,2025-06-28,CUST0047,PROD0038,ST002,EMP007,3,29,eSewa,Completed
TXN003742,2025-04-21,CUST0032,PROD0019,ST001,EMP016,3,19,Cash,Completed
TXN000355,2025-12-21,CUST0008,PROD0010,ST004,EMP019,3,11,Khalti,Cancelled
TXN002841,2025-12-01,CUST0015,PROD0002,ST004,EMP019,7,28,Bank Transfer,Cancelled
TXN002189,2025-05-21,CUST0067,PROD0008,ST001,EMP001,2,24,Cash,Completed
 TXN000856,2025-07-04,CUST0020,PROD0030,ST001,EMP016,4,5,Khalti,Completed
TXN003115,2025-12-14,CUST0035,PROD0030,ST003,EMP013,7,11,Khalti,COMPLETED
TXN004809,2025-06-29,CUST0027,PROD0018,ST001,EMP016,4,22,Khalti,COMPLETED
TXN001157,2025-05-29,CUST0099,PROD0027,ST001,EMP006,1,19,Bank Transfer,Completed
TXN000184,2025-12-13,CUST0038,PROD0041,ST003,EMP018,6,,Bank Transfer,CoMPleTed
TXN004474,2025-11-23,CUST0079,PROD0030,ST002,EMP007,3,10,Khalti,Completed
TXN002100,2025-03-14,CUST0066,PROD0047,ST001,EMP001,5,23,eSewa,Cancelled
TXN002461,2025-09-06,CUST0059,PROD0042,ST002,EMP007,7,9,Card,Completed
TXN002531,2025-08-21,CUST0064,PROD0030,ST004,EMP014,4,30,Khalti,Completed
 TXN001962  ,2025-06-17,CUST0044,PROD0010,ST005,EMP005,7,7,Cash,Completed
TXN002029,2025-08-08,CUST0091,PROD0051,ST005,EMP020,6,16,Card,Cancelled
TXN000411,2025-12-27,CUST0006,PROD0006,ST003,EMP013,5,24,Khalti,Returned
TXN003131,2025-01-30,CUST0004,PROD0060,ST002,EMP007,6,6,eSewa,Completed
TXN001571,2025-07-22,CUST0041,PROD0051,ST005,EMP020,5,7,Card,Completed
TXN004073,2025-03-02,CUST0021,PROD0055,ST003,EMP018,6,26,BANK TRANSFER,Returned
TXN002059,2025-08-05,CUST0082,PROD0015,ST001,EMP011,6,14,eSewa,Completed
TXN004919,2025-11-19,CUST0016,PROD0003,ST002,EMP007,5,6,Cash,Completed
TXN002193,2025-04-08,CUST0056,PROD0012,ST005,EMP015,5,19,Cash,Returned
TXN001005,2025-10-28,CUST0033,PROD0045,ST004,EMP014,4,30,Bank Transfer,Returned
TXN004888,2025-04-23,CUST0030,PROD0055,ST001,EMP016,3,12,Card,Completed
TXN004706,2025-12-16,CUST0007,PROD0052,ST001,EMP001,8,4,Khalti,Completed
TXN004797,2025-03-10,CUST0037,PROD0047,ST002,EMP012,7,16,eSewa,Completed
TXN001608,2025-06-04,CUST0081,PROD0034,ST003,EMP013,3,1,Khalti,Cancelled
TXN000593,2025-03-21,CUST0036,PROD0030,ST004,EMP004,8,18,Cash,Returned
TXN001407,2025-01-24,CUST0098,PROD0042,ST005,EMP015,2,28,Card,Completed
TXN001440,2025-04-16,CUST0083,PROD0020,ST003,EMP018,8,18,eSewa,CoMPLEtEd
TXN004972,2025-11-18,CUST0036,PROD0060,ST004,EMP019,3,11,eSewa,Cancelled
TXN003638,2025-05-11,CUST0092,PROD0048,ST004,EMP019,8,24,eSewa,COMPLETED
TXN004142,2025-08-28,CUST0057,PROD0042,ST005,EMP010,6,5,eSewa,Completed
TXN002945,2025-10-19,CUST0047,PROD0029,ST002,EMP017,3,4,Bank Transfer,Completed
TXN004136,2025-09-11,CUST0034,PROD0020,ST002,EMP002,2,13,eSewa,Completed
TXN002658,2025-02-26,CUST0018,PROD0058,ST004,EMP004,8,0,Cash,Returned
TXN002216,2025-01-02,CUST0098,PROD0023,ST004,EMP014,8,5,Bank Transfer,Completed
TXN001295,2025-11-03,CUST0082,PROD0043,ST004,EMP014,6,14,Khalti,Completed
TXN004791,2025-05-27,CUST0017,PROD0041,ST002,EMP007,6,5,Bank Transfer,Cancelled
TXN003436,2025-09-21,CUST0041,PROD0008,ST003,EMP008,2,11,Khalti,completed
TXN002236,2025-04-27,CUST0079,PROD0026,ST002,EMP017,5,14,eSewa,Completed
TXN003812,2025-05-01,CUST0099,PROD0058,ST004,EMP014,5,23,Bank Transfer,Returned
TXN004744,2025-02-03,CUST0009,PROD0001,ST003,EMP013,3,15,eSewa,Completed
TXN003122,2025-12-15,CUST0008,PROD0026,ST003,EMP008,8,3,Card,Completed
TXN000998,2025-12-23,CUST0084,PROD0014,ST001,EMP001,1,14,Card,Completed
TXN000307,2025-06-26,CUST0027,PROD0037,ST001,EMP006,1,3,Cash,Completed
TXN003938,2025-09-25,CUST0005,PROD0040,ST002,EMP017,4,18,Bank Transfer,Completed
TXN004593,NaT,CUST0055,PROD0039,ST004,EMP004,6,10,eSewa,Completed
TXN001217,2025-09-26,CUST0009,PROD0023,ST001,EMP006,2,23,Cash,Cancelled
TXN001088,2025-10-15,CUST0090,PROD0038,ST004,EMP004,1,24,Khalti,Completed
TXN001259,2025-08-11,CUST0018,PROD0002,ST001,EMP001,3,27,Khalti,Completed
TXN001816,2025-11-15,CUST0084,PROD0050,ST002,EMP007,1,1,Bank Transfer,Completed
TXN000438,2025-07-22,CUST0053,PROD0025,ST005,EMP020,6,28,  Khalti  ,Cancelled
TXN001382,2025-11-10,CUST0059,PROD0016,ST003,EMP013,-1,24,Bank Transfer ,Completed
TXN004771,2025-06-16,CUST0012,PROD0013,ST004,EMP014,-2,6,Khalti,Completed
TXN004315 ,2025-04-20,CUST0069,PROD0036,ST002,EMP017,8,15,Cash,Returned
TXN002063,2025-09-24,CUST0085,PROD0003,ST005,EMP020,5,16,Cash,Completed
TXN002284,2025-07-01,CUST0014,PROD0017,ST004,EMP014,4,5,Cash,Completed
TXN003346,2025-01-23,CUST0034,PROD0019,ST002,EMP012,5,1,Card,Returned
TXN000157,2025-11-28,CUST0002,PROD0055,ST002,EMP002,3,30,Bank Transfer,Completed
TXN001151,2025-11-11,CUST0085,PROD0004,ST001,EMP011,3,1,Khalti,Completed
TXN004513,2025-01-25,CUST0055,PROD0015,ST003,EMP013,6,2,Khalti,Completed
TXN004590,2025-02-07,CUST0068,PROD0022,ST002,EMP012,2,15,Cash,Completed
TXN000881,2025-09-07,CUST0071,PROD0018,ST005,EMP010,8,5,Khalti,Cancelled
TXN001697,2025-05-07,CUST0032,PROD0024,ST002,EMP012,3,21,Card,Completed
TXN002286,2025-05-01,CUST0053,PROD0024,ST001,EMP011,4,10,Cash,Returned
TXN000634,2025-03-17,CUST0068,PROD0033,ST003,EMP008,2,10,Khalti,Completed
TXN001165,2025-07-23,CUST0058,PROD0029,ST003,EMP003,4,20,Card,Completed
TXN001410,2025-08-01,CUST0092,PROD0015,ST002,EMP002,2,16,Cash,Returned
TXN000179,,CUST0097,PROD0042,ST003,EMP018,6,19,Bank Transfer,Completed
TXN000091,2025/31/12,CUST0091,PROD0007,ST003,EMP003,2,21,khalti,Completed
TXN001605,2025-06-12,CUST0067,PROD0030,ST002,EMP017,4,0,eSewa,Completed
TXN000629,2025-01-26,CUST0057,PROD0018,ST002,EMP002,7,9,Card,Completed
TXN003035,2025-05-09,CUST0055,PROD0048,ST003,EMP008,4,2,Card,Completed
TXN002400,2025-08-14,CUST0025,PROD0047,ST005,EMP015,4,18,Card,Completed
  TXN001570  ,2025-02-28,CUST0059,PROD0024,ST004,EMP014,5,23,eSewa,Cancelled
TXN000051,2025-06-03,CUST0061,PROD0016,ST003,EMP018,3,17,Khalti,Completed
TXN003942,2025-06-04,CUST0064,PROD0009,ST002,EMP017,3,,Card,Cancelled
TXN001192,2025-01-03,CUST0076,PROD0021,ST004,EMP014,8,20,Cash,Returned
TXN000356,2025-04-04,CUST0066,PROD0013,ST003,EMP003,2,10,eSewa,Cancelled
TXN002657,2025-01-23,CUST0079,PROD0036,ST003,EMP003,5,30,eSewa,Returned
TXN002931,2025-03-26,CUST0095,PROD0051,ST002,EMP017,4,12,eSewa,Cancelled
TXN003455,2025-08-21,CUST0025,PROD0019,ST002,EMP007,2,20,Cash,Completed
TXN001744,2025-02-10,CUST0075,PROD0015,ST003,EMP003,8,11,eSewa,Completed
TXN001803,2025-01-01,CUST0054,PROD0028,ST002,EMP012,6,13,Cash,Cancelled
TXN001971,2025-07-01,CUST0003,PROD0013,ST003,EMP003,7,30,Card,Completed
TXN001312,2025-07-17,CUST0052,PROD0058,ST001,EMP001,2,20,eSewa,Returned
TXN003090,2025-02-09,CUST0037,PROD0005,ST004,EMP014,5,28,Khalti,Completed
TXN002876,2025-01-03,CUST0015,PROD0019,ST002,EMP017,8,2,khalti,Cancelled
 TXN000122 ,2025-06-21,CUST0091,PROD0043,ST003,EMP003,8,22,Cash,Completed
TXN004604,2025-03-03,CUST0091,PROD0018,ST005,EMP010,6,6, Khalti  ,Completed
TXN004063,2025-06-13,CUST0012,PROD0058,ST004,EMP014,2,0,Khalti,Cancelled
TXN002448,2025-05-17,CUST0096,PROD0056,ST004,EMP019,3,4,Cash,Completed
TXN000025,2025-02-19,CUST0088,PROD0040,ST005,EMP020,7,17,eSewa,Completed
TXN003470,2025-12-02,CUST0011,PROD0040,ST001,EMP016,7,9,Bank Transfer,Returned
TXN001158,2025-05-31,CUST0024,PROD0008,ST001,EMP006,3,13,Khalti,Cancelled
TXN001055,2025-03-16,CUST0087,PROD0054,ST004,EMP004,4,10,Cash,Completed
TXN001756,2025-06-27,CUST0001,PROD0029,ST001,EMP016,2,8,eSewa,Completed
TXN003197,2025-04-07,CUST0049,PROD0004,ST003,EMP008,2,15,Card,Completed
TXN000215,2025-12-19,CUST0090,PROD0034,ST004,EMP004,1,18,Cash,Completed
TXN004992,2025-06-09,CUST0063,PROD0016,ST005,EMP015,3,29,Cash,COMPLETED
TXN001634,2025-03-21,CUST0039,PROD0036,ST001,EMP011,1,13,Cash,Cancelled
TXN001896,2025-02-11,CUST0016,PROD0002,ST002,EMP012,5,2,Card,Returned
TXN002524,NaT,CUST0005,PROD0029,ST004,EMP009,5,22,Cash,Completed
TXN004763,2025-06-17,CUST0085,PROD0003,ST001,EMP006,7,24,CASH,Returned
TXN000007,2025-01-19,CUST0092,PROD0050,ST003,EMP003,5,28,Cash,Completed
TXN002934,2025-09-19,CUST0062,PROD0010,ST005,EMP020,4,18,Cash,Completed
TXN001372,2025-10-08,CUST0064,PROD0008,ST004,EMP004,2,,eSewa,Completed
TXN002103,2025-01-05,CUST0020,PROD0021,ST003,EMP008,2,30,Cash,Completed
TXN003985,2025-05-29,CUST0005,PROD0011,ST003,EMP013,7,29,eSewa,CANCELLED
TXN000291,2025-12-07,CUST0051,PROD0012,ST002,EMP012,6,14,Khalti,Completed
TXN001658,2025-08-24,CUST0051,PROD0019,ST005,EMP020,8,25,Cash,Returned
TXN000474,2025-10-07,CUST0038,PROD0054,ST003,EMP003,2,3,Cash,Completed
TXN002496,2025-03-29,CUST0064,PROD0012,ST002,EMP017,4,22,Khalti,Cancelled
 TXN002408  ,2025-11-29,CUST0081,PROD0035,ST002,EMP017,6,10,eSewa,Cancelled
TXN001945,2025-07-20,CUST0046,PROD0032,ST001,EMP011,7,16,Card,completed
TXN003395,2025-08-01,CUST0070,PROD0058,ST003,EMP018,6,6,eSewa,Returned
TXN000925,2025-11-18,CUST0023,PROD0025,ST004,EMP004,2,16,Card,Completed
TXN004817,2025-11-26,CUST0018,PROD0057,ST003,EMP008,6,6,kHaltI,Completed
TXN002996,2025-07-31,CUST0004,PROD0016,ST003,EMP013,1,17,Bank Transfer,Completed
TXN000164,2025-13-01,CUST0072,PROD0036,ST002,EMP002,5,20,Khalti,Completed
TXN000980,2025-05-01,CUST0037,PROD0050,ST003,EMP018,7,17,Card,Completed
TXN000075,2025-04-16,CUST0040,PROD0022,ST002,EMP012,8,23,Khalti,CompLeTED
TXN000367,2025-06-23,CUST0009,PROD0024,ST001,EMP006,4,3,Card,Completed
TXN002923,2025-01-19,CUST0010,PROD0019,ST004,EMP014,-2,13,Khalti,Completed
TXN002487,2025-01-04,CUST0066,PROD0015,ST001,EMP011,2,5,Khalti,Cancelled
TXN001942,2025-01-27,CUST0035,PROD0041,ST004,EMP019,5,26,eSewa,Completed
TXN004697,2025-12-23,CUST0049,PROD0041,ST001,EMP006,4,22,eSewa,ReturNeD
TXN003476,2025-08-13,CUST0001,PROD0035,ST002,EMP017,5,30,Bank Transfer,Completed
TXN001144,2025-08-06,CUST0057,PROD0039,ST002,EMP017,1,9,Cash,Completed
TXN000081,2025-12-30,CUST0053,PROD0044,ST001,EMP016,8,0,CARD,Completed
TXN004200,2025-04-02,CUST0028,PROD0012,ST003,EMP008,7,6,Cash,Returned
TXN004704,2025-01-18,CUST0100,PROD0027,ST003,EMP003,8,16,Cash,Returned
TXN002686,2025-05-10,CUST0042,PROD0038,ST001,EMP016,1,3,Cash,cancelled
TXN003054,2025-08-31,CUST0075,PROD0004,ST004,EMP019,5,17,eSewa,Cancelled
 TXN004901  ,2025-04-23,CUST0063,PROD0056,ST002,EMP017,2,15,eSewa,Completed
TXN003283,2025-04-21,CUST0006,PROD0005,ST001,EMP006,6,29,Card,Completed
TXN003675,2025-03-03,CUST0013,PROD0055,ST005,EMP020,5,30,Cash,Completed
TXN000839,2025-09-12,CUST0067,PROD0011,ST004,EMP019,4,29,eSewa,Completed
TXN003799,2025-01-29,CUST0051,PROD0040,ST001,EMP016,4,14,Bank Transfer,Cancelled
TXN003233,2025-06-24,CUST0055,PROD0001,ST001,EMP016,6,20,Cash,COMpLeteD
TXN002165,2025-04-20,CUST0065,PROD0029,ST005,EMP010,2,25,Cash,Returned
TXN004512,2025-06-15,CUST0016,PROD0038,ST002,EMP002,3,22,eSewa,Cancelled
TXN003620,2025-04-07,CUST0045,PROD0057,ST003,EMP003,8,8,Cash,Cancelled
TXN001967,2025-01-13,CUST0053,PROD0001,ST004,EMP019,5,2,Bank Transfer,Returned
TXN001269,2025-06-28,CUST0098,PROD0022,ST004,EMP019,5,9,eSewa,Completed
TXN004120,2025-03-09,CUST0006,PROD0035,ST005,EMP020,7,7,Khalti,Cancelled
TXN004247,2025-12-20,CUST0087,PROD0018,ST004,EMP014,7,1,eSewa,Cancelled
TXN003238,2025-10-14,CUST0007,PROD0046,ST001,EMP011,7,18,Cash,Completed
TXN002953,2025-02-28,CUST0033,PROD0042,ST005,EMP010,7,21,Bank Transfer,Cancelled
TXN001790,2025-10-11,CUST0038,PROD0018,ST005,EMP010,5,0,  Card ,Cancelled
TXN000427,2025-12-15,CUST0038,PROD0027,ST002,EMP017,5,11,Cash,Completed
TXN004007,2025-02-10,CUST0041,PROD0002,ST005,EMP015,2,24,eSewa,completed
TXN001159,2025-04-01,CUST0050,PROD0002,ST003,EMP003,5,11,Bank Transfer,Completed
TXN000756,2025-07-25,CUST0099,PROD0050,ST001,EMP006,7,28,Bank Transfer,Completed
TXN000964,2025-09-09,CUST0016,PROD0020,ST002,EMP012,7,27,Card,Completed
TXN001996,2025-05-04,CUST0023,PROD0025,ST004,EMP004,8,19,Bank Transfer,Completed
TXN001905,2025-10-23,CUST0020,PROD0011,ST005,EMP015,4,30,Cash,Completed
TXN004230,2025-05-14,CUST0092,PROD0030,ST004,EMP004,5,25,Cash,Returned
TXN001566,2025-05-19,CUST0027,PROD0024,ST004,EMP004,1,14,Card,Completed
TXN002367,2025-03-13,CUST0031,PROD0043,ST001,EMP011,1,9,Bank Transfer,Completed
TXN002874,2025-03-16,CUST0080,PROD0060,ST005,EMP005,7,16,Bank Transfer,Completed
TXN001913,2025-06-29,CUST0002,PROD0017,ST002,EMP017,5,0,eSewa,Completed
TXN003366,2025-06-27,CUST0040,PROD0037,ST004,EMP009,2,21,Cash,Cancelled
TXN001653,2025-03-16,CUST0075,PROD0050,ST003,EMP018,2,23,Khalti,Completed
  TXN004750  ,2025-04-15,CUST0096,PROD0024,ST004,EMP019,7,4,Khalti,Completed
TXN000626,2025-12-29,CUST0041,PROD0049,ST002,EMP017,8,3,Card,Completed
TXN003852,2025-11-15,CUST0070,PROD0008,ST002,EMP017,2,13,Cash,Completed
TXN000551,2025-08-11,CUST0055,PROD0039,ST001,EMP011,8,24,Khalti,Completed
TXN001395,2025-11-17,CUST0047,PROD0032,ST001,EMP001,4,27,Card,Completed
TXN002535,2025-06-02,CUST0081,PROD0008,ST001,EMP011,5,5,Cash,Completed
TXN003997,2025-12-21,CUST0006,PROD0053,ST004,EMP004,1,6,Cash,Completed
  TXN003164 ,2025-06-07,CUST0032,PROD0018,ST004,EMP014,2,28,Card,Completed
TXN001867,2025-08-26,CUST0045,PROD0014,ST004,EMP004,8,1,Cash,Completed
TXN002870,2025-07-12,CUST0065,PROD0054,ST004,EMP009,3,26,eSewa,Completed
TXN001311,2025-12-11,CUST0092,PROD0039,ST003,EMP008,4,23,Bank Transfer,Cancelled
TXN003397,2025-11-17,CUST0016,PROD0032,ST005,EMP010,4,20,Card,Cancelled
TXN000044,2025-01-31,CUST0090,PROD0005,ST002,EMP012,2,9,Khalti,Completed
TXN003172,2025-10-07,CUST0049,PROD0004,ST002,EMP007,1,19,Card,Completed
TXN003078,2025-06-21,CUST0053,PROD0005,ST003,EMP018,5,17,Khalti,Completed
TXN002655,2025-08-02,CUST0015,PROD0013,ST001,EMP006,2,2,eSewa,Completed
TXN002330,2025-01-27,CUST0068,PROD0055,ST004,EMP019,8,3,Khalti,Completed
TXN004814,2025-02-01,CUST0068,PROD0059,ST002,EMP017,4,12,eSewa,Completed
TXN002770,2025-11-12,CUST0092,PROD0035,ST002,EMP017,3,7,Bank Transfer,Completed
TXN003162,2025-06-07,CUST0084,PROD0029,ST003,EMP013,5,30,eSewa,Completed
TXN002234,2025-07-21,CUST0098,PROD0056,ST004,EMP014,5,20,Khalti,Completed
TXN003266,2025-06-18,CUST0058,PROD0024,ST005,EMP020,4,30,Card,Completed
TXN003464,2025-02-27,CUST0061,PROD0009,ST002,EMP007,2,29,Cash,Cancelled
TXN004970,2025-11-28,CUST0081,PROD0053,ST005,EMP020,8,4,eSewa,Completed
TXN003339,2025-04-02,CUST0087,PROD0051,ST004,EMP009,3,28,eSewa,Completed
TXN003016,2025-04-27,CUST0063,PROD0006,ST003,EMP018,7,9,Khalti,Completed
 TXN000742,2025-12-16,CUST0054,PROD0012,ST004,EMP009,2,21,Cash,Cancelled
TXN003295,2025-11-19,CUST0048,PROD0013,ST004,EMP004,1,24,eSewa,Completed
TXN002827,2025-01-03,CUST0046,PROD0020,ST004,EMP014,1,1,Cash,Completed
TXN004586,2025-08-28,CUST0008,PROD0034,ST001,EMP011,1,15,cArD,Returned
TXN003413,2025-03-29,CUST0021,PROD0005,ST003,EMP013,6,28,Bank Transfer,Completed
TXN003869,2025-07-07,CUST0090,PROD0046,ST004,EMP009,8,29,Bank Transfer,Cancelled
TXN001006,2025-07-02,CUST0042,PROD0003,ST003,EMP008,8,15,Card,COMPLETED
TXN004982,2025-09-29,CUST0099,PROD0048,ST001,EMP016,2,13,Bank Transfer,Completed
TXN000758,2025-12-16,CUST0098,PROD0030,ST001,EMP011,2,13,Khalti,Completed
TXN004541,2025-07-16,CUST0057,PROD0030,ST005,EMP015,4,6,Bank Transfer,Completed
  TXN001394,2025-06-06,CUST0040,PROD0025,ST004,EMP009,3,13,Card,Cancelled
TXN004757,2025-11-02,CUST0092,PROD0028,ST001,EMP011,3,7,eSewa,Cancelled
TXN000745,2025-08-11,CUST0079,PROD0047,ST002,EMP017,1,27,Khalti,Completed
TXN001609,2025-02-06,CUST0085,PROD0013,ST004,EMP019,6,23,Card,Completed
TXN002221,2025-12-29,CUST0088,PROD0006,ST003,EMP018,1,30,Card,Completed
TXN000284,2025-02-17,CUST0005,PROD0050,ST002,EMP012,8,28,Bank Transfer,Completed
TXN004279,2025-07-08,CUST0044,PROD0050,ST003,EMP003,5,0,Cash,Completed
TXN001282,2025-01-05,CUST0020,PROD0040,ST002,EMP017,3,18,Cash,COMPLETED
TXN000133,2025-03-17,CUST0054,PROD0008,ST002,EMP017,2,3,eSewa,Returned
TXN002363,2025-07-09,CUST0055,PROD0031,ST001,EMP016,2,21,Cash,Completed
TXN000312,2025-07-12,CUST0012,PROD0055,ST004,EMP004,3,8,eSewa,Completed
TXN001393,2025-01-16,CUST0009,PROD0023,ST004,EMP014,5,0,Khalti,Cancelled
TXN004292,2025-02-20,CUST0044,PROD0037,ST004,EMP014,2,11,Card,Completed
TXN000991,2025-10-09,CUST0007,PROD0018,ST003,EMP008,2,18,Bank Transfer,Completed
TXN003866,2025-07-13,CUST0067,PROD0030,ST002,EMP012,7,22,Cash,Completed
TXN004969,2025-02-27,CUST0069,PROD0006,ST003,EMP018,7,14,eSewa,Completed
TXN000775,2025-11-22,CUST0100,PROD0042,ST005,EMP015,8,13,Bank Transfer,Completed
TXN004664,2025-04-19,CUST0057,PROD0053,ST004,EMP004,-2,26,Khalti,Returned
TXN004698,2025-02-03,CUST0079,PROD0014,ST001,EMP006,5,2,Cash,Completed
  TXN003223  ,2025-10-26,CUST0005,PROD0007,ST004,EMP014,4,18,Cash,Cancelled
TXN002575,2025-09-17,CUST0005,PROD0029,ST002,EMP002,6,24,Card,Cancelled
TXN002358,2025-08-05,CUST0006,PROD0009,ST005,EMP015,2,17,Khalti,Cancelled
TXN001333,2025-05-13,CUST0047,PROD0020,ST002,EMP002,8,7,eSewa,Cancelled
TXN002992,2025-11-06,CUST0076,PROD0052,ST004,EMP019,5,12,Bank Transfer,Completed
TXN000296,2025-11-12,CUST0058,PROD0035,ST005,EMP005,8,10,eSewa,Returned
TXN000487,2025-08-25,CUST0033,PROD0014,ST001,EMP006,1,23,Khalti,Completed
TXN004514,2025-04-12,CUST0032,PROD0013,ST005,EMP015,6,12,Bank Transfer,cANceLLeD
TXN000863,2025-11-16,CUST0040,PROD0054,ST002,EMP007,6,15,eSewa,Cancelled
TXN000654,2025-11-13,CUST0076,PROD0038,ST001,EMP011,7,23,Card,Completed
TXN004460,2025-03-22,CUST0023,PROD0043,ST005,EMP015,5,25,Bank Transfer,Completed
TXN003745,2025-10-05,CUST0068,PROD0018,ST005,EMP020,1,29,Cash,Returned
TXN003765,2025-04-13,CUST0044,PROD0001,ST005,EMP010,3,30,Cash,Cancelled
TXN000570,2025-06-30,CUST0030,PROD0028,ST001,EMP001,5,12,Cash,Completed
TXN002315,2025-03-05,CUST0033,PROD0028,ST003,EMP013,3,18,Cash,Returned
TXN001858,2025-06-26,CUST0035,PROD0027,ST004,EMP009,4,1,Bank Transfer,Completed
TXN001493,2025-02-16,CUST0053,PROD0039,ST002,EMP007,3,7,Cash,Completed
TXN001419,2025-13-01,CUST0012,PROD0006,ST003,EMP018,2,15,Khalti,Completed
TXN002560,2025-06-25,CUST0020,PROD0046,ST002,EMP007,3,22,eSewa,Completed
TXN001079,2025-07-11,CUST0023,PROD0050,ST003,EMP018,5,12,Khalti,Returned
TXN004488,2025-03-26,CUST0098,PROD0011,ST004,EMP019,2,18,eSewa,Completed
TXN000382,2025-01-19,CUST0056,PROD0028,ST003,EMP018,4,8,eSewa,Cancelled
TXN004037,2025-12-11,CUST0066,PROD0038,ST002,EMP007,3,9,Bank Transfer,Completed
TXN000876,2025-12-16,CUST0068,PROD0001,ST003,EMP008,5,1,Cash,Completed
TXN003242,2025-09-13,CUST0052,PROD0006,ST003,EMP013,7,19,Cash,Completed
TXN001898,2025-08-20,CUST0005,PROD0023,ST002,EMP007,1,4,eSewa,Cancelled
TXN001170,2025-10-02,CUST0083,PROD0039,ST003,EMP008,8,8,Bank Transfer,Cancelled
TXN002388,2025-01-18,CUST0034,PROD0051,ST003,EMP013,5,1,Khalti,Completed
TXN003245,2025-05-09,CUST0065,PROD0052,ST003,EMP018,4,14,eSewa,Completed
TXN004652,2025-10-13,CUST0010,PROD0053,ST005,EMP020,7,24,Cash,Completed
TXN002254,2025-06-17,CUST0046,PROD0014,ST005,EMP020,1,2,Bank Transfer,Completed
TXN000609,2025-07-05,CUST0012,PROD0005,ST001,EMP006,4,0,Khalti,Completed
TXN003952,2025-04-08,CUST0078,PROD0035,ST004,EMP014,8,4,eSewa,Cancelled
TXN003655  ,2025-11-13,CUST0093,PROD0047,ST004,EMP019,2,9,CASH,Completed
TXN000089,2025-08-24,CUST0006,PROD0007,ST002,EMP002,1,14,Khalti,Completed
TXN004695,2025-06-22,CUST0094,PROD0025,ST004,EMP009,1,20,Card,Completed
TXN000498,2025-12-07,CUST0032,PROD0014,ST001,EMP011,4,7,Bank Transfer,Completed
TXN003626,2025-04-17,CUST0042,PROD0004,ST005,EMP020,3,1,esewa,Returned
TXN004443,2025-05-12,CUST0065,PROD0033,ST004,EMP004,1,3,Cash,Completed
TXN002889,2025-10-16,CUST0092,PROD0049,ST003,EMP008,4,8,Khalti,Completed
TXN002023,2025-04-27,CUST0067,PROD0038,ST004,EMP019,1,8,Khalti,Completed
TXN001248,2025-12-21,CUST0019,PROD0011,ST003,EMP008,8,28,Bank Transfer,returned
TXN002322,2025-08-02,CUST0058,PROD0042,ST002,EMP012,3,6,Bank Transfer,Completed
TXN002316,2025-10-12,CUST0028,PROD0041,ST002,EMP002,8,20,Khalti,Returned
TXN001538,2025-01-04,CUST0059,PROD0026,ST003,EMP018,6,5,Card,Cancelled
TXN001122,2025-07-31,CUST0027,PROD0002,ST002,EMP002,4,24,Cash,Completed
TXN002486,2025-11-09,CUST0065,PROD0017,ST001,EMP016,8,,Card,Completed
TXN002948,2025-01-26,CUST0060,PROD0025,ST004,EMP004,3,0,Cash,Completed
TXN000614,2025-08-17,CUST0093,PROD0032,ST002,EMP007,7,10,Bank Transfer,Completed
TXN002058,2025-12-12,CUST0005,PROD0006,ST001,EMP006,3,11,Bank Transfer,Returned
TXN001584,2025-11-20,CUST0013,PROD0021,ST002,EMP007,1,14,Cash,Completed
TXN000492,2025-06-17,CUST0006,PROD0027,ST001,EMP006,6,6,Bank Transfer,Completed
TXN004447,2025-10-30,CUST0100,PROD0013,ST004,EMP004,5,17,Card,Completed
TXN002857,2025-11-13,CUST0026,PROD0011,ST002,EMP012,3,20,eSewa,Cancelled
TXN000293,2025-03-23,CUST0031,PROD0040,ST004,EMP014,8,26,Bank Transfer,Completed
TXN001040,2025-03-22,CUST0025,PROD0011,ST004,EMP014,4,2,Card,Completed
TXN003132,2025-09-25,CUST0008,PROD0045,ST002,EMP017,8,24,Card,Completed
TXN000464,2025-06-18,CUST0043,PROD0040,ST004,EMP019,3,29,Cash,COMPLETED
TXN000500,2025-05-08,CUST0032,PROD0028,ST002,EMP007,5,20,Card,Completed
TXN002829,2025-04-09,CUST0057,PROD0028,ST001,EMP011,1,23,Cash,Completed
TXN001215,2025-08-23,CUST0002,PROD0057,ST001,EMP006,6,8,Khalti,Completed
TXN001785,2025-07-19,CUST0041,PROD0015,ST004,EMP009,4,0,Khalti,Returned
TXN002507,2025-01-14,CUST0095,PROD0013,ST001,EMP011,2,9,Card,Cancelled
TXN004680,NaT,CUST0099,PROD0002,ST002,EMP002,6,13,Bank Transfer,Completed
TXN002057,2025-07-10,CUST0004,PROD0047,ST002,EMP012,1,18,Khalti,Completed
TXN000961,2025-09-18,CUST0056,PROD0031,ST001,EMP001,5,12,Cash,Returned
TXN002801,2025-11-05,CUST0059,PROD0060,ST004,EMP004,3,26,Card,Completed
TXN002091,2025-12-20,CUST0046,PROD0035,ST001,EMP011,8,13,Card,Completed
TXN002808,2025-02-24,CUST0031,PROD0042,ST003,EMP003,1,30,Cash,Completed
TXN004861,2025-12-09,CUST0087,PROD0034,ST005,EMP015,4,10,Bank Transfer,Completed
TXN002880,2025-10-28,CUST0071,PROD0049,ST001,EMP006,2,,Bank Transfer,Completed
  TXN000671 ,2025-07-14,CUST0057,PROD0003,ST003,EMP013,3,21,eSewa,Completed
TXN001388,2025-03-12,CUST0012,PROD0045,ST003,EMP018,4,24,eSewa,Completed
TXN002209,2025-05-12,CUST0092,PROD0058,ST005,EMP010,5,3,Cash,Completed
TXN000688,2025-11-29,CUST0076,PROD0038,ST001,EMP001,8,16,Bank Transfer,Completed
TXN002340,2025-01-07,CUST0038,PROD0012,ST003,EMP008,3,23,eSewa,Completed
TXN000598,2025-11-21,CUST0058,PROD0054,ST001,EMP001,8,1,Card,Cancelled
TXN001968,2025-07-13,CUST0017,PROD0047,ST005,EMP020,3,13,Bank Transfer,Returned
TXN001057,2025-11-10,CUST0011,PROD0043,ST003,EMP003,6,0,Cash,Completed
TXN004753,2025-01-12,CUST0049,PROD0020,ST001,EMP011,7,11,Bank Transfer,Completed
TXN002815,2025-04-02,CUST0004,PROD0043,ST002,EMP017,4,25,Card,Cancelled
TXN002292,2025-05-26,CUST0031,PROD0054,ST005,EMP015,4,9,Card,Completed
TXN001172,2025-02-15,CUST0033,PROD0025,ST005,EMP005,7,4,Card,Returned
TXN002015,2025-01-25,CUST0085,PROD0051,ST005,EMP005,6,14,Khalti,Cancelled
TXN000730,2025-07-31,CUST0036,PROD0009,ST001,EMP006,4,6,Card,Completed
TXN002283,2025-11-30,CUST0051,PROD0041,ST005,EMP005,7,19,eSewa,Completed
TXN001488,2025-11-04,CUST0052,PROD0010,ST001,EMP006,7,24,eSewa,Completed
TXN003348,2025-07-02,CUST0038,PROD0035,ST001,EMP001,2,29,Khalti,Completed
TXN002638,2025-02-28,CUST0020,PROD0058,ST005,EMP020,8,13,eSewa,Completed
TXN002519,2025-03-08,CUST0068,PROD0002,ST004,EMP004,5,16,eSewa,Returned
TXN003946,2025-08-12,CUST0034,PROD0045,ST003,EMP008,8,24,Khalti,Completed
TXN004569,2025-01-27,CUST0048,PROD0016,ST002,EMP017,3,16,Bank Transfer,Completed
TXN001267,2025-11-22,CUST0057,PROD0006,ST005,EMP015,6,7,esewa,Completed
TXN001443,2025-04-26,CUST0008,PROD0008,ST002,EMP012,6,21,Cash,Completed
TXN000377,2025-10-21,CUST0037,PROD0017,ST002,EMP007,7,30,Cash,Cancelled
TXN001093,2025-06-15,CUST0041,PROD0005,ST001,EMP011,6,20,Khalti,Returned
TXN003210,2025-03-21,CUST0099,PROD0021,ST005,EMP010,1,23,Card,Completed
TXN003958,2025-08-01,CUST0045,PROD0006,ST001,EMP016,5,20,Cash,Cancelled
TXN000389,2025-09-09,CUST0011,PROD0053,ST004,EMP009,8,10,Khalti,Completed
TXN002528,2025-02-03,CUST0014,PROD0046,ST005,EMP010,8,12,Cash,Completed
TXN003269,2025-05-17,CUST0035,PROD0042,ST003,EMP008,4,19,Khalti,Cancelled
TXN004595,2025-10-01,CUST0014,PROD0046,ST002,EMP017,4,27,Bank Transfer,Cancelled
TXN004842,2025-07-18,CUST0091,PROD0042,ST002,EMP007,4,4,khalti,Completed
TXN000538,2025-05-25,CUST0045,PROD0045,ST002,EMP017,5,5,eSewa,Completed
TXN003416,2025-10-25,CUST0051,PROD0030,ST002,EMP002,7,2,Cash,CoMpLeTEd
TXN001920,2025-07-23,CUST0007,PROD0015,ST001,EMP006,1,10, eSewa  ,Cancelled
TXN000897,2025-11-15,CUST0069,PROD0001,ST005,EMP005,5,12,Card,Completed
TXN004251,2025-09-24,CUST0003,PROD0023,ST005,EMP020,2,20,Bank Transfer,Completed
TXN003158,2025-04-05,CUST0074,PROD0056,ST002,EMP002,7,0,Khalti,CANCELLED
TXN001345,2025-08-06,CUST0035,PROD0051,ST004,EMP004,8,12,Bank Transfer,Completed
TXN001735,2025-03-20,CUST0039,PROD0034,ST003,EMP013,1,15,eSewa,Returned
TXN003628,2025-06-27,CUST0013,PROD0013,ST002,EMP012,7,20,Khalti,Completed
TXN004538,2025-03-15,CUST0076,PROD0041,ST003,EMP018,4,18,Khalti,Completed
TXN001252,2025-03-09,CUST0042,PROD0029,ST002,EMP007,3,6,Card,Completed
TXN003644,2025-10-08,CUST0032,PROD0012,ST005,EMP015,2,4,Khalti,Returned
TXN004448,2025-02-23,CUST0030,PROD0024,ST004,EMP014,7,10,eSewa,Completed
 TXN004907 ,2025-01-13,CUST0052,PROD0048,ST004,EMP014,8,22,KHALTI,Completed
TXN003919,2025-10-04,CUST0098,PROD0028,ST001,EMP001,3,0,  Cash ,Completed
TXN001784,2025-01-20,CUST0091,PROD0013,ST001,EMP006,2,18,Bank Transfer,Completed
TXN004772,2025-11-11,CUST0002,PROD0040,ST005,EMP005,7,15,Khalti,Cancelled
TXN003551,2025-03-28,CUST0013,PROD0007,ST004,EMP009,1,11,Cash,Completed
TXN000149,2025-01-10,CUST0097,PROD0054,ST001,EMP011,1,22,eSewa,Completed
TXN003231,2025-10-11,CUST0012,PROD0055,ST004,EMP004,-5,0,Bank Transfer,Completed
TXN000932,2025-05-30,CUST0016,PROD0047,ST001,EMP006,4,26,eSewa,Completed
TXN003889,2025-10-06,CUST0050,PROD0048,ST004,EMP009,5,25,Cash,Completed
TXN002313,2025-09-18,CUST0063,PROD0047,ST004,EMP004,8,14,Bank Transfer,Completed
TXN001073,2025-01-20,CUST0021,PROD0009,ST001,EMP001,6,22,Card,Cancelled
TXN003944,2025-03-23,CUST0050,PROD0056,ST003,EMP013,7,25,Bank Transfer,Completed
TXN004274,2025-02-08,CUST0010,PROD0045,ST002,EMP007,1,30,Cash,Completed
TXN000660,2025-01-12,CUST0007,PROD0039,ST003,EMP008,4,26,eSewa,Completed
TXN000901,2025-12-08,CUST0062,PROD0036,ST001,EMP016,4,0,Cash,returned
 TXN003643 ,2025-05-18,CUST0025,PROD0022,ST003,EMP013,7,6,Khalti,Cancelled
TXN002737,2025-07-14,CUST0075,PROD0016,ST005,EMP010,1,24,Cash,Completed
TXN002864,2025-08-19,CUST0036,PROD0037,ST005,EMP015,6,15,Card,Completed
TXN003870,2025-01-23,CUST0063,PROD0008,ST004,EMP004,4,15,eSewa,Completed
TXN003686,2025-03-29,CUST0037,PROD0016,ST005,EMP010,8,5,Bank Transfer,Returned
TXN001837,2025-10-19,CUST0096,PROD0001,ST003,EMP003,4,20,eSewa,Completed
TXN003255,2025-04-02,CUST0036,PROD0052,ST003,EMP008,3,8,eSewa,Completed
TXN004375,2025-10-13,CUST0098,PROD0024,ST001,EMP001,3,26,Card,Completed
TXN003039,2025-10-08,CUST0025,PROD0003,ST003,EMP018,6,28,Cash,Completed
TXN003375,2025-08-01,CUST0056,PROD0008,ST002,EMP017,8,2,Khalti,completed
TXN003721,2025-05-04,CUST0065,PROD0043,ST002,EMP002,5,12,Bank Transfer,Completed
TXN003523,2025-04-29,CUST0097,PROD0027,ST003,EMP008,6,27,Card,Completed
TXN002647,2025-03-11,CUST0061,PROD0015,ST005,EMP020,3,26,Khalti,Completed
TXN003957,2025-08-27,CUST0056,PROD0059,ST004,EMP014,4,15,Card,Returned
TXN003331,2025-07-15,CUST0074,PROD0041,ST001,EMP006,8,11,eSewa,Completed
TXN004549  ,2025-08-10,CUST0097,PROD0011,ST002,EMP017,2,,eSewa,Completed
TXN001176,2025-09-05,CUST0076,PROD0033,ST003,EMP003,5,27,Bank Transfer,Cancelled
TXN004237,2025-01-13,CUST0074,PROD0056,ST005,EMP010,7,27,Bank Transfer,Completed
TXN003633,2025-09-20,CUST0066,PROD0055,ST001,EMP006,6,6,Khalti,Completed
TXN003528,2025-01-23,CUST0093,PROD0025,ST005,EMP015,7,0,Bank Transfer,Completed
TXN004426,2025-10-27,CUST0016,PROD0005,ST003,EMP003,1,21,Cash,Returned
TXN000635,2025-06-04,CUST0059,PROD0001,ST002,EMP012,6,27, Bank Transfer,Completed
TXN001182,2025-07-09,CUST0079,PROD0005,ST001,EMP016,7,2,Bank Transfer,COMPleTed
TXN004661,2025-07-10,CUST0100,PROD0030,ST005,EMP005,1,9,eSewa,Returned
TXN001299,2025-10-03,CUST0093,PROD0007,ST002,EMP007,1,27,Card,Cancelled
TXN003884,2025-11-10,CUST0072,PROD0002,ST005,EMP015,4,5,Cash,Cancelled
TXN000982,2025-02-05,CUST0070,PROD0045,ST005,EMP010,2,27,Cash,Completed
TXN001485,2025-12-22,CUST0007,PROD0045,ST003,EMP008,2,13,Khalti,RetuRned
TXN002046,2025-03-16,CUST0022,PROD0058,ST005,EMP015,1,22,Bank Transfer,CANCELLED
TXN000675,2025-08-25,CUST0034,PROD0055,ST001,EMP011,1,30,eSewa,Completed
TXN003478,2025-06-12,CUST0079,PROD0042,ST002,EMP012,2,15,eSewa,Completed
TXN000485,2025-12-04,CUST0094,PROD0028,ST005,EMP020,3,22,Cash,Completed
TXN003369,2025-07-07,CUST0005,PROD0043,ST004,EMP004,4,16,Card,Completed
TXN004749,2025-01-04,CUST0094,PROD0023,ST002,EMP007,1,16,Cash,Completed
TXN001430,2025-08-26,CUST0095,PROD0031,ST002,EMP002,8,5,Khalti,Completed
TXN002272,2025-02-25,CUST0026,PROD0039,ST003,EMP018,6,5,khaltI,Completed
TXN001477,2025-06-18,CUST0056,PROD0022,ST002,EMP017,1,18,Khalti,Completed
TXN000558,2025-04-14,CUST0039,PROD0047,ST001,EMP011,3,17,eSewa,Returned
TXN000604,2025-08-01,CUST0040,PROD0054,ST004,EMP009,-4,1,Cash,Completed
TXN002148,2025-02-01,CUST0098,PROD0009,ST001,EMP011,3,19,Card,Completed
TXN002695,2025-08-01,CUST0050,PROD0018,ST005,EMP015,2,8,Bank Transfer,Cancelled
TXN003174,2025-09-04,CUST0090,PROD0060,ST003,EMP003,8,10,Bank Transfer,Cancelled
TXN002547,2025-04-23,CUST0015,PROD0056,ST004,EMP014,4,6,Card,Completed
TXN002464,2025-06-18,CUST0087,PROD0042,ST004,EMP014,4,14,Bank Transfer,Completed
  TXN004302  ,2025-10-30,CUST0060,PROD0038,ST005,EMP020,7,2,Card,Completed
TXN002332,2025-03-04,CUST0094,PROD0059,ST002,EMP017,4,12,eSewa,Cancelled
TXN000809,2025-09-29,CUST0030,PROD0045,ST003,EMP018,3,5,Bank Transfer,Completed
TXN000508,2025-06-26,CUST0014,PROD0041,ST003,EMP003,3,23,Khalti  ,Cancelled
TXN000132,2025-02-04,CUST0041,PROD0059,ST004,EMP009,2,10,eSewa,Returned
TXN004178,2025-08-06,CUST0038,PROD0059,ST001,EMP001,8,10,Bank Transfer,Completed
TXN003252,2025-04-12,CUST0052,PROD0013,ST003,EMP018,5,12,Bank Transfer,Completed
TXN004165,2025-11-02,CUST0075,PROD0058,ST003,EMP003,1,26,Cash,Completed
TXN002924,2025-02-19,CUST0093,PROD0016,ST005,EMP010,8,27,Khalti,Completed
TXN001188,2025-05-21,CUST0091,PROD0058,ST003,EMP008,1,4,eSewa,Completed
TXN001593,2025-03-24,CUST0001,PROD0022,ST005,EMP015,3,12,Bank Transfer,Returned
TXN001187,2025-10-23,CUST0100,PROD0033,ST004,EMP014,3,15,Cash,Cancelled
TXN000435,2025-06-06,CUST0067,PROD0010,ST002,EMP002,6,25,Card,Completed
TXN004168,2025-03-18,CUST0087,PROD0053,ST005,EMP015,4,28,Bank Transfer,Cancelled
TXN002428,2025-12-08,CUST0057,PROD0042,ST002,EMP012,8,11,Khalti,Cancelled
TXN003514,2025-05-04,CUST0031,PROD0037,ST002,EMP007,1,28,Card,Cancelled
TXN000212,2025-05-04,CUST0064,PROD0048,ST002,EMP007,5,7,Bank Transfer,Completed
TXN000882,2025-09-23,CUST0078,PROD0019,ST001,EMP016,8,0,eSewa,Cancelled
TXN000533,2025-04-18,CUST0046,PROD0039,ST002,EMP017,2,1,Card,Completed
TXN003666,2025-07-14,CUST0026,PROD0055,ST001,EMP011,7,9,Khalti,Cancelled
TXN000192,2025-02-02,CUST0029,PROD0049,ST002,EMP002,5,6,Bank Transfer,Completed
TXN000448  ,2025-06-24,CUST0032,PROD0043,ST004,EMP009,4,0,Card,Cancelled
TXN003730,2025-11-21,CUST0063,PROD0029,ST002,EMP002,5,10,Khalti,Returned
TXN004156,2025-09-12,CUST0003,PROD0012,ST005,EMP020,8,30,Bank Transfer,COMpLEteD
TXN001258,2025-10-19,CUST0043,PROD0028,ST001,EMP011,2,6,Bank Transfer,Completed
TXN000245,2025-10-16,CUST0093,PROD0021,ST004,EMP014,4,23,eSewa,Completed
TXN003159,2025-10-19,CUST0059,PROD0052,ST002,EMP012,8,24,eSewa,Completed
TXN001286,2025-01-27,CUST0085,PROD0052,ST001,EMP006,6,23,Khalti,Completed
TXN000520,2025-07-14,CUST0048,PROD0009,ST004,EMP019,1,6,Khalti,Completed
TXN000039,2025-05-14,CUST0075,PROD0047,ST005,EMP010,6,3,Khalti,Completed
TXN002518,2025-02-11,CUST0003,PROD0059,ST003,EMP013,3,9,Card,Completed
TXN004009,2025-13-01,CUST0059,PROD0058,ST004,EMP019,3,20,Cash,Completed
TXN003459,2025-05-24,CUST0061,PROD0049,ST001,EMP006,5,1,Khalti,Completed
TXN000023,2025-01-25,CUST0031,PROD0014,ST005,EMP015,1,26,Khalti,Completed
TXN004084,2025-11-19,CUST0013,PROD0017,ST005,EMP020,3,1, Khalti,Returned
TXN002382,2025-08-13,CUST0021,PROD0042,ST004,EMP009,4,6,Bank Transfer,Completed
TXN002351,2025-11-10,CUST0091,PROD0003,ST002,EMP007,2,13,Card,Cancelled
TXN004100,2025-05-07,CUST0022,PROD0016,ST002,EMP002,2,11,eSewa,cancelled
TXN004781,2025-02-02,CUST0033,PROD0044,ST003,EMP008,6,25,Cash,Cancelled
TXN000460,2025-08-21,CUST0084,PROD0044,ST001,EMP011,6,0,Bank Transfer,Cancelled
TXN004631,2025-09-01,CUST0079,PROD0002,ST001,EMP011,6,1,Cash,Completed
TXN001856,2025-12-22,CUST0099,PROD0017,ST002,EMP017,1,27,Bank Transfer,Completed
TXN002584,2025-01-18,CUST0071,PROD0039,ST003,EMP018,4,14,eSewa,Completed
TXN001833,2025-07-04,CUST0079,PROD0057,ST002,EMP002,5,14,Khalti,Cancelled
TXN003685,2025-07-30,CUST0090,PROD0041,ST003,EMP003,4,10,Cash,Completed
TXN000808,2025-04-24,CUST0025,PROD0010,ST002,EMP017,1,16,Bank Transfer,Completed
TXN003096,2025-06-11,CUST0007,PROD0049,ST004,EMP009,5,4,Cash,Completed
TXN002280,2025-05-05,CUST0074,PROD0051,ST005,EMP005,3,4,Card,Completed
TXN002175,2025-02-11,CUST0016,PROD0043,ST004,EMP019,7,25,eSewa,Completed
TXN002895,2025-06-26,CUST0071,PROD0033,ST005,EMP015,1,27,Bank Transfer,Cancelled
TXN000352,2025-10-11,CUST0024,PROD0054,ST002,EMP007,8,26,Bank Transfer,Completed
TXN003828,2025-03-29,CUST0065,PROD0033,ST005,EMP020,1,5,Cash,Completed
TXN004818,2025-09-24,CUST0065,PROD0044,ST005,EMP010,4,17,Cash,Completed
TXN003731,2025-10-18,CUST0023,PROD0018,ST004,EMP019,4,4,Bank Transfer,Cancelled
TXN002430,2025-09-11,CUST0074,PROD0040,ST005,EMP010,3,4,Khalti,Completed
TXN002299,2025-04-25,CUST0100,PROD0024,ST003,EMP013,7,10,Khalti,Cancelled
TXN003780,2025-04-12,CUST0064,PROD0021,ST004,EMP019,7,18,Card,Returned
TXN004526,2025-09-03,CUST0082,PROD0033,ST002,EMP012,5,8,card,Returned
TXN003931,2025-10-22,CUST0036,PROD0035,ST005,EMP005,6,4,Khalti,Completed
TXN000689,2025-09-18,CUST0067,PROD0058,ST004,EMP019,7,24,caRD,Completed
  TXN004957,2025-09-29,CUST0065,PROD0001,ST005,EMP005,3,6,Cash,Cancelled
TXN002769,2025-07-23,CUST0095,PROD0043,ST001,EMP011,1,20,eSewa,Completed
TXN001877,2025-01-30,CUST0077,PROD0027,ST002,EMP017,8,6,eSewa,Completed
TXN004632,2025-02-17,CUST0058,PROD0036,ST001,EMP011,3,0,Cash,Cancelled
TXN003692,2025-01-24,CUST0007,PROD0007,ST004,EMP004,3,7,eSewa,Cancelled
TXN004023,2025-06-09,CUST0073,PROD0055,ST004,EMP009,7,26,Card,Completed
  TXN002990,2025-07-19,CUST0025,PROD0049,ST002,EMP012,5,5,eSewa,Completed
TXN000997,2025-01-21,CUST0086,PROD0016,ST004,EMP004,4,23,Cash,Cancelled
TXN004468,2025-09-17,CUST0092,PROD0035,ST005,EMP005,2,7,eSewa,Completed
TXN000576,2025-03-13,CUST0047,PROD0055,ST002,EMP012,5,17,Khalti,Completed
TXN002733,2025-04-12,CUST0016,PROD0028,ST002,EMP017,7,1,Khalti,Completed
TXN003513,2025-04-17,CUST0042,PROD0052,ST002,EMP017,1,19,Bank Transfer,Completed
TXN001505,2025-12-08,CUST0039,PROD0011,ST003,EMP013,3,,Bank Transfer,Cancelled
TXN003545,2025-06-21,CUST0005,PROD0040,ST004,EMP009,3,29,Khalti,Completed
TXN002353,2025-09-09,CUST0094,PROD0002,ST001,EMP011,4,4,Card,Completed
TXN002215,2025-06-09,CUST0058,PROD0014,ST005,EMP010,4,9,Khalti,Completed
TXN001171,2025-12-20,CUST0066,PROD0050,ST002,EMP017,1,15,Bank Transfer,Cancelled
TXN004502,2025-03-22,CUST0033,PROD0002,ST004,EMP014,7,23,Card,Completed
TXN003147,2025-09-26,CUST0072,PROD0029,ST001,EMP011,1,28,Khalti ,Completed
TXN001672,2025-07-20,CUST0032,PROD0005,ST005,EMP005,8,14,Cash,Completed
TXN003192,2025-12-14,CUST0028,PROD0011,ST005,EMP005,2,4,eSewa,Completed
TXN002806,2025-12-19,CUST0099,PROD0037,ST001,EMP001,8,22,Bank Transfer,Completed
TXN001864,2025-08-08,CUST0044,PROD0014,ST001,EMP006,5,24,Card,Returned
TXN000569,2025-11-18,CUST0008,PROD0035,ST003,EMP008,2,17,eSewa,Completed
TXN003487,2025-02-11,CUST0037,PROD0040,ST004,EMP004,7,4,Card,Completed
TXN000371,2025-03-02,CUST0098,PROD0003,ST001,EMP001,7,14,khaLTI,Completed
TXN003374,2025-07-09,CUST0011,PROD0028,ST002,EMP017,5,29,eSewa,Completed
TXN000567,2025-01-07,CUST0013,PROD0047,ST003,EMP013,2,26,Cash,Cancelled
TXN001108,2025-02-04,CUST0074,PROD0021,ST004,EMP019,6,6,BANK TRANSFER,Completed
TXN000072,2025-06-05,CUST0087,PROD0032,ST004,EMP014,4,13,Khalti,Completed
TXN002172,2025-09-19,CUST0008,PROD0010,ST001,EMP011,7,30,Card,Completed
TXN002972,2025-06-18,CUST0088,PROD0052,ST002,EMP012,2,8,Card,Completed
TXN004999,2025-09-17,CUST0001,PROD0026,ST004,EMP014,2,0,Bank Transfer,Returned
TXN001349,2025-08-31,CUST0017,PROD0055,ST003,EMP018,5,11,Cash,COMPLETED
TXN002290,2025-04-10,CUST0041,PROD0058,ST002,EMP007,1,20,Khalti,Completed
TXN004234,2025-03-08,CUST0069,PROD0015,ST004,EMP014,5,26,Cash,Completed
TXN000335,2025-10-20,CUST0021,PROD0046,ST005,EMP010,1,4,Khalti,Completed
TXN004856,2025-01-07,CUST0089,PROD0010,ST003,EMP008,2,12,Card,Completed
TXN001958,2025-01-30,CUST0044,PROD0021,ST005,EMP010,6,16,Cash,Cancelled
TXN000123,2025-06-29,CUST0053,PROD0032,ST001,EMP006,7,27,Bank Transfer,Cancelled
TXN003795,2025-06-12,CUST0003,PROD0003,ST002,EMP017,1,4,Card,Cancelled
TXN004242,2025-03-14,CUST0066,PROD0036,ST002,EMP017,8,23,Bank Transfer,Completed
TXN004702,2025-04-02,CUST0058,PROD0027,ST002,EMP017,8,18,Card,Completed
TXN001110,2025-09-13,CUST0011,PROD0014,ST001,EMP016,2,12,Cash,Cancelled
TXN001543,2025-02-06,CUST0028,PROD0020,ST005,EMP005,3,,Khalti,Completed
TXN000259,2025-11-17,CUST0065,PROD0018,ST003,EMP008,5,26,Cash,Returned
TXN003908,2025-10-28,CUST0052,PROD0052,ST004,EMP004,6,2,Khalti,Completed
TXN004427,2025-09-22,CUST0084,PROD0053,ST005,EMP020,2,30,Khalti,Completed
TXN002144,2025-11-20,CUST0067,PROD0050,ST001,EMP016,7,13,Bank Transfer,Completed
TXN003321,2025-11-15,CUST0010,PROD0028,ST004,EMP014,8,28,Khalti,Returned
TXN004609,2025-10-30,CUST0010,PROD0059,ST005,EMP015,4,23,Cash,Completed
TXN003014,2025-08-25,CUST0021,PROD0025,ST004,EMP019,8,8,Khalti,Completed
TXN000762,2025-02-05,CUST0032,PROD0030,ST001,EMP006,1,13,Bank Transfer,Completed
TXN002947,2025-04-27,CUST0083,PROD0029,ST003,EMP003,2,9,Khalti,Completed
TXN002187,2025-12-06,CUST0015,PROD0051,ST003,EMP008,6,22,  Bank Transfer  ,Cancelled
TXN003311,2025-02-13,CUST0066,PROD0048,ST004,EMP019,6,9,Bank Transfer,Completed
TXN000743,2025-12-01,CUST0088,PROD0030,ST003,EMP013,7,13,eSewa,Cancelled
TXN002350,2025-05-12,CUST0046,PROD0005,ST004,EMP019,5,5,Card,Completed
TXN000401,2025-12-30,CUST0006,PROD0029,ST001,EMP016,8,23,Card,Completed
TXN000419,2025-02-14,CUST0080,PROD0014,ST001,EMP006,8,19,Khalti,Completed
TXN001245,2025-06-16,CUST0004,PROD0060,ST003,EMP003,1,15,Card,Cancelled
TXN000566,2025-04-03,CUST0025,PROD0037,ST001,EMP006,5,5,Khalti,Cancelled
TXN001218,2025-10-09,CUST0028,PROD0035,ST004,EMP014,2,18,Khalti,Cancelled
TXN002750,2025-08-26,CUST0015,PROD0054,ST004,EMP019,1,26,KHALTI,Completed
TXN001500,2025-10-11,CUST0032,PROD0014,ST003,EMP018,8,16,Khalti,Cancelled
TXN000067,2025-07-18,CUST0050,PROD0001,ST001,EMP011,2,7,Bank Transfer,Returned
TXN004111,2025-12-30,CUST0026,PROD0024,ST005,EMP020,6,3,eSewa,Completed
TXN001817,2025-05-15,CUST0020,PROD0016,ST002,EMP017,6,25,eSewa,Cancelled
TXN003372,2025-07-30,CUST0042,PROD0020,ST001,EMP006,3,12,Bank Transfer,Completed
 TXN003006  ,2025-10-10,CUST0090,PROD0046,ST002,EMP002,1,6,eSewa,Completed
TXN004149,2025-01-21,CUST0016,PROD0025,ST003,EMP008,3,23,eSewa,Returned
TXN004367,2025-11-15,CUST0080,PROD0043,ST005,EMP015,7,11,card,Completed
TXN004398,2025-01-25,CUST0097,PROD0060,ST004,EMP004,8,21,Cash,Completed
TXN004705,2025-10-12,CUST0063,PROD0010,ST005,EMP015,1,11,Cash,Cancelled
TXN002310,2025-09-09,CUST0052,PROD0020,ST005,EMP020,8,19,eSewa,Completed
TXN004389,2025-02-04,CUST0053,PROD0054,ST005,EMP015,1,28,Bank Transfer,Cancelled
TXN001536,2025-06-13,CUST0028,PROD0007,ST002,EMP012,8,14,Cash,Returned
TXN001024,2025-10-16,CUST0068,PROD0010,ST004,EMP009,2,8,Bank Transfer,Completed
TXN004215,2025-02-10,CUST0021,PROD0031,ST002,EMP012,8,13,Khalti,Completed
TXN000847,2025-08-05,CUST0086,PROD0017,ST005,EMP020,5,23,eSewa,Completed
TXN003785,2025-10-13,CUST0018,PROD0033,ST002,EMP007,2,28,Khalti,Completed
TXN001656,2025-04-30,CUST0043,PROD0027,ST003,EMP013,8,28,Cash,Completed
TXN001974,2025-10-12,CUST0030,PROD0005,ST002,EMP012,1,12,Card,COMPLETED
TXN003015 ,2025-11-06,CUST0081,PROD0019,ST002,EMP017,7,23,Bank Transfer,Cancelled
TXN001326,2025-12-07,CUST0006,PROD0026,ST005,EMP020,6,29,Khalti,Completed
TXN002529,2025-09-28,CUST0048,PROD0019,ST002,EMP017,5,27,Khalti,Completed
TXN003864,2025-07-26,CUST0015,PROD0049,ST003,EMP008,5,27,Khalti,Completed
TXN004327,2025-01-25,CUST0063,PROD0003,ST004,EMP019,5,6,Khalti,Completed
TXN001922,2025-02-08,CUST0030,PROD0009,ST005,EMP005,5,16,Cash,returned
TXN000833,2025-10-28,CUST0007,PROD0046,ST005,EMP020,2,2,Bank Transfer,Completed
TXN000238,2025-05-15,CUST0020,PROD0029,ST002,EMP017,6,16,Khalti,cancelled
TXN004685,2025-01-23,CUST0093,PROD0023,ST004,EMP009,1,13,CarD,Completed
TXN000573,2025-09-02,CUST0041,PROD0010,ST005,EMP005,2,23,eSewa,Completed
TXN002034,2025-04-07,CUST0034,PROD0039,ST005,EMP005,3,15,Khalti,Completed
 TXN002534 ,2025-06-22,CUST0040,PROD0042,ST003,EMP003,1,8,Cash,Completed
TXN000513,2025-09-29,CUST0004,PROD0039,ST005,EMP005,5,7,eSewa,Completed
TXN002541,2025-07-12,CUST0016,PROD0058,ST002,EMP002,8,19,Card,Completed
TXN000294,2025-12-31,CUST0023,PROD0043,ST003,EMP008,8,10,Bank Transfer,Completed
TXN002970,2025-10-19,CUST0085,PROD0007,ST002,EMP007,7,17,Cash,Completed
TXN004088,2025-05-17,CUST0024,PROD0010,ST002,EMP002,1,15,eSewa,Cancelled
TXN004534,2025-04-10,CUST0004,PROD0021,ST004,EMP004,3,8,Khalti,completed
TXN000065,2025-05-07,CUST0099,PROD0040,ST003,EMP003,2,22,Card,Cancelled
TXN001199,2025-01-05,CUST0021,PROD0014,ST003,EMP013,1,24,esewa,Completed
TXN002247,2025-01-23,CUST0063,PROD0038,ST001,EMP001,7,28,Cash,Completed
TXN004838,2025-12-29,CUST0055,PROD0045,ST001,EMP001,3,12,Khalti,Completed
TXN001897,2025-01-07,CUST0091,PROD0031,ST004,EMP019,4,19,Khalti,Completed
TXN000727,2025-12-19,CUST0006,PROD0018,ST005,EMP015,7,26,Cash,Completed
TXN004492,2025-08-05,CUST0016,PROD0052,ST003,EMP013,6,10,Khalti,Completed
TXN004501,2025-07-31,CUST0053,PROD0024,ST002,EMP007,2,13,Khalti,Completed
TXN002120,2025-04-29,CUST0092,PROD0018,ST001,EMP016,8,12,Card,Completed
TXN002822,2025-12-05,CUST0080,PROD0023,ST002,EMP002,1,22,eSewa,Completed
TXN003161,2025-03-20,CUST0017,PROD0050,ST004,EMP004,5,20,eSewa,completed
TXN003604,2025-07-06,CUST0034,PROD0041,ST005,EMP015,7,29,Bank Transfer,Completed
TXN002001,2025-01-04,CUST0066,PROD0020,ST001,EMP011,3,19,Bank Transfer,Returned
TXN003752,2025-05-23,CUST0080,PROD0028,ST003,EMP003,6,17,Card,Completed
TXN001124,2025-05-28,CUST0043,PROD0006,ST003,EMP008,6,15,  eSewa ,Completed
TXN002665,2025-11-16,CUST0003,PROD0019,ST002,EMP007,6,29,Bank Transfer,Returned
TXN004614,2025-12-17,CUST0094,PROD0014,ST005,EMP015,7,14,Cash,Completed
TXN001879,2025-10-18,CUST0041,PROD0031,ST003,EMP008,7,2,eSewa,Returned
TXN003129,2025-07-05,CUST0054,PROD0005,ST004,EMP019,6,7,Card,Returned
TXN004016,2025-02-22,CUST0075,PROD0032,ST004,EMP019,4,0,eSewa,Completed
TXN000287,2025-02-28,CUST0035,PROD0010,ST004,EMP004,1,3,Card,Returned
TXN000118,2025-12-24,CUST0023,PROD0016,ST001,EMP006,6,22,eSewa,Returned
TXN004634,2025-01-24,CUST0036,PROD0058,ST001,EMP016,1,24,Card,Completed
TXN003389,2025-08-25,CUST0026,PROD0024,ST001,EMP001,7,26,Card,Completed
TXN004696,2025-04-03,CUST0014,PROD0009,ST004,EMP004,1,16,Bank Transfer,Completed
TXN001083,2025-09-08,CUST0047,PROD0002,ST002,EMP012,5,17,eSewa,Completed
TXN003439,2025-06-27,CUST0064,PROD0015,ST003,EMP003,2,24,Card,Completed
TXN002885,2025-12-28,CUST0049,PROD0049,ST005,EMP015,7,28,eSewa,Returned
TXN001868,2025-02-06,CUST0079,PROD0017,ST005,EMP010,5,5,eSewa,Completed
TXN002872,2025-10-15,CUST0014,PROD0051,ST001,EMP016,2,17,Cash,Completed
TXN004545,2025-12-09,CUST0064,PROD0025,ST002,EMP017,6,24,Bank Transfer,Completed
TXN002012,2025-08-12,CUST0009,PROD0002,ST004,EMP009,7,0,Bank Transfer,Completed
TXN004043,2025-04-22,CUST0065,PROD0037,ST001,EMP011,8,23,Card,Completed
TXN001893,2025-03-12,CUST0082,PROD0058,ST003,EMP008,6,0,  Card  ,Completed
TXN001554,2025-10-30,CUST0018,PROD0059,ST001,EMP006,5,26,Card,Completed
TXN002306,2025-03-23,CUST0058,PROD0008,ST001,EMP006,7,29,Khalti,Cancelled
TXN003932,2025-12-21,CUST0020,PROD0004,ST005,EMP015,1,20,eSewa,Completed
TXN004316 ,2025-05-26,CUST0088,PROD0012,ST005,EMP010,4,4,Bank Transfer,Returned
TXN001981,2025-07-26,CUST0075,PROD0012,ST004,EMP019,6,3,Bank Transfer,Completed
  TXN002177 ,2025-12-05,CUST0070,PROD0027,ST005,EMP005,-7,16,eSewa,Completed
TXN000960,2025-06-19,CUST0072,PROD0036,ST004,EMP019,6,26,Bank Transfer,Returned
TXN001826,2025-03-14,CUST0065,PROD0044,ST003,EMP003,6,28,Khalti,Completed
TXN001328,2025-09-13,CUST0057,PROD0051,ST005,EMP010,5,17,eSewa,Cancelled
TXN003565,2025-12-23,CUST0077,PROD0042,ST005,EMP010,5,5,Cash,Completed
TXN000058,2025-11-19,CUST0098,PROD0001,ST002,EMP002,4,6,Bank Transfer,Completed
TXN003542,2025-01-14,CUST0034,PROD0056,ST003,EMP008,7,28,Card,Returned
TXN004190,2025-06-07,CUST0001,PROD0039,ST004,EMP014,1,27,kHalti,Completed
 TXN004731 ,2025-02-09,CUST0096,PROD0024,ST004,EMP004,4,28,  Card ,Cancelled
TXN001028,2025-02-03,CUST0035,PROD0016,ST003,EMP013,3,9,Card,Returned
TXN003219,2025-04-28,CUST0088,PROD0010,ST002,EMP002,7,3,Cash,Completed
TXN002927,2025-04-20,CUST0016,PROD0053,ST003,EMP003,-5,1,Cash,Completed
TXN002668,2025-01-07,CUST0051,PROD0008,ST003,EMP018,6,7,eSewa,Completed
TXN001411,2025-07-16,CUST0098,PROD0038,ST005,EMP020,5,17,Card,Completed
TXN000163,2025-08-24,CUST0052,PROD0053,ST003,EMP013,8,27, Khalti ,Completed
TXN000412,2025-11-06,CUST0024,PROD0006,ST002,EMP007,5,17,Cash,ComplEteD
  TXN001255,2025-01-04,CUST0036,PROD0007,ST001,EMP016,8,17,eSewa,Completed
TXN004822,2025-04-23,CUST0079,PROD0036,ST002,EMP017,2,1,eSewa,Returned
TXN003712,2025-01-29,CUST0006,PROD0040,ST005,EMP020,3,19,Bank Transfer,Completed
TXN000196,2025-10-21,CUST0003,PROD0016,ST004,EMP014,3,28,Bank Transfer,Completed
TXN004968,2025-04-23,CUST0080,PROD0007,ST002,EMP012,4,18,Card,Completed
TXN000217,2025-05-19,CUST0088,PROD0015,ST004,EMP019,4,6,Card,Cancelled
TXN001497,2025-08-26,CUST0005,PROD0025,ST004,EMP014,7,11,Bank Transfer,Completed
TXN004018,2025-11-29,CUST0097,PROD0040,ST003,EMP008,1,24,Cash,Completed
TXN004127,2025-06-11,CUST0022,PROD0029,ST005,EMP010,5,21,Khalti,Completed
TXN002771,2025-12-10,CUST0023,PROD0009,ST002,EMP007,3,1,Cash,Completed
TXN000015,2025-06-03,CUST0071,PROD0035,ST003,EMP003,3,20,Card,Completed
TXN001629,2025-10-20,CUST0014,PROD0011,ST003,EMP013,1,7,Bank Transfer,Returned
TXN001058,2025-01-28,CUST0010,PROD0055,ST005,EMP020,8,20,Bank Transfer,Completed
TXN000237,2025-09-08,CUST0072,PROD0019,ST005,EMP015,4,10,Khalti,Completed
TXN001556,2025-04-13,CUST0007,PROD0025,ST002,EMP017,5,9,Khalti,Cancelled
TXN000012,2025-07-05,CUST0031,PROD0050,ST003,EMP003,7,4,Khalti,Completed
TXN004924,2025-06-17,CUST0072,PROD0002,ST005,EMP015,7,13,Card,Returned
TXN002711,2025-03-17,CUST0026,PROD0031,ST003,EMP008,3,13,Card,Returned
TXN001357,2025-09-18,CUST0027,PROD0028,ST004,EMP014,2,8,Khalti,Completed
TXN003112,2025-02-19,CUST0072,PROD0055,ST005,EMP005,7,27,eSewa,Completed
TXN000413,2025-01-08,CUST0039,PROD0006,ST003,EMP013,4,,Card,Completed
TXN000503,2025-09-14,CUST0025,PROD0001,ST005,EMP005,6,30,Khalti,Cancelled
TXN000306,2025-01-17,CUST0063,PROD0012,ST003,EMP008,6,19,Card,Completed
TXN001887,2025-02-26,CUST0035,PROD0004,ST001,EMP011,3,29,Khalti,Completed
TXN001990,2025-03-13,CUST0087,PROD0048,ST002,EMP002,4,12,Bank Transfer,Returned
TXN000765,2025-11-25,CUST0027,PROD0017,ST001,EMP016,2,24,Card,Completed
TXN001047,2025-05-29,CUST0073,PROD0038,ST002,EMP012,5,22,Khalti,Completed
TXN001783,2025-02-05,CUST0014,PROD0029,ST001,EMP011,3,2,eSewa,Completed
TXN001671,2025-10-11,CUST0004,PROD0051,ST005,EMP005,2,15,Bank Transfer,Completed
TXN002396,2025-04-17,CUST0004,PROD0011,ST004,EMP009,7,15,Khalti,Completed
TXN004464,2025-11-18,CUST0042,PROD0024,ST002,EMP012,4,24,Cash,Completed
TXN001737,2025-06-06,CUST0004,PROD0049,ST002,EMP012,6,23,Cash,Returned
TXN000880,2025-12-05,CUST0052,PROD0024,ST005,EMP005,3,6, Cash,Completed
  TXN001366  ,2025-05-11,CUST0020,PROD0048,ST001,EMP016,7,2,Khalti,Completed
TXN001424,2025-04-27,CUST0013,PROD0032,ST002,EMP007,1,9,Cash,Completed
TXN004708,2025-10-18,CUST0065,PROD0024,ST004,EMP004,4,9,eSewa,Returned
TXN002391,2025-08-11,CUST0078,PROD0028,ST002,EMP007,1,27,Card,Completed
TXN001189,2025-09-24,CUST0001,PROD0004,ST004,EMP009,3,14,Card,Completed
TXN001319,2025-06-25,CUST0059,PROD0034,ST005,EMP010,4,25, Bank Transfer ,Completed
TXN002844,2025-06-22,CUST0035,PROD0023,ST003,EMP018,8,24,Khalti,Completed
TXN000309,2025-07-01,CUST0013,PROD0059,ST002,EMP002,7,8,eSewa,Completed
  TXN001728  ,2025-01-09,CUST0007,PROD0041,ST005,EMP015,3,,Cash,Cancelled
TXN000525,2025-02-19,CUST0090,PROD0055,ST002,EMP007,3,27,Cash,Cancelled
TXN003619,2025-04-02,CUST0064,PROD0045,ST003,EMP008,1,19,Cash,Completed
TXN000750,2025-10-21,CUST0089,PROD0052,ST003,EMP008,8,8,Card,completed
TXN004293,2025-03-25,CUST0046,PROD0035,ST004,EMP019,4,17,Bank Transfer,Completed
TXN002908,2025-07-24,CUST0002,PROD0001,ST003,EMP013,2,18,Cash,Completed
TXN002250,2025-07-19,CUST0032,PROD0051,ST002,EMP017,5,13,Khalti,Cancelled
TXN003112,2025-02-19,CUST0072,PROD0055,ST005,EMP005,7,27,eSewa,Completed
TXN002936,2025-06-28,CUST0017,PROD0028,ST002,EMP017,8,29,Card,Completed
TXN004568,2025-05-29,CUST0076,PROD0021,ST003,EMP013,4,28,Cash,Completed
TXN003833,2025-06-17,CUST0021,PROD0044,ST004,EMP019,2,5,Card,Cancelled
TXN003425,2025-05-31,CUST0003,PROD0044,ST001,EMP006,2,20,Khalti,completed
TXN002884,2025-07-23,CUST0092,PROD0004,ST001,EMP006,4,11,eSewa,Returned
TXN003383,2025-08-27,CUST0014,PROD0056,ST004,EMP019,7,29,Khalti,Cancelled
TXN000093,2025-11-09,CUST0009,PROD0034,ST005,EMP005,3,20,Card,Completed
TXN002167 ,2025-11-11,CUST0086,PROD0031,ST002,EMP007,6,15,Khalti,Completed
TXN001943,2025-09-19,CUST0012,PROD0009,ST002,EMP012,1,2,Bank Transfer,Completed
TXN001528,2025-03-26,CUST0076,PROD0003,ST002,EMP007,1,0,Card,Completed
TXN004637,2025-08-17,CUST0024,PROD0009,ST002,EMP007,6,28,eSewa,Returned
TXN004677,2025-11-02,CUST0007,PROD0025,ST004,EMP004,6,1,Khalti,Completed
TXN000666,2025-10-02,CUST0076,PROD0001,ST003,EMP003,1,,Card,Completed
TXN002706,2025-04-10,CUST0079,PROD0032,ST002,EMP017,6,13,eSewa,Completed
TXN004008,2025-11-07,CUST0072,PROD0034,ST004,EMP004,7,17,bank transfer,Returned
TXN000134,2025-05-22,CUST0078,PROD0031,ST004,EMP019,7,22,Khalti,Completed
TXN000116,2025-06-26,CUST0062,PROD0035,ST002,EMP012,6,10,bank transfer,Completed
TXN002478,2025-05-26,CUST0048,PROD0059,ST004,EMP004,8,3, Khalti,Cancelled
TXN001511,2025-04-08,CUST0025,PROD0014,ST001,EMP016,5,27,eSewa,Completed
TXN001066,2025-12-08,CUST0060,PROD0048,ST005,EMP005,3,26,Card,Cancelled
TXN000214,2025-03-07,CUST0051,PROD0015,ST004,EMP009,1,30,Bank Transfer,Completed
TXN002754,2025-09-04,CUST0081,PROD0024,ST005,EMP005,-6,17,Bank Transfer,Cancelled
TXN004240,2025-07-29,CUST0025,PROD0015,ST003,EMP008,6,7,Card,Completed
TXN001106,2025-01-23,CUST0025,PROD0012,ST003,EMP018,5,25,Khalti,Returned
TXN003689,2025-11-04,CUST0054,PROD0055,ST001,EMP006,5,11,Bank Transfer,Completed
TXN001070,NaT,CUST0047,PROD0049,ST001,EMP001,3,5,Card,Cancelled
TXN003289,2025-01-20,CUST0066,PROD0003,ST003,EMP013,5,0,  eSewa,Cancelled
TXN001052,2025-12-06,CUST0078,PROD0015,ST002,EMP017,6,16,Card,Cancelled
TXN001529,2025-12-23,CUST0097,PROD0024,ST005,EMP015,6,20,cARd,Completed
  TXN004653,2025-03-17,CUST0053,PROD0052,ST004,EMP009,4,29, Bank Transfer,Completed
TXN003609,2025-11-21,CUST0086,PROD0022,ST001,EMP011,7,15,Khalti,Completed
TXN001383,2025-05-01,CUST0097,PROD0048,ST004,EMP019,3,14,Bank Transfer,Cancelled
TXN000031,2025-05-07,CUST0079,PROD0031,ST004,EMP009,5,9,eSewa,Cancelled
TXN003547,2025-06-05,CUST0060,PROD0034,ST005,EMP020,6,23,Khalti,Returned
TXN001030,2025-07-01,CUST0038,PROD0041,ST003,EMP013,6,1,Card,Completed
TXN002191,2025-06-20,CUST0052,PROD0001,ST001,EMP001,1,30,Khalti,Completed
TXN002008,2025-01-17,CUST0003,PROD0024,ST001,EMP001,2,24,eSewa,Cancelled
 TXN000106,2025-05-06,CUST0094,PROD0058,ST002,EMP007,-3,7,Bank Transfer,Completed
TXN001976 ,2025-11-22,CUST0039,PROD0057,ST005,EMP020,5,14,Cash,Cancelled
TXN002877,2025-04-26,CUST0074,PROD0031,ST002,EMP012,8,21,Cash,Completed
TXN001377,2025-01-31,CUST0017,PROD0014,ST004,EMP014,1,14,eSewa,Completed
TXN003380,2025-08-27,CUST0007,PROD0015,ST004,EMP009,3,9,eSewa,Completed
TXN001925,2025-06-08,CUST0090,PROD0055,ST005,EMP010,3,26,Card,Returned
TXN003695,2025-04-12,CUST0070,PROD0005,ST003,EMP003,4,14,Cash,cOmplEteD
TXN004839,2025-04-10,CUST0025,PROD0019,ST001,EMP001,2,19,Card,Cancelled
TXN002357,2025-06-21,CUST0007,PROD0053,ST003,EMP008,5,7,Bank Transfer,CoMPLETED
TXN004699,2025-01-05,CUST0081,PROD0047,ST005,EMP015,5,21,Bank Transfer,Returned
TXN003921,2025-04-22,CUST0041,PROD0053,ST002,EMP007,3,5,Khalti,Completed
TXN001936,2025-12-28,CUST0065,PROD0032,ST005,EMP015,6,1,eSewa,Completed
TXN004954,2025-10-29,CUST0020,PROD0042,ST005,EMP010,2,10,Bank Transfer,Completed
TXN000923,2025-02-04,CUST0048,PROD0036,ST003,EMP018,3,1,Card  ,Completed
TXN000799,2025-01-14,CUST0080,PROD0021,ST004,EMP009,6,23,card,Completed
TXN003065,2025-10-30,CUST0049,PROD0039,ST002,EMP012,2,7,Khalti,Returned
TXN001994,2025-04-07,CUST0078,PROD0016,ST004,EMP014,6,2,Khalti,COMPLETED
TXN001808,2025-04-24,CUST0026,PROD0021,ST003,EMP013,1,24,Cash,Completed
TXN000493,2025-01-07,CUST0002,PROD0026,ST001,EMP006,7,21,eSewa,CANCELLED
TXN002563,2025-07-24,CUST0035,PROD0037,ST004,EMP014,2,13,eSewa,Completed
TXN000180,2025-05-25,CUST0050,PROD0017,ST004,EMP004,1,11,Bank Transfer,RetUrnED
TXN003454,2025-01-02,CUST0037,PROD0009,ST003,EMP008,7,29,Bank Transfer,Cancelled
TXN000197,2025-12-05,CUST0073,PROD0041,ST005,EMP020,5,19,Khalti,Completed
TXN002673,2025-01-26,CUST0060,PROD0055,ST004,EMP014,7,23,eSewa,Completed
TXN003939,2025-10-15,CUST0036,PROD0028,ST001,EMP001,7,24,Card,Returned
TXN004988,2025-10-19,CUST0008,PROD0014,ST004,EMP009,8,20,Bank Transfer,Completed
TXN003209,2025-01-14,CUST0054,PROD0058,ST005,EMP015,5,18,Khalti,Completed
TXN001677,2025-05-21,CUST0018,PROD0003,ST002,EMP017,1,5,Khalti,Completed
TXN000685,2025-10-11,CUST0016,PROD0027,ST001,EMP006,8,1,Khalti,Completed
TXN004840,2025-06-03,CUST0004,PROD0035,ST004,EMP019,8,10,eSewa,Completed
TXN001621,2025-12-24,CUST0083,PROD0030,ST001,EMP006,7,17,Card,Completed
TXN004728,2025-10-27,CUST0071,PROD0012,ST001,EMP016,3,22,Cash,Completed
TXN000376,2025-12-08,CUST0044,PROD0032,ST002,EMP007,6,13,Card,Completed
TXN004157,2025-02-23,CUST0090,PROD0029,ST005,EMP005,4,7,Card,Cancelled
TXN000603,2025-03-05,CUST0015,PROD0013,ST003,EMP013,6,13,Khalti,Completed
TXN000572,2025-02-23,CUST0080,PROD0053,ST005,EMP010,5,29,eSewa,Cancelled
TXN000323,2025-03-14,CUST0043,PROD0005,ST001,EMP006,7,5,Khalti,COMPLETED
TXN003733,2025-07-28,CUST0057,PROD0020,ST001,EMP016,4,2,Cash,Completed
TXN001795,2025-02-17,CUST0030,PROD0015,ST002,EMP012,5,26,Bank Transfer,coMPlETED
TXN002435,2025-08-20,CUST0028,PROD0021,ST002,EMP017,4,29,Cash,Cancelled
TXN004198,2025-06-26,CUST0057,PROD0050,ST005,EMP020,2,13,Card,Completed
TXN003769,2025-08-07,CUST0089,PROD0015,ST003,EMP018,3,6,Card,Completed
TXN002873,2025-09-09,CUST0006,PROD0036,ST001,EMP016,7,1,eSewa,Completed
TXN002439,2025-01-03,CUST0007,PROD0006,ST005,EMP020,3,27,Khalti,Completed
TXN001567,2025-11-24,CUST0002,PROD0037,ST002,EMP017,4,28,eSewa,Returned
TXN002378,2025-05-07,CUST0099,PROD0019,ST004,EMP014,2,22,Khalti,Completed
TXN001623,2025-07-01,CUST0085,PROD0005,ST003,EMP018,4,3,Khalti,Returned
TXN001689,2025-02-17,CUST0019,PROD0017,ST002,EMP007,4,28,Cash,Completed
TXN002782,2025-06-28,CUST0089,PROD0051,ST001,EMP016,3,16,Khalti,Returned
TXN002499,2025-04-26,CUST0061,PROD0016,ST005,EMP005,4,30,Khalti,Cancelled
TXN004323,2025-07-29,CUST0071,PROD0007,ST004,EMP004,1,3,Cash,Returned
TXN003937,2025-12-26,CUST0099,PROD0040,ST004,EMP004,6,14,Card,Completed
TXN003120,2025-06-28,CUST0007,PROD0013,ST002,EMP007,3,5,Khalti,Completed
TXN003435,2025-12-12,CUST0066,PROD0047,ST002,EMP002,3,16,Card,Completed
TXN003998,2025-07-29,CUST0033,PROD0003,ST003,EMP008,1,15,Khalti,Returned
TXN004575,2025-08-25,CUST0067,PROD0035,ST005,EMP005,1,27,Cash,Returned
TXN004796,2025-06-01,CUST0094,PROD0031,ST002,EMP007,3,14,Cash,Completed
TXN004558,2025-05-21,CUST0018,PROD0058,ST004,EMP014,-8,4,khalti,Cancelled
TXN003645,2025-08-08,CUST0024,PROD0057,ST001,EMP001,5,7,Cash,Returned
TXN004909,2025-06-28,CUST0056,PROD0026,ST004,EMP019,2,24,eSewa,Cancelled
TXN000992,2025-02-17,CUST0040,PROD0059,ST002,EMP002,6,2,cash,returned
TXN000835,2025-07-01,CUST0044,PROD0012,ST005,EMP005,3,15,Cash,Completed
TXN004207,2025-07-18,CUST0016,PROD0052,ST003,EMP018,3,15,Cash,Completed
TXN000098,2025-07-25,CUST0099,PROD0027,ST002,EMP017,2,4,eSewa,Completed
TXN001884,2025-05-24,CUST0048,PROD0044,ST001,EMP006,5,3,Bank Transfer,Cancelled
TXN004068,2025-02-17,CUST0057,PROD0059,ST002,EMP012,1,18,Khalti,Returned
TXN002443,2025-02-03,CUST0097,PROD0034,ST005,EMP020,5,28,eSewa,Returned
TXN002160,2025-05-02,CUST0011,PROD0045,ST002,EMP007,3,24,Bank Transfer,Cancelled
TXN004820,2025-04-13,CUST0021,PROD0037,ST004,EMP009,1,25,Bank Transfer,Cancelled
TXN002092,2025-09-07,CUST0021,PROD0027,ST004,EMP009,7,10,Card,Completed
TXN000121,2025-03-31,CUST0029,PROD0043,ST002,EMP012,7,4,cArd,CancELLED
TXN003462,2025-07-30,CUST0005,PROD0002,ST001,EMP001,6,18,Khalti,Cancelled
TXN004025,2025-09-10,CUST0002,PROD0022,ST001,EMP016,8,5,Cash,Cancelled
TXN001145,2025-11-04,CUST0046,PROD0043,ST003,EMP008,3,22,Khalti,Completed
TXN001107,2025-05-02,CUST0086,PROD0033,ST002,EMP012,7,29,cash,Completed
TXN001957,2025-07-10,CUST0021,PROD0054,ST004,EMP019,5,0,Cash,Completed
TXN000193,2025-11-21,CUST0014,PROD0046,ST001,EMP011,5,17,Bank Transfer,Completed
TXN004824,2025-12-05,CUST0083,PROD0032,ST005,EMP010,5,11,Cash,Completed
TXN001787,2025-11-22,CUST0090,PROD0007,ST001,EMP006,4,29,Cash,Completed
TXN000136,2025-02-15,CUST0094,PROD0027,ST004,EMP009,4,13,Khalti,Returned
 TXN002017  ,2025-10-06,CUST0024,PROD0030,ST004,EMP014,3,14,eSewa,Returned
TXN004870,2025-06-28,CUST0081,PROD0003,ST003,EMP003,4,11,Card,Completed
TXN004222,2025-09-10,CUST0024,PROD0021,ST004,EMP019,3,20,Bank Transfer,Completed
TXN002712,2025-11-24,CUST0038,PROD0014,ST001,EMP016,8,1,eSewa,Completed
TXN001156,2025-11-08,CUST0029,PROD0013,ST001,EMP011,1,25,eSewa,Completed
TXN000060,2025-01-17,CUST0084,PROD0055,ST003,EMP003,2,15,CASH,Cancelled
TXN001632,2025-12-06,CUST0075,PROD0042,ST005,EMP010,2,9,Card,Completed
TXN002477,2025-04-19,CUST0044,PROD0054,ST003,EMP013,3,16,Card,Completed
TXN003708,2025-11-07,CUST0025,PROD0023,ST003,EMP008,5,13,Cash,Returned
TXN000687,2025-08-19,CUST0058,PROD0059,ST002,EMP012,7,4,Card,Cancelled
TXN001427,2025-07-03,CUST0061,PROD0027,ST003,EMP013,3,23,Bank Transfer,Completed
TXN001726,2025-07-22,CUST0076,PROD0056,ST005,EMP005,6,14,Cash,Cancelled
TXN001402,2025-10-28,CUST0040,PROD0015,ST003,EMP008,5,25,Card,Cancelled
TXN002111,2025-12-29,CUST0097,PROD0046,ST002,EMP012,8,12,Card,Completed
TXN001613,2025-01-24,CUST0013,PROD0043,ST001,EMP001,2,17,eSewa,Completed
TXN001655,2025-10-18,CUST0054,PROD0039,ST001,EMP001,1,4,Bank Transfer,Returned
TXN002170,2025-08-12,CUST0004,PROD0043,ST004,EMP019,6,6,Khalti,Returned
TXN002836,2025-10-22,CUST0040,PROD0002,ST004,EMP019,5,27,Bank Transfer,Completed
TXN002911,2025-05-20,CUST0074,PROD0003,ST003,EMP018,4,25,eSewa,Returned
TXN001074,2025-06-02,CUST0065,PROD0019,ST004,EMP009,6,17,Cash,Cancelled
TXN001843,2025-11-16,CUST0090,PROD0059,ST004,EMP014,4,30,Cash,Completed
TXN001184,2025-12-28,CUST0059,PROD0032,ST004,EMP004,2,9,Khalti,Returned
TXN002159,2025-10-20,CUST0072,PROD0014,ST002,EMP017,1,29,Bank Transfer,Completed
TXN001534,2025-04-12,CUST0004,PROD0005,ST002,EMP012,1,23,Cash,Completed
TXN002662,2025-02-28,CUST0100,PROD0017,ST004,EMP014,3,11,Bank Transfer,Returned
TXN000467,2025-12-13,CUST0034,PROD0059,ST001,EMP006,3,3,eSewa,Completed
TXN000097,2025-02-07,CUST0098,PROD0031,ST001,EMP006,1,,Card,Completed
TXN004743,2025-10-24,CUST0063,PROD0057,ST004,EMP019,4,26,eSewa,Completed
TXN004334,2025-10-22,CUST0057,PROD0052,ST003,EMP013,2,3,Khalti,Returned
TXN003696,2025-02-17,CUST0023,PROD0020,ST002,EMP017,5,24,eSewa,Completed
TXN004780,2025-10-13,CUST0055,PROD0014,ST002,EMP002,6,28,Card,Returned
TXN000890,2025-11-07,CUST0059,PROD0018,ST004,EMP009,8,10,Cash,Completed
TXN000117,2025-12-03,CUST0030,PROD0011,ST004,EMP019,4,29,Cash,Completed
TXN002989,2025-10-26,CUST0032,PROD0033,ST001,EMP011,2,20,Card,Cancelled
TXN002684,2025-11-15,CUST0038,PROD0050,ST002,EMP012,8,22,Khalti,Returned
TXN002879,2025-02-22,CUST0048,PROD0024,ST005,EMP010,7,1,Khalti,Completed
TXN000431,2025-05-26,CUST0077,PROD0015,ST003,EMP018,3,7,Cash,Completed
TXN000082,2025-02-28,CUST0071,PROD0033,ST001,EMP016,5,11,Bank Transfer,Completed
TXN001526,2025-09-06,CUST0039,PROD0002,ST003,EMP018,-8,16,Khalti,Completed
TXN000481,2025-01-30,CUST0085,PROD0034,ST005,EMP010,6,27,Khalti,Completed
TXN003972,2025-09-02,CUST0041,PROD0030,ST005,EMP010,8,24,eSewa,Cancelled
TXN000659,2025-03-12,CUST0080,PROD0058,ST002,EMP012,2,27,Cash,Returned
TXN003687,2025-07-29,CUST0098,PROD0060,ST004,EMP009,2,21,Khalti,Completed
TXN004167,2025-01-15,CUST0036,PROD0011,ST003,EMP013,3,20,Card,Returned
TXN002707,2025-07-04,CUST0035,PROD0027,ST001,EMP016,6,28,Bank Transfer,COMPLETED
TXN001702,2025-01-05,CUST0001,PROD0050,ST002,EMP007,8,1,Card,Cancelled
TXN000168,2025-01-25,CUST0064,PROD0001,ST005,EMP005,7,16,Card,Cancelled
TXN000262,2025-03-02,CUST0041,PROD0005,ST001,EMP006,3,23,Cash,Completed
TXN003865,2025-05-13,CUST0088,PROD0007,ST002,EMP007,4,4,Cash,Completed
TXN004783,2025-07-28,CUST0023,PROD0030,ST003,EMP018,4,1,Bank Transfer,Cancelled
TXN001631,2025-02-01,CUST0089,PROD0017,ST003,EMP018,2,6,Cash,Completed
TXN002676,2025-09-10,CUST0017,PROD0024,ST004,EMP009,8,14,eSewa,Completed
TXN000834,2025-09-11,CUST0024,PROD0002,ST001,EMP006,2,12,Bank Transfer,Cancelled
TXN001509,2025-12-03,CUST0041,PROD0015,ST001,EMP006,4,27,khalti,Completed
TXN003945,2025-12-26,CUST0053,PROD0002,ST004,EMP009,5,10,Khalti,Completed
TXN002211,2025-05-22,CUST0030,PROD0015,ST002,EMP012,8,19,Khalti,Completed
 TXN000256  ,2025-07-12,CUST0089,PROD0045,ST005,EMP005,1,6,Bank Transfer,Completed
TXN000344,2025-03-31,CUST0092,PROD0035,ST001,EMP006,3,10,Bank Transfer,Completed
TXN004453,2025-10-23,CUST0001,PROD0051,ST003,EMP003,8,10,Khalti,Completed
TXN003433,2025-08-31,CUST0016,PROD0047,ST003,EMP003,6,6,Card,Completed
TXN000749,2025-05-12,CUST0055,PROD0026,ST005,EMP010,2,3,Card,Returned
TXN002708,2025-10-04,CUST0068,PROD0035,ST002,EMP002,8,26,  eSewa,Completed
TXN003540,2025-12-07,CUST0044,PROD0005,ST003,EMP003,7,21,Khalti,Completed
TXN000903,2025-04-15,CUST0039,PROD0010,ST004,EMP004,2,21,Cash,Completed
TXN000055,2025-04-15,CUST0098,PROD0054,ST001,EMP016,6,27,Card,Cancelled
TXN001622,2025-10-23,CUST0096,PROD0028,ST002,EMP017,1,23,Bank Transfer,Completed
TXN003141,2025-12-06,CUST0016,PROD0025,ST003,EMP018,4,9,Cash,Completed
TXN000816,2025-05-24,CUST0054,PROD0004,ST004,EMP014,5,10,Khalti,Cancelled
TXN004723,2025-10-26,CUST0025,PROD0003,ST005,EMP005,2,23,Bank Transfer,Completed
TXN000532,2025-12-03,CUST0022,PROD0028,ST003,EMP018,1,30,Bank Transfer,Completed
TXN001384,,CUST0006,PROD0025,ST005,EMP020,6,30,Cash,Returned
TXN003711,2025-10-18,CUST0095,PROD0059,ST005,EMP010,1,28,eSewa,completed
TXN004320,2025-06-03,CUST0071,PROD0044,ST002,EMP017,7,28,Card,Completed
TXN004092,2025-05-29,CUST0095,PROD0048,ST002,EMP007,4,3,eSewa,Returned
TXN000110,2025-07-03,CUST0041,PROD0027,ST005,EMP015,4,27,Cash,Completed
TXN000935,2025-07-05,CUST0016,PROD0009,ST001,EMP011,1,3,Bank Transfer,Returned
TXN004793,2025-08-27,CUST0083,PROD0051,ST004,EMP009,5,1,eSewa,Completed
TXN002457,2025-12-31,CUST0082,PROD0014,ST004,EMP014,5,25,Khalti,Returned
TXN001998,2025-04-24,CUST0010,PROD0020,ST004,EMP004,4,19,Bank Transfer,Completed
TXN001131,2025-02-20,CUST0053,PROD0059,ST004,EMP004,3,1,Khalti,Completed
TXN004339,2025-07-10,CUST0042,PROD0018,ST002,EMP007,2,8,Cash,Completed
TXN004048,2025-05-02,CUST0010,PROD0012,ST005,EMP010,5,19,card,Completed
TXN001917,2025-10-05,CUST0031,PROD0013,ST001,EMP001,1,,CASh,Cancelled
TXN002013  ,2025-10-25,CUST0063,PROD0027,ST004,EMP004,7,0,Bank Transfer,Completed
TXN003483,2025-07-24,CUST0007,PROD0006,ST004,EMP014,8,19,Khalti,Completed
TXN000200,,CUST0070,PROD0053,ST005,EMP020,7,1,Bank Transfer,Completed
TXN000282,2025-01-16,CUST0009,PROD0010,ST002,EMP012,6,26,Card,Returned
TXN004424,2025-12-01,CUST0028,PROD0048,ST003,EMP008,4,25,Card,Completed
TXN001752,2025-04-26,CUST0056,PROD0057,ST003,EMP008,2,27,Card,Cancelled
TXN002240,2025-12-21,CUST0036,PROD0042,ST005,EMP015,7,7,Card,Completed
 TXN004404  ,2025-12-20,CUST0042,PROD0014,ST005,EMP020,6,23,Cash,Completed
TXN000329,2025-04-28,CUST0096,PROD0044,ST002,EMP007,2,23,Khalti,Completed
TXN004949,2025-06-04,CUST0096,PROD0024,ST004,EMP019,3,10,Khalti,Completed
TXN004953,2025-06-20,CUST0047,PROD0037,ST001,EMP001,5,23,Card,Completed
TXN001539,,CUST0032,PROD0055,ST004,EMP009,2,19,eSewa,Completed
TXN000860,2025-06-22,CUST0053,PROD0004,ST005,EMP020,3,13,CARD,Completed
TXN001522,2025-07-24,CUST0007,PROD0022,ST003,EMP018,4,19,Khalti,Completed
TXN003933 ,2025-08-21,CUST0015,PROD0003,ST002,EMP012,5,19,Bank Transfer,RETurneD
TXN003962,2025-03-02,CUST0044,PROD0040,ST001,EMP006,3,15,Card,Completed
TXN003469,2025-12-21,CUST0038,PROD0047,ST005,EMP005,1,8,Card,Completed
TXN002913,2025-09-13,CUST0029,PROD0041,ST005,EMP010,1,16,Card,Cancelled
TXN000244,2025-12-03,CUST0071,PROD0026,ST001,EMP006,3,29,eSewa,Completed
TXN003276,2025-12-07,CUST0012,PROD0041,ST005,EMP015,6,14,Bank Transfer,Completed
TXN003408,2025-01-28,CUST0059,PROD0022,ST005,EMP015,3,28,Bank Transfer,Returned
TXN000420,2025-05-14,CUST0007,PROD0002,ST003,EMP018,6,27,Bank Transfer,Completed
TXN000458,2025-02-03,CUST0041,PROD0057,ST003,EMP013,3,1,eSewa,Returned
TXN004882,2025-03-10,CUST0003,PROD0009,ST004,EMP004,1,10,Bank Transfer,Completed
TXN000844,2025-07-17,CUST0004,PROD0004,ST003,EMP018,4,26,Khalti,Cancelled
TXN004527,2025-04-29,CUST0096,PROD0033,ST004,EMP009,1,26,Khalti,CompLeted
TXN003031,2025-08-25,CUST0078,PROD0021,ST004,EMP014,3,13,Card,Completed
TXN002984,2025-12-20,CUST0054,PROD0046,ST001,EMP001,6,1,eSewa,Returned
TXN002654,2025-02-04,CUST0033,PROD0038,ST002,EMP017,3,24,eSewa,COMPLETED
TXN001949,2025-10-03,CUST0068,PROD0033,ST002,EMP017,4,28,Khalti,Cancelled
TXN000239,2025-04-08,CUST0085,PROD0035,ST003,EMP003,8,9,eSewa,Completed
TXN002837,2025-09-15,CUST0072,PROD0048,ST005,EMP010,8,15,Card,Completed
TXN000669,2025-03-12,CUST0063,PROD0018,ST005,EMP020,4,3,eSewa,Cancelled
TXN003268,2025-05-20,CUST0022,PROD0054,ST005,EMP020,4,23,Card,Returned
TXN002899,2025-08-13,CUST0026,PROD0027,ST004,EMP014,2,27,Cash,Completed
TXN003267,2025-07-03,CUST0034,PROD0032,ST004,EMP009,4,22,Cash,Completed
TXN004310,2025-06-01,CUST0006,PROD0013,ST002,EMP007,8,8,Cash,Returned
TXN002759,2025-11-06,CUST0053,PROD0033,ST003,EMP013,1,12,Khalti,Completed
TXN002830,2025-07-10,CUST0046,PROD0012,ST003,EMP013,1,18,ESEWA,Returned
  TXN003294 ,2025-11-08,CUST0080,PROD0025,ST001,EMP001,5,6,eSewa,Returned
TXN000702,2025-06-30,CUST0100,PROD0046,ST003,EMP003,2,11,Bank Transfer,Completed
TXN000989,2025-07-14,CUST0086,PROD0009,ST005,EMP010,3,2, Bank Transfer ,Completed
TXN000210,2025-02-04,CUST0004,PROD0031,ST004,EMP019,7,21,Card,Completed
TXN003420,2025-08-30,CUST0066,PROD0030,ST005,EMP010,2,21,Bank Transfer,Completed
TXN003109,2025-02-03,CUST0085,PROD0027,ST004,EMP014,1,11,Card,Completed
TXN000069,2025-06-20,CUST0039,PROD0001,ST005,EMP005,7,10,Khalti,Cancelled
TXN002636,2025-05-03,CUST0048,PROD0027,ST005,EMP015,2,24,Cash,Completed
TXN003363,2025-03-10,CUST0066,PROD0006,ST003,EMP003,1,18,Cash,Returned
TXN004373,2025-08-21,CUST0017,PROD0025,ST002,EMP002,2,16,eSewa,Completed
TXN003123,2025-08-01,CUST0085,PROD0056,ST004,EMP004,7,4,Cash,Completed
TXN004692,2025-02-05,CUST0011,PROD0026,ST001,EMP001,3,10,Khalti,Returned
TXN003008,2025-07-22,CUST0085,PROD0009,ST003,EMP008,8,29,Bank Transfer,completed
TXN001475,2025-08-16,CUST0005,PROD0015,ST001,EMP011,5,7, Card ,Completed
TXN003959,2025-02-04,CUST0072,PROD0019,ST004,EMP004,-3,8,Bank Transfer,Cancelled
TXN001630,2025-04-21,CUST0030,PROD0018,ST003,EMP008,8,15,Card,Cancelled
TXN001376,2025-07-27,CUST0022,PROD0052,ST003,EMP003,5,28,Khalti,Completed
TXN001214,2025-04-06,CUST0058,PROD0021,ST003,EMP018,2,24,Khalti,COMPLETED
TXN004244  ,2025-06-24,CUST0076,PROD0047,ST005,EMP020,4,18,Card,Completed
TXN002314  ,2025-10-02,CUST0084,PROD0036,ST001,EMP011,4,18,Khalti,Completed
TXN000736,2025-06-03,CUST0004,PROD0011,ST004,EMP019,4,4,Card,Cancelled
TXN000277,2025-06-12,CUST0091,PROD0019,ST005,EMP020,5,11,Card,Returned
TXN001089,2025-06-19,CUST0052,PROD0011,ST002,EMP012,7,27,Bank Transfer,Returned
TXN004773,2025-04-07,CUST0050,PROD0009,ST001,EMP011,5,13,Bank Transfer,Completed
TXN003668,2025-11-02,CUST0073,PROD0014,ST005,EMP020,7,10,Bank Transfer,Completed
TXN004544,2025-09-18,CUST0048,PROD0042,ST002,EMP007,6,5,Cash,Completed
TXN001662,2025-03-13,CUST0036,PROD0002,ST002,EMP002,7,22,Bank Transfer,Returned
TXN002833,2025-07-14,CUST0033,PROD0059,ST002,EMP017,7,20,Bank Transfer,Returned
TXN003588,2025-08-12,CUST0033,PROD0021,ST004,EMP009,6,3,eSewa,Cancelled
TXN002230,2025-03-22,CUST0088,PROD0029,ST002,EMP012,8,21,eSewa,Completed
TXN002281,2025-02-02,CUST0007,PROD0025,ST004,EMP009,4,9,Bank Transfer,Completed
TXN001094,2025-10-28,CUST0068,PROD0040,ST002,EMP017,8,22,Card,Completed
TXN003805,2025-06-01,CUST0082,PROD0006,ST004,EMP004,2,22,eSewa,Completed
TXN001330,2025-07-21,CUST0008,PROD0001,ST005,EMP020,3,29,Cash,Cancelled
TXN002437,2025-11-11,CUST0006,PROD0045,ST003,EMP013,2,13,Card,Completed
TXN002813,2025-04-17,CUST0070,PROD0008,ST003,EMP008,8,8,Khalti,Completed
TXN004921,2025-07-06,CUST0088,PROD0013,ST005,EMP020,2,16,Khalti,Completed
TXN002121,2025-09-20,CUST0005,PROD0008,ST003,EMP013,-5,23,eSewa,Completed
TXN004456,2025-12-28,CUST0043,PROD0051,ST005,EMP020,7,9,eSewa,Completed
TXN001969,2025-02-05,CUST0011,PROD0018,ST004,EMP009,2,27,Bank Transfer,cancelled
TXN002700,2025-12-23,CUST0051,PROD0029,ST003,EMP018,1,18,Bank Transfer,Cancelled
TXN002255,2025-06-04,CUST0017,PROD0052,ST002,EMP017,2,7,Cash,Completed
TXN004754,2025-02-20,CUST0064,PROD0045,ST003,EMP018,6,26,eSewa,Completed
TXN003507,2025-02-21,CUST0095,PROD0015,ST004,EMP014,2,1,Khalti,Completed
TXN004985,2025-07-09,CUST0093,PROD0060,ST001,EMP001,4,14,Cash,Completed
TXN004515,2025-05-03,CUST0052,PROD0012,ST001,EMP011,5,30,Khalti,Completed
TXN001251,2025-12-14,CUST0029,PROD0058,ST003,EMP018,3,15,Khalti,Cancelled
TXN002359,2025-01-06,CUST0074,PROD0031,ST005,EMP020,4,8,Card,Cancelled
TXN001336,2025-08-31,CUST0055,PROD0060,ST001,EMP006,3,11,Card,Completed
TXN002681,2025-08-16,CUST0038,PROD0027,ST004,EMP019,8,16,Bank Transfer,Returned
TXN001778,2025-04-22,CUST0077,PROD0020,ST004,EMP014,8,2,Bank Transfer,Completed
  TXN000560 ,2025-07-16,CUST0022,PROD0029,ST003,EMP003,7,5,Cash,Completed
TXN003240,2025-01-14,CUST0008,PROD0030,ST001,EMP006,4,0,Cash,Completed
TXN003600,2025-12-27,CUST0073,PROD0054,ST005,EMP005,4,22,Bank Transfer,Cancelled
TXN001670,2025-09-13,CUST0011,PROD0043,ST004,EMP004,7,10,Cash,Completed
TXN000406,2025-03-25,CUST0012,PROD0002,ST003,EMP013,7,24,Card,Completed
TXN003832,2025-01-26,CUST0063,PROD0007,ST004,EMP004,7,12,Cash,Returned
TXN000900,2025-04-21,CUST0066,PROD0002,ST002,EMP007,3,30,Khalti,Cancelled
  TXN004328  ,2025-04-13,CUST0086,PROD0028,ST003,EMP003,5,2,eSewa,Completed
TXN000434,2025-08-22,CUST0068,PROD0008,ST002,EMP017,8,17,eSewa,Completed
TXN002567,2025-07-16,CUST0097,PROD0038,ST002,EMP012,1,9,Cash,completed
TXN003411,2025-04-03,CUST0027,PROD0045,ST002,EMP007,3,13,Khalti,Returned
TXN000908,2025-08-10,CUST0087,PROD0035,ST001,EMP016,2,10,eSewa,Cancelled
TXN003734,2025-08-03,CUST0064,PROD0032,ST001,EMP006,1,16,Bank Transfer,Cancelled
TXN004525,2025-01-09,CUST0030,PROD0033,ST004,EMP009,3,9,eSewa,Cancelled
TXN000252,2025-04-12,CUST0098,PROD0009,ST005,EMP005,8,17,Bank Transfer,Cancelled
TXN003800,2025-12-06,CUST0054,PROD0009,ST001,EMP001,2,24,eSewa,Completed
TXN000969,2025-07-03,CUST0089,PROD0031,ST001,EMP006,5,12,Khalti,Completed
TXN002615,2025-03-28,CUST0047,PROD0003,ST001,EMP006,8,4,Card,Returned
TXN001646,2025-10-02,CUST0098,PROD0007,ST004,EMP009,-3,6,Bank Transfer,Cancelled
TXN000585,2025-10-28,CUST0076,PROD0051,ST001,EMP001,1,14,Cash,Cancelled
TXN000983,2025-03-04,CUST0015,PROD0049,ST001,EMP006,8,19,eSewa,Completed
TXN003888,2025-07-05,CUST0016,PROD0058,ST002,EMP017,7,2,eSewa,Returned
TXN002016,2025-06-24,CUST0064,PROD0026,ST005,EMP010,4,3,Cash,Completed
TXN001684,2025-12-15,CUST0012,PROD0019,ST005,EMP005,3,20,Card,Cancelled
TXN003137,2025-11-09,CUST0099,PROD0009,ST001,EMP006,7,24,Cash,Completed
TXN003966,2025-07-02,CUST0037,PROD0041,ST003,EMP003,5,5, Bank Transfer  ,Completed
TXN002578,2025-01-08,CUST0077,PROD0020,ST002,EMP012,5,2,Card,Completed
TXN002909,2025-08-05,CUST0042,PROD0033,ST003,EMP013,2,5,eSewa,Completed
TXN003796,2025-05-25,CUST0031,PROD0018,ST004,EMP019,2,13,Khalti,Returned
TXN003076,2025-08-06,CUST0067,PROD0050,ST001,EMP001,4,30,eSewa,Completed
TXN002089,2025-11-23,CUST0047,PROD0051,ST003,EMP003,5,7,Bank Transfer,Completed
TXN001236,2025-11-22,CUST0093,PROD0050,ST004,EMP009,6,7,Khalti,Completed
TXN004841,2025-10-28,CUST0092,PROD0017,ST005,EMP005,7,30,Cash,Completed
TXN000681,2025-09-28,CUST0094,PROD0008,ST003,EMP018,1,16,Khalti,Completed
TXN000428,2025-11-30,CUST0070,PROD0040,ST002,EMP007,8,25,Khalti,Completed
TXN003804,2025-12-09,CUST0067,PROD0056,ST003,EMP003,1,3,Bank Transfer,RETURNED
TXN001400,2025-11-23,CUST0015,PROD0010,ST005,EMP005,7,24,eSewa,Completed
TXN001524,2025-08-16,CUST0082,PROD0058,ST005,EMP005,2,26,Bank Transfer,Returned
TXN003701,2025-06-08,CUST0048,PROD0029,ST001,EMP011,8,25,Card,Returned
TXN004950,2025-07-18,CUST0051,PROD0029,ST001,EMP006,6,30,Bank Transfer,Completed
TXN004857,2025-05-05,CUST0067,PROD0052,ST004,EMP014,4,29,eSewa,Completed
TXN003022,2025-10-06,CUST0004,PROD0049,ST004,EMP004,3,21,eSewa,Completed
TXN003611,2025-07-20,CUST0083,PROD0007,ST005,EMP020,2,17,Bank Transfer,Completed
TXN004004,2025-04-22,CUST0062,PROD0030,ST005,EMP010,1,13,eSewa,Returned
TXN001287,2025-06-14,CUST0083,PROD0041,ST001,EMP016,5,26,Bank Transfer,Completed
  TXN004268,2025-05-08,CUST0087,PROD0025,ST004,EMP019,8,21,Cash,Completed
  TXN002246  ,2025-06-02,CUST0083,PROD0038,ST005,EMP020,2,29,Card,Completed
TXN004153,2025-07-01,CUST0089,PROD0054,ST001,EMP011,1,8,Bank Transfer,Returned
TXN002717,2025-03-14,CUST0057,PROD0041,ST003,EMP008,4,14,eSewa,Completed
TXN004070,2025-10-08,CUST0038,PROD0019,ST003,EMP018,8,13,Bank Transfer,Returned
TXN001068,2025-09-21,CUST0070,PROD0016,ST003,EMP008,3,13,  Cash  ,Completed
TXN004678,2025-01-17,CUST0082,PROD0040,ST005,EMP005,7,2,Card,Completed
TXN000698,2025-05-28,CUST0029,PROD0008,ST004,EMP004,7,21,Khalti,Completed
TXN004392,2025-11-24,CUST0046,PROD0058,ST003,EMP013,3,2,eSewa,Completed
TXN000146,2025-07-15,CUST0065,PROD0008,ST002,EMP007,5,4,Card,Completed
TXN002485,2025-06-15,CUST0086,PROD0022,ST002,EMP002,-6,10,Card,Returned
TXN004668 ,2025-10-18,CUST0073,PROD0057,ST002,EMP017,1,19,Khalti,Completed
TXN002026,2025-05-05,CUST0074,PROD0030,ST003,EMP008,1,0,Cash,Completed
TXN003575,2025-11-12,CUST0077,PROD0059,ST001,EMP006,6,4,Card,Completed
TXN003237,2025-06-23,CUST0036,PROD0013,ST002,EMP002,4,26,Khalti,Completed
TXN003679,2025-11-17,CUST0089,PROD0044,ST004,EMP004,3,4,CARD,Completed
TXN003025,NaT,CUST0056,PROD0008,ST002,EMP017,6,3,eSewa,Completed
TXN002821,2025-06-14,CUST0062,PROD0016,ST004,EMP009,1,26,Card,rEtUrNed
TXN002194,2025-11-19,CUST0064,PROD0009,ST005,EMP010,7,21,Khalti,Returned
TXN003680,2025-07-03,CUST0074,PROD0035,ST003,EMP008,2,7,Bank Transfer,Returned
TXN001600,2025-07-22,CUST0009,PROD0030,ST002,EMP012,6,27,Khalti,Completed
TXN002505,2025-11-15,CUST0042,PROD0014,ST002,EMP007,8,25,Cash,completed
TXN000320,2025-01-22,CUST0044,PROD0004,ST002,EMP002,7,21,Bank Transfer,Completed
TXN003086,2025-01-13,CUST0065,PROD0011,ST004,EMP009,3,27,KhalTI,Completed
TXN001939,2025-04-30,CUST0032,PROD0002,ST003,EMP008,5,26,Card,Completed
TXN000528,2025-07-23,CUST0032,PROD0003,ST003,EMP013,8,5,Khalti,Cancelled
TXN004143,2025-05-24,CUST0025,PROD0056,ST005,EMP015,4,14,Bank Transfer,Completed
TXN002431,2025-11-07,CUST0047,PROD0045,ST003,EMP018,3,25,Card,Cancelled
TXN001391,2025-01-10,CUST0081,PROD0021,ST001,EMP006,5,3,Cash,Completed
TXN001305,2025-02-27,CUST0099,PROD0056,ST004,EMP019,2,4,Khalti,Returned
TXN001973,2025-11-11,CUST0051,PROD0048,ST003,EMP008,5,12,esewa,COMPLETED
TXN000430,2025-02-26,CUST0093,PROD0028,ST005,EMP010,1,16,eSeWA,Completed
TXN003999,2025-08-26,CUST0020,PROD0011,ST005,EMP010,8,10,eSewa,Cancelled
TXN001508,2025-09-03,CUST0056,PROD0037,ST002,EMP017,3,23,eSewa,Completed
TXN004559,2025-10-29,CUST0080,PROD0009,ST001,EMP006,3,1,Cash,Completed
TXN004229,2025-07-11,CUST0068,PROD0051,ST005,EMP015,4,19,Cash,Completed
TXN004596,2025-03-23,CUST0095,PROD0055,ST004,EMP019,8,14,Cash,Completed
TXN004423,2025-02-06,CUST0066,PROD0022,ST001,EMP006,5,12,Card,Completed
TXN000679,2025-03-18,CUST0021,PROD0024,ST001,EMP001,1,10,Bank Transfer,Cancelled
TXN000621,2025-04-25,CUST0048,PROD0040,ST004,EMP004,1,10,Khalti,Completed
TXN002871,2025-09-14,CUST0034,PROD0043,ST004,EMP019,7,24,Khalti,Completed
TXN000917,2025-05-04,CUST0059,PROD0025,ST004,EMP004,8,24,Khalti,Completed
TXN004013,2025-02-01,CUST0073,PROD0049,ST005,EMP020,6,25,Card,Completed
TXN003518,2025-06-28,CUST0088,PROD0057,ST001,EMP011,2,25,eSewa,Returned
TXN002401,2025-02-04,CUST0063,PROD0029,ST001,EMP001,5,8,Bank Transfer,Completed
TXN000843,2025-09-28,CUST0099,PROD0044,ST005,EMP010,1,28,Bank Transfer,Cancelled
TXN000303,2025-08-04,CUST0061,PROD0037,ST002,EMP017,6,9,Card,Completed
TXN003079,2025-07-15,CUST0079,PROD0008,ST003,EMP008,1,17,Cash,Completed
TXN001742,2025-08-24,CUST0052,PROD0023,ST001,EMP006,5,21,Khalti,Completed
TXN001573,2025-12-15,CUST0028,PROD0043,ST004,EMP019,2,16,Cash,Completed
TXN004510,2025-06-03,CUST0093,PROD0055,ST004,EMP009,4,6,Bank Transfer,Returned
TXN000114,2025-08-25,CUST0043,PROD0008,ST003,EMP003,1,26,KHaLTI,Completed
TXN001799,2025-11-06,CUST0032,PROD0037,ST001,EMP001,7,19,Cash,completed
TXN002809,2025-03-29,CUST0092,PROD0047,ST005,EMP010,4,5,Card,Completed
TXN000008,2025-05-27,CUST0005,PROD0049,ST004,EMP009,6,20,eSewa,Completed
TXN002616,2025-05-12,CUST0062,PROD0042,ST003,EMP008,4,4,Bank Transfer,COMPLETED
TXN003625,2025-04-01,CUST0030,PROD0014,ST001,EMP016,8,22,Card,Completed
TXN001941,2025-03-09,CUST0007,PROD0009,ST003,EMP013,6,22,Cash,Completed
TXN004461,2025-02-25,CUST0030,PROD0041,ST001,EMP011,3,,Card,Completed
TXN001899,2025-10-30,CUST0098,PROD0041,ST003,EMP008,6,17,eSewa,Completed
TXN002433,2025-02-10,CUST0031,PROD0016,ST004,EMP019,2,16,esewa,Cancelled
TXN000704,2025-04-28,CUST0021,PROD0019,ST002,EMP002,4,26,Khalti,Cancelled
TXN004879,2025-01-26,CUST0084,PROD0011,ST002,EMP012,5,9,Card,Completed
TXN002472,2025-02-04,CUST0035,PROD0031,ST002,EMP007,3,6,Khalti,Completed
TXN003941,2025-12-09,CUST0006,PROD0007,ST003,EMP003,3,10,eSewa,Completed
TXN001418,2025-10-09,CUST0049,PROD0031,ST003,EMP003,7,25,Card,Completed
TXN001986,2025-10-01,CUST0052,PROD0014,ST005,EMP010,8,21,eSewa,Completed
TXN000207,2025-07-24,CUST0021,PROD0006,ST001,EMP001,6,6,Bank Transfer,Completed
TXN004104,2025-10-13,CUST0060,PROD0030,ST002,EMP012,1,18,Card,Completed
TXN003178,2025-05-14,CUST0095,PROD0016,ST001,EMP006,6,5,eSewa,Cancelled
TXN003635,2025-09-19,CUST0010,PROD0020,ST001,EMP006,4,21,eSewa,Completed
TXN001719,2025-12-12,CUST0088,PROD0036,ST002,EMP012,-4,15,Card,Returned
TXN003067,2025-08-11,CUST0078,PROD0046,ST005,EMP010,7,22,Cash,Returned
TXN003532,2025-11-06,CUST0014,PROD0040,ST003,EMP018,3,3,  Bank Transfer,Completed
TXN000554,2025-02-01,CUST0029,PROD0022,ST003,EMP008,7,8,eSewa,Completed
TXN002826,2025-01-18,CUST0081,PROD0006,ST004,EMP009,6,12,Khalti,Completed
TXN003956,2025-04-06,CUST0008,PROD0003,ST005,EMP005,1,5,Bank Transfer,Cancelled
TXN003173,2025-04-16,CUST0061,PROD0017,ST004,EMP009,5,30,Bank Transfer,Returned
 TXN003457,2025-12-07,CUST0085,PROD0034,ST001,EMP001,8,8,Khalti,Returned
TXN004410,2025-06-29,CUST0092,PROD0019,ST003,EMP003,2,27,Bank Transfer,Completed
TXN002003,2025-04-22,CUST0051,PROD0060,ST002,EMP007,7,30,Khalti,Completed
TXN004015,2025-06-04,CUST0045,PROD0002,ST002,EMP007,5,17,Cash,Completed
TXN003556,2025-12-13,CUST0023,PROD0018,ST001,EMP001,8,8,Card,Completed
TXN004627,2025-11-23,CUST0080,PROD0041,ST003,EMP008,8,10,Card,Completed
TXN000347,2025-03-13,CUST0094,PROD0031,ST004,EMP004,2,26,Card,Completed
TXN001237,2025-02-02,CUST0100,PROD0033,ST005,EMP020,7,2,Card,complETEd
TXN003980,2025-07-22,CUST0010,PROD0038,ST001,EMP016,7,9,Card,Returned
TXN002436,2025-04-15,CUST0056,PROD0057,ST005,EMP020,6,13,eSewa,Completed
TXN001741,2025-06-19,CUST0029,PROD0049,ST003,EMP008,4,28,Cash,Completed
TXN000599,2025-04-08,CUST0028,PROD0023,ST003,EMP013,1,9,eSewa,Returned
TXN000038,2025-07-25,CUST0055,PROD0033,ST003,EMP013,2,10,Card,Completed
TXN004184,2025-07-28,CUST0094,PROD0026,ST001,EMP001,1,18,eSewa,Returned
TXN004923,2025-02-07,CUST0051,PROD0013,ST004,EMP004,1,1,Cash,Completed
TXN003670,2025-06-21,CUST0002,PROD0057,ST002,EMP007,1,15,Cash,Completed
TXN004971,2025-04-07,CUST0042,PROD0048,ST003,EMP003,7,4,Cash,Completed
TXN001371,2025-02-08,CUST0096,PROD0033,ST002,EMP002,7,0,eSewa,Completed
TXN000242,2025-02-06,CUST0079,PROD0018,ST002,EMP002,5,16,Cash,Completed
TXN004250,2025-02-24,CUST0081,PROD0037,ST001,EMP016,2,17, Bank Transfer,Completed
TXN001206,2025-11-11,CUST0010,PROD0035,ST003,EMP003,2,10,Bank Transfer,Returned
TXN001190,2025-06-29,CUST0001,PROD0031,ST002,EMP012,1,0,Bank Transfer,Completed
TXN001640,2025-05-10,CUST0050,PROD0005,ST001,EMP006,6,5,Khalti,Cancelled
TXN003517,2025-02-14,CUST0081,PROD0012,ST004,EMP019,6,7,Bank Transfer,Completed
TXN001821,2025-01-09,CUST0044,PROD0039,ST003,EMP013,2,7,Card,Completed
TXN004801,2025-03-17,CUST0087,PROD0007,ST002,EMP007,4,13,eSewa,Completed
TXN001240,2025-06-08,CUST0039,PROD0050,ST004,EMP004,4,18,Khalti,Completed
TXN000714,2025-03-11,CUST0096,PROD0047,ST001,EMP011,3,0,  eSewa,Completed
TXN004741,2025-05-08,CUST0066,PROD0053,ST003,EMP013,8,19,Bank Transfer,Completed
TXN004719,2025-04-24,CUST0047,PROD0029,ST002,EMP012,2,4,Khalti,Completed
TXN002094,2025-01-20,CUST0071,PROD0050,ST001,EMP011,1,6,Card,Completed
TXN000426,2025-03-26,CUST0011,PROD0022,ST003,EMP003,7,21,Card,Returned
TXN003441,,CUST0017,PROD0018,ST004,EMP004,7,20,eSewa,Cancelled
  TXN002153  ,2025-06-22,CUST0064,PROD0044,ST003,EMP008,4,7,Khalti,Cancelled
TXN001014,2025-09-29,CUST0092,PROD0036,ST002,EMP017,6,19,Bank Transfer,Cancelled
TXN004252,2025-10-23,CUST0005,PROD0038,ST002,EMP007,8,10,eSewa,Completed
TXN000596,2025-03-24,CUST0061,PROD0035,ST001,EMP016,7,12,Cash,Returned
 TXN002282 ,2025-06-16,CUST0075,PROD0025,ST001,EMP011,8,21,eSewa,Completed
TXN003335,2025-03-02,CUST0074,PROD0016,ST002,EMP002,6,19,Card,Completed
TXN000719,2025-06-17,CUST0057,PROD0028,ST002,EMP017,5,17,Khalti,Completed
TXN003964,2025-08-16,CUST0067,PROD0013,ST001,EMP016,6,17,Cash,Completed
TXN003787,2025-02-16,CUST0008,PROD0002,ST001,EMP001,4,21,Card,Cancelled
TXN003489,2025-03-22,CUST0050,PROD0021,ST005,EMP020,5,22,Cash,Returned
TXN004565,2025-11-11,CUST0093,PROD0042,ST001,EMP006,2,22,Khalti,Completed
TXN000571,2025-07-04,CUST0010,PROD0040,ST002,EMP012,2,5,Khalti,Returned
TXN003336,2025-02-28,CUST0073,PROD0025,ST003,EMP013,6,8,eSewa,Completed
TXN002371,2025-01-20,CUST0014,PROD0049,ST005,EMP005,8,0,eSewa,Completed
TXN004869,2025-07-30,CUST0021,PROD0050,ST001,EMP016,6,20,eSewa,Completed
TXN000475,2025-12-16,CUST0039,PROD0048,ST004,EMP009,5,4,bank transfer,Completed
TXN004001,2025-08-06,CUST0098,PROD0055,ST001,EMP006,7,11,Card,Completed
TXN003220,2025-11-12,CUST0033,PROD0014,ST004,EMP004,4,3,khalti,Completed
TXN001293,2025-01-10,CUST0038,PROD0020,ST005,EMP010,5,16,Bank Transfer,returned
TXN000302,2025-12-09,CUST0081,PROD0048,ST001,EMP016,2,18,eSewa,Returned
TXN004173,2025-05-07,CUST0008,PROD0017,ST003,EMP013,1,5, eSewa  ,Completed
TXN001944,2025-12-19,CUST0045,PROD0046,ST001,EMP001,5,24,Cash,Returned
 TXN001515,2025-12-09,CUST0092,PROD0052,ST004,EMP009,6,29,Khalti,Completed
TXN003114,2025-11-08,CUST0006,PROD0004,ST004,EMP004,1,19,BANK TRANSFER,Cancelled
TXN003801,2025-05-27,CUST0001,PROD0041,ST005,EMP015,7,14,Card,Completed
TXN002493,2025-05-18,CUST0075,PROD0056,ST003,EMP003,7,1,Bank Transfer,Completed
TXN000938,2025-02-18,CUST0035,PROD0052,ST005,EMP020,4,14,  Bank Transfer ,Completed
TXN002095,2025-03-26,CUST0082,PROD0042,ST005,EMP005,8,12,eSewa,Returned
TXN004131,2025-06-09,CUST0024,PROD0010,ST001,EMP011,2,10,Khalti,Completed
 TXN000921  ,2025-12-24,CUST0057,PROD0032,ST001,EMP001,7,22,eSewa,Cancelled
TXN004524,2025-01-28,CUST0068,PROD0009,ST003,EMP013,1,0,Card,Returned
TXN004035,2025-06-03,CUST0007,PROD0039,ST002,EMP007,8,13,Khalti,Completed
TXN004506,2025-12-20,CUST0008,PROD0026,ST003,EMP013,3,30,Bank Transfer,Completed
TXN001186,2025-05-16,CUST0091,PROD0057,ST002,EMP002,6,26,Bank Transfer,Completed
TXN003813,2025-05-03,CUST0013,PROD0025,ST005,EMP020,3,25,Khalti,Completed
TXN001329,2025-04-29,CUST0013,PROD0055,ST001,EMP006,4,2,Card,Completed
TXN003747,2025-10-24,CUST0018,PROD0044,ST004,EMP009,3,21,Bank Transfer,Completed
TXN002981,2025-02-21,CUST0062,PROD0026,ST001,EMP011,6,19,Bank Transfer,Completed
TXN003568,2025-03-25,CUST0003,PROD0017,ST002,EMP012,7,22,eSewa,Cancelled
TXN004883,2025-01-07,CUST0067,PROD0049,ST001,EMP016,3,19, Card,Completed
TXN002791,2025-11-02,CUST0052,PROD0004,ST004,EMP009,6,19,Card,Completed
TXN002595,2025-06-26,CUST0004,PROD0014,ST001,EMP016,5,24,Card,Completed
  TXN001951  ,2025-03-24,CUST0098,PROD0036,ST003,EMP013,7,0,Khalti,Completed
TXN000776,2025-06-24,CUST0034,PROD0056,ST005,EMP010,5,20,Khalti,Completed
TXN004804,2025-11-11,CUST0031,PROD0050,ST005,EMP005,4,18,eSewa,Completed
TXN004482,2025-07-05,CUST0089,PROD0010,ST001,EMP011,7,0,Card,Completed
TXN000672,2025-01-15,CUST0097,PROD0038,ST004,EMP009,6,27,Khalti,Cancelled
TXN003581,2025-10-29,CUST0004,PROD0038,ST001,EMP001,7,22,Bank Transfer,Completed
TXN001736,2025-11-09,CUST0099,PROD0057,ST001,EMP006,4,9,Card,Cancelled
TXN001978,2025-08-05,CUST0057,PROD0007,ST003,EMP003,1,0,Card,Completed
